Contract Name,Type,Put/Call,Status,Maturity (Day),Maturity (BDay),Maturity (Year),Contract Size,Strike,Last Price,Open Price,High Price,Low Price,Close Price,Open Interest,Volume,Turnover,Implied Vol,Premium,Delta,Gamma,Vega,Theta,Rho
US.IBM210625C90000,AMERICAN,Call,EXPIRED,-1,0,0.0,100.0,90.0,53.69,53.69,0.0,0.0,53.69,0,0,0.0,0.0,-2.145,0.0,0.0,0.0,0.0,0.0
US.IBM210625C95000,AMERICAN,Call,EXPIRED,-1,0,0.0,100.0,95.0,49.91,49.91,0.0,0.0,49.91,0,0,0.0,0.0,-1.314,0.0,0.0,0.0,0.0,0.0
US.IBM210625C100000,AMERICAN,Call,EXPIRED,-1,0,0.0,100.0,100.0,0.0,0.0,0.0,0.0,0.0,0,0,0.0,285.644,-31.898,0.995,0.0,0.001,-0.148,0.002
US.IBM210625C105000,AMERICAN,Call,EXPIRED,-1,0,0.0,100.0,105.0,0.0,0.0,0.0,0.0,0.0,0,0,0.0,0.0,-28.493,0.0,0.0,0.0,0.0,0.0
US.IBM210625C110000,AMERICAN,Call,EXPIRED,-1,0,0.0,100.0,110.0,0.0,0.0,0.0,0.0,0.0,0,0,0.0,193.176,-25.088,0.997,0.0,0.0,-0.049,0.003
US.IBM210625C115000,AMERICAN,Call,EXPIRED,-1,0,0.0,100.0,115.0,0.0,0.0,0.0,0.0,0.0,0,0,0.0,221.748,-21.683,0.983,0.002,0.003,-0.35,0.003
US.IBM210625C120000,AMERICAN,Call,EXPIRED,-1,0,0.0,100.0,120.0,25.95,25.95,25.95,25.95,25.4,3,1,2595.0,160.217,-0.606,0.991,0.001,0.001,-0.134,0.003
US.IBM210625C125000,AMERICAN,Call,EXPIRED,-1,0,0.0,100.0,125.0,0.0,0.0,0.0,0.0,0.0,0,0,0.0,148.735,-14.873,0.98,0.004,0.003,-0.264,0.003
US.IBM210625C129000,AMERICAN,Call,EXPIRED,-1,0,0.0,100.0,129.0,21.45,21.45,0.0,0.0,21.45,2,0,0.0,137.825,2.458,0.963,0.007,0.006,-0.412,0.003
US.IBM210625C130000,AMERICAN,Call,EXPIRED,-1,0,0.0,100.0,130.0,17.41,17.41,0.0,0.0,17.41,2,0,0.0,117.225,0.388,0.975,0.006,0.004,-0.249,0.003
US.IBM210625C131000,AMERICAN,Call,EXPIRED,-1,0,0.0,100.0,131.0,0.0,0.0,0.0,0.0,0.0,0,0,0.0,110.969,-10.787,0.974,0.006,0.004,-0.246,0.003
US.IBM210625C132000,AMERICAN,Call,EXPIRED,-1,0,0.0,100.0,132.0,13.67,13.67,0.0,0.0,13.67,1,0,0.0,113.639,-0.796,0.962,0.009,0.006,-0.346,0.003
US.IBM210625C133000,AMERICAN,Call,EXPIRED,-1,0,0.0,100.0,133.0,0.0,0.0,0.0,0.0,0.0,0,0,0.0,92.964,-9.425,0.978,0.007,0.004,-0.182,0.003
US.IBM210625C134000,AMERICAN,Call,EXPIRED,-1,0,0.0,100.0,134.0,0.0,0.0,0.0,0.0,0.0,0,0,0.0,92.163,-8.744,0.97,0.009,0.005,-0.234,0.003
US.IBM210625C135000,AMERICAN,Call,EXPIRED,-1,0,0.0,100.0,135.0,16.2,16.2,0.0,0.0,16.2,6,0,0.0,90.026,2.969,0.961,0.011,0.006,-0.281,0.003
US.IBM210625C136000,AMERICAN,Call,EXPIRED,-1,0,0.0,100.0,136.0,0.0,0.0,0.0,0.0,0.0,0,0,0.0,86.936,-7.382,0.952,0.014,0.007,-0.321,0.003
US.IBM210625C137000,AMERICAN,Call,EXPIRED,-1,0,0.0,100.0,137.0,7.1,7.1,0.0,0.0,7.1,1,0,0.0,68.893,-1.865,0.971,0.012,0.005,-0.168,0.003
US.IBM210625C138000,AMERICAN,Call,EXPIRED,-1,0,0.0,100.0,138.0,6.15,6.15,0.0,0.0,6.15,2,0,0.0,66.909,-1.831,0.96,0.016,0.006,-0.215,0.003
US.IBM210625C139000,AMERICAN,Call,EXPIRED,-1,0,0.0,100.0,139.0,5.9,5.9,0.0,0.0,5.9,1,0,0.0,43.411,-1.321,0.991,0.006,0.001,-0.038,0.003
US.IBM210625C140000,AMERICAN,Call,EXPIRED,-1,0,0.0,100.0,140.0,5.25,5.25,0.0,0.0,5.25,31,0,0.0,59.661,-1.082,0.934,0.027,0.009,-0.285,0.003
US.IBM210625C141000,AMERICAN,Call,EXPIRED,-1,0,0.0,100.0,141.0,5.0,4.95,5.0,4.95,4.8,192,60,29800.0,0.0,-0.572,0.0,0.0,0.0,0.0,0.0
US.IBM210625C142000,AMERICAN,Call,EXPIRED,-1,0,0.0,100.0,142.0,4.11,3.7,4.11,3.7,4.05,43,6,2425.0,0.0,-0.497,0.0,0.0,0.0,0.0,0.0
US.IBM210625C143000,AMERICAN,Call,EXPIRED,-1,0,0.0,100.0,143.0,3.0,2.04,3.1,2.04,1.99,205,21,5876.0,0.0,-0.572,0.0,0.0,0.0,0.0,0.0
US.IBM210625C144000,AMERICAN,Call,EXPIRED,-1,0,0.0,100.0,144.0,2.09,1.21,2.09,1.12,1.78,275,59,10703.0,0.0,-0.51,0.0,0.0,0.0,0.0,0.0
US.IBM210625C145000,AMERICAN,Call,EXPIRED,-1,0,0.0,100.0,145.0,1.71,0.7,1.75,0.4,0.83,738,264,27112.0,0.0,-0.088,0.0,0.0,0.0,0.0,0.0
US.IBM210625C146000,AMERICAN,Call,EXPIRED,-1,0,0.0,100.0,146.0,0.72,0.29,0.77,0.1,0.33,1044,842,24226.0,10.738,-0.081,0.842,0.284,0.018,-0.097,0.003
US.IBM210625C147000,AMERICAN,Call,EXPIRED,-1,0,0.0,100.0,147.0,0.01,0.09,0.09,0.01,0.15,728,501,919.0,1.85,0.115,0.135,1.546,0.017,-0.015,0.0
US.IBM210625C148000,AMERICAN,Call,EXPIRED,-1,0,0.0,100.0,148.0,0.01,0.03,0.04,0.01,0.06,1355,201,483.0,8.316,0.796,0.038,0.129,0.006,-0.026,0.0
US.IBM210625C149000,AMERICAN,Call,EXPIRED,-1,0,0.0,100.0,149.0,0.01,0.02,0.02,0.01,0.04,1007,99,111.0,13.847,1.477,0.024,0.053,0.004,-0.03,0.0
US.IBM210625C150000,AMERICAN,Call,EXPIRED,-1,0,0.0,100.0,150.0,0.01,0.01,0.03,0.01,0.03,3148,109,127.0,19.073,2.158,0.018,0.03,0.003,-0.032,0.0
US.IBM210625C152500,AMERICAN,Call,EXPIRED,-1,0,0.0,100.0,152.5,0.01,0.01,0.03,0.01,0.01,1715,45,51.0,31.204,3.861,0.011,0.012,0.002,-0.036,0.0
US.IBM210625C155000,AMERICAN,Call,EXPIRED,-1,0,0.0,100.0,155.0,0.01,0.01,0.01,0.01,0.01,1108,1,1.0,42.572,5.563,0.008,0.007,0.001,-0.038,0.0
US.IBM210625C157500,AMERICAN,Call,EXPIRED,-1,0,0.0,100.0,157.5,0.01,0.01,0.0,0.0,0.01,332,0,0.0,53.405,7.266,0.007,0.004,0.001,-0.04,0.0
US.IBM210625C160000,AMERICAN,Call,EXPIRED,-1,0,0.0,100.0,160.0,0.01,0.01,0.01,0.01,0.02,507,4,4.0,63.934,8.968,0.006,0.003,0.001,-0.042,0.0
US.IBM210625C162500,AMERICAN,Call,EXPIRED,-1,0,0.0,100.0,162.5,0.01,0.01,0.0,0.0,0.01,38,0,0.0,74.005,10.671,0.005,0.002,0.001,-0.043,0.0
US.IBM210625C165000,AMERICAN,Call,EXPIRED,-1,0,0.0,100.0,165.0,0.01,0.01,0.0,0.0,0.01,50,0,0.0,83.77,12.374,0.004,0.002,0.001,-0.044,0.0
US.IBM210625C167500,AMERICAN,Call,EXPIRED,-1,0,0.0,100.0,167.5,0.04,0.04,0.0,0.0,0.04,115,0,0.0,109.939,14.096,0.013,0.004,0.002,-0.143,0.0
US.IBM210625C170000,AMERICAN,Call,EXPIRED,-1,0,0.0,100.0,170.0,0.01,0.01,0.0,0.0,0.01,110,0,0.0,102.539,15.779,0.004,0.001,0.0,-0.046,0.0
US.IBM210625C172500,AMERICAN,Call,EXPIRED,-1,0,0.0,100.0,172.5,0.02,0.02,0.0,0.0,0.02,50,0,0.0,120.239,17.488,0.006,0.001,0.001,-0.084,0.0
US.IBM210625C175000,AMERICAN,Call,EXPIRED,-1,0,0.0,100.0,175.0,0.02,0.02,0.0,0.0,0.02,927,0,0.0,129.547,19.19,0.006,0.001,0.001,-0.085,0.0
US.IBM210625C180000,AMERICAN,Call,EXPIRED,-1,0,0.0,100.0,180.0,0.01,0.01,0.0,0.0,0.01,117,0,0.0,137.634,22.589,0.003,0.0,0.0,-0.049,0.0
US.IBM210625C185000,AMERICAN,Call,EXPIRED,-1,0,0.0,100.0,185.0,0.02,0.02,0.0,0.0,0.02,179,0,0.0,165.1,26.001,0.005,0.001,0.001,-0.09,0.0
US.IBM210625P90000,AMERICAN,Put,EXPIRED,-1,0,0.0,100.0,90.0,0.01,0.01,0.01,0.01,0.01,280,70,70.0,314.941,38.715,-0.001,0.0,0.0,-0.051,0.0
US.IBM210625P95000,AMERICAN,Put,EXPIRED,-1,0,0.0,100.0,95.0,0.0,0.0,0.0,0.0,0.0,0,0,0.0,281.982,35.303,-0.001,0.0,0.0,-0.049,0.0
US.IBM210625P100000,AMERICAN,Put,EXPIRED,-1,0,0.0,100.0,100.0,0.04,0.04,0.0,0.0,0.04,1,0,0.0,290.069,31.925,-0.005,0.0,0.001,-0.163,0.0
US.IBM210625P105000,AMERICAN,Put,EXPIRED,-1,0,0.0,100.0,105.0,0.0,0.0,0.0,0.0,0.0,0,0,0.0,350.837,28.493,-0.029,0.002,0.005,-0.891,0.0
US.IBM210625P110000,AMERICAN,Put,EXPIRED,-1,0,0.0,100.0,110.0,0.11,0.11,0.0,0.0,0.11,5,0,0.0,256.5,25.163,-0.014,0.001,0.002,-0.357,0.0
US.IBM210625P115000,AMERICAN,Put,EXPIRED,-1,0,0.0,100.0,115.0,0.01,0.01,0.0,0.0,0.01,1,0,0.0,165.71,21.69,-0.002,0.0,0.0,-0.045,0.0
US.IBM210625P120000,AMERICAN,Put,EXPIRED,-1,0,0.0,100.0,120.0,0.01,0.01,0.0,0.0,0.01,5,0,0.0,139.16,18.285,-0.002,0.0,0.0,-0.044,0.0
US.IBM210625P125000,AMERICAN,Put,EXPIRED,-1,0,0.0,100.0,125.0,0.01,0.01,0.0,0.0,0.01,230,0,0.0,113.525,14.88,-0.003,0.001,0.0,-0.042,0.0
US.IBM210625P129000,AMERICAN,Put,EXPIRED,-1,0,0.0,100.0,129.0,0.01,0.01,0.0,0.0,0.01,71,0,0.0,93.231,12.156,-0.004,0.001,0.0,-0.04,0.0
US.IBM210625P130000,AMERICAN,Put,EXPIRED,-1,0,0.0,100.0,130.0,0.02,0.02,0.02,0.02,0.01,102,1,2.0,95.52,11.481,-0.007,0.002,0.001,-0.074,0.0
US.IBM210625P131000,AMERICAN,Put,EXPIRED,-1,0,0.0,100.0,131.0,0.03,0.03,0.0,0.0,0.03,27,0,0.0,95.062,10.807,-0.011,0.004,0.002,-0.104,0.0
US.IBM210625P132000,AMERICAN,Put,EXPIRED,-1,0,0.0,100.0,132.0,0.01,0.01,0.0,0.0,0.01,7,0,0.0,78.277,10.113,-0.005,0.002,0.001,-0.039,0.0
US.IBM210625P133000,AMERICAN,Put,EXPIRED,-1,0,0.0,100.0,133.0,0.03,0.03,0.0,0.0,0.03,15,0,0.0,83.923,9.445,-0.012,0.005,0.002,-0.1,0.0
US.IBM210625P134000,AMERICAN,Put,EXPIRED,-1,0,0.0,100.0,134.0,0.01,0.01,0.01,0.01,0.02,63,1,1.0,68.359,8.751,-0.005,0.003,0.001,-0.038,0.0
US.IBM210625P135000,AMERICAN,Put,EXPIRED,-1,0,0.0,100.0,135.0,0.02,0.01,0.02,0.01,0.02,115,9,17.0,68.969,8.076,-0.01,0.005,0.002,-0.069,0.0
US.IBM210625P136000,AMERICAN,Put,EXPIRED,-1,0,0.0,100.0,136.0,0.01,0.01,0.0,0.0,0.01,52,0,0.0,58.364,7.388,-0.006,0.004,0.001,-0.037,0.0
US.IBM210625P137000,AMERICAN,Put,EXPIRED,-1,0,0.0,100.0,137.0,0.01,0.01,0.01,0.01,0.02,52,29,29.0,53.405,6.707,-0.007,0.004,0.001,-0.036,0.0
US.IBM210625P138000,AMERICAN,Put,EXPIRED,-1,0,0.0,100.0,138.0,0.07,0.07,0.0,0.0,0.07,199,0,0.0,64.544,6.067,-0.034,0.015,0.005,-0.181,0.0
US.IBM210625P139000,AMERICAN,Put,EXPIRED,-1,0,0.0,100.0,139.0,0.01,0.01,0.01,0.01,0.02,353,3,3.0,43.411,5.345,-0.008,0.006,0.001,-0.034,0.0
US.IBM210625P140000,AMERICAN,Put,EXPIRED,-1,0,0.0,100.0,140.0,0.04,0.01,0.04,0.01,0.02,421,9,18.0,47.035,4.685,-0.028,0.017,0.005,-0.109,0.0
US.IBM210625P141000,AMERICAN,Put,EXPIRED,-1,0,0.0,100.0,141.0,0.01,0.03,0.03,0.01,0.04,218,5,7.0,33.34,3.983,-0.011,0.011,0.002,-0.032,0.0
US.IBM210625P142000,AMERICAN,Put,EXPIRED,-1,0,0.0,100.0,142.0,0.01,0.03,0.03,0.01,0.05,269,7,14.0,28.228,3.302,-0.012,0.014,0.002,-0.031,0.0
US.IBM210625P143000,AMERICAN,Put,EXPIRED,-1,0,0.0,100.0,143.0,0.01,0.06,0.07,0.01,0.08,583,15,33.0,23.04,2.621,-0.015,0.021,0.003,-0.029,0.0
US.IBM210625P144000,AMERICAN,Put,EXPIRED,-1,0,0.0,100.0,144.0,0.02,0.1,0.12,0.01,0.15,581,194,1387.0,19.874,1.947,-0.032,0.046,0.005,-0.05,0.0
US.IBM210625P145000,AMERICAN,Put,EXPIRED,-1,0,0.0,100.0,145.0,0.02,0.37,0.4,0.02,0.35,732,229,2799.0,13.923,1.266,-0.044,0.085,0.007,-0.045,0.0
US.IBM210625P146000,AMERICAN,Put,EXPIRED,-1,0,0.0,100.0,146.0,0.05,0.66,1.0,0.05,0.8,550,319,17222.0,9.622,0.606,-0.131,0.28,0.016,-0.072,0.0
US.IBM210625P147000,AMERICAN,Put,EXPIRED,-1,0,0.0,100.0,147.0,0.59,1.55,1.81,0.59,1.55,200,123,13460.0,2.803,0.292,-0.766,1.412,0.024,-0.028,-0.003
US.IBM210625P148000,AMERICAN,Put,EXPIRED,-1,0,0.0,100.0,148.0,1.32,2.65,2.94,1.32,2.58,323,132,26000.0,11.281,0.108,-0.903,0.194,0.013,-0.068,-0.003
US.IBM210625P149000,AMERICAN,Put,EXPIRED,-1,0,0.0,100.0,149.0,2.49,3.23,3.24,2.49,3.53,225,38,11331.0,12.512,0.224,-0.985,0.038,0.002,-0.013,-0.004
US.IBM210625P150000,AMERICAN,Put,EXPIRED,-1,0,0.0,100.0,150.0,3.25,4.3,4.31,3.25,4.68,668,81,33436.0,23.574,0.061,-0.953,0.052,0.007,-0.081,-0.004
US.IBM210625P152500,AMERICAN,Put,EXPIRED,-1,0,0.0,100.0,152.5,6.61,6.6,6.61,6.6,7.43,165,20,13210.0,0.0,0.646,0.0,0.0,0.0,0.0,0.0
US.IBM210625P155000,AMERICAN,Put,EXPIRED,-1,0,0.0,100.0,155.0,10.87,10.87,0.0,0.0,10.87,7,0,0.0,70.285,1.845,-0.922,0.026,0.011,-0.38,-0.004
US.IBM210625P157500,AMERICAN,Put,EXPIRED,-1,0,0.0,100.0,157.5,0.0,0.0,0.0,0.0,0.0,0,0,0.0,83.103,-7.259,-0.94,0.018,0.009,-0.367,-0.004
US.IBM210625P160000,AMERICAN,Put,EXPIRED,-1,0,0.0,100.0,160.0,11.27,11.27,0.0,0.0,11.27,0,0,0.0,97.427,-1.287,-0.947,0.013,0.008,-0.388,-0.004
US.IBM210625P162500,AMERICAN,Put,EXPIRED,-1,0,0.0,100.0,162.5,18.0,18.0,0.0,0.0,18.0,0,0,0.0,122.509,1.593,-0.935,0.013,0.009,-0.579,-0.004
US.IBM210625P165000,AMERICAN,Put,EXPIRED,-1,0,0.0,100.0,165.0,15.6,15.6,0.0,0.0,15.6,0,0,0.0,130.863,-1.743,-0.948,0.01,0.008,-0.514,-0.004
US.IBM210625P167500,AMERICAN,Put,EXPIRED,-1,0,0.0,100.0,167.5,0.0,0.0,0.0,0.0,0.0,0,0,0.0,140.724,-14.069,-0.956,0.008,0.007,-0.482,-0.004
US.IBM210625P170000,AMERICAN,Put,EXPIRED,-1,0,0.0,100.0,170.0,24.95,24.95,0.0,0.0,24.95,2,0,0.0,140.571,1.219,-0.972,0.005,0.005,-0.334,-0.004
US.IBM210625P172500,AMERICAN,Put,EXPIRED,-1,0,0.0,100.0,172.5,0.0,0.0,0.0,0.0,0.0,0,0,0.0,176.01,-17.474,-0.952,0.007,0.007,-0.655,-0.004
US.IBM210625P175000,AMERICAN,Put,EXPIRED,-1,0,0.0,100.0,175.0,0.0,0.0,0.0,0.0,0.0,0,0,0.0,177.345,-19.177,-0.964,0.005,0.006,-0.518,-0.004
US.IBM210625P180000,AMERICAN,Put,EXPIRED,-1,0,0.0,100.0,180.0,0.0,0.0,0.0,0.0,0.0,0,0,0.0,233.936,-22.582,-0.941,0.006,0.009,-1.025,-0.004
US.IBM210625P185000,AMERICAN,Put,EXPIRED,-1,0,0.0,100.0,185.0,0.0,0.0,0.0,0.0,0.0,0,0,0.0,255.107,-25.987,-0.948,0.005,0.008,-1.015,-0.005
US.IBM210702C90000,AMERICAN,Call,NORMAL,6,5,0.01984126984126984,100.0,90.0,0.0,0.0,0.0,0.0,0.0,0,0,0.0,0.0,-38.708,0.0,0.0,0.0,0.0,0.0
US.IBM210702C95000,AMERICAN,Call,NORMAL,6,5,0.01984126984126984,100.0,95.0,0.0,0.0,0.0,0.0,0.0,0,0,0.0,0.0,-35.303,0.0,0.0,0.0,0.0,0.0
US.IBM210702C100000,AMERICAN,Call,NORMAL,6,5,0.01984126984126984,100.0,100.0,0.0,0.0,0.0,0.0,0.0,0,0,0.0,0.0,-31.898,0.0,0.0,0.0,0.0,0.0
US.IBM210702C105000,AMERICAN,Call,NORMAL,6,5,0.01984126984126984,100.0,105.0,0.0,0.0,0.0,0.0,0.0,0,0,0.0,0.0,-28.493,0.0,0.0,0.0,0.0,0.0
US.IBM210702C110000,AMERICAN,Call,NORMAL,6,5,0.01984126984126984,100.0,110.0,0.0,0.0,0.0,0.0,0.0,0,0,0.0,0.0,-25.088,0.0,0.0,0.0,0.0,0.0
US.IBM210702C115000,AMERICAN,Call,NORMAL,6,5,0.01984126984126984,100.0,115.0,0.0,0.0,0.0,0.0,0.0,0,0,0.0,0.0,-21.683,0.0,0.0,0.0,0.0,0.0
US.IBM210702C120000,AMERICAN,Call,NORMAL,6,5,0.01984126984126984,100.0,120.0,28.3,28.3,0.0,0.0,28.3,23,0,0.0,0.0,0.994,0.0,0.0,0.0,0.0,0.0
US.IBM210702C125000,AMERICAN,Call,NORMAL,6,5,0.01984126984126984,100.0,125.0,26.05,26.05,0.0,0.0,26.05,3,0,0.0,0.0,2.867,0.0,0.0,0.0,0.0,0.0
US.IBM210702C129000,AMERICAN,Call,NORMAL,6,5,0.01984126984126984,100.0,129.0,19.4,19.4,0.0,0.0,19.4,2,0,0.0,0.0,1.062,0.0,0.0,0.0,0.0,0.0
US.IBM210702C130000,AMERICAN,Call,NORMAL,6,5,0.01984126984126984,100.0,130.0,0.0,0.0,0.0,0.0,0.0,0,0,0.0,0.0,-11.468,0.0,0.0,0.0,0.0,0.0
US.IBM210702C131000,AMERICAN,Call,NORMAL,6,5,0.01984126984126984,100.0,131.0,17.25,17.25,0.0,0.0,17.25,4,0,0.0,0.0,0.96,0.0,0.0,0.0,0.0,0.0
US.IBM210702C132000,AMERICAN,Call,NORMAL,6,5,0.01984126984126984,100.0,132.0,0.0,0.0,0.0,0.0,0.0,0,0,0.0,0.0,-10.106,0.0,0.0,0.0,0.0,0.0
US.IBM210702C133000,AMERICAN,Call,NORMAL,6,5,0.01984126984126984,100.0,133.0,0.0,0.0,0.0,0.0,0.0,0,0,0.0,0.0,-9.425,0.0,0.0,0.0,0.0,0.0
US.IBM210702C134000,AMERICAN,Call,NORMAL,6,5,0.01984126984126984,100.0,134.0,0.0,0.0,0.0,0.0,0.0,0,0,0.0,0.0,-8.744,0.0,0.0,0.0,0.0,0.0
US.IBM210702C135000,AMERICAN,Call,NORMAL,6,5,0.01984126984126984,100.0,135.0,0.0,0.0,0.0,0.0,0.0,0,0,0.0,0.0,-8.063,0.0,0.0,0.0,0.0,0.0
US.IBM210702C136000,AMERICAN,Call,NORMAL,6,5,0.01984126984126984,100.0,136.0,9.55,9.55,0.0,0.0,9.55,1,0,0.0,0.0,-0.878,0.0,0.0,0.0,0.0,0.0
US.IBM210702C137000,AMERICAN,Call,NORMAL,6,5,0.01984126984126984,100.0,137.0,11.7,11.7,0.0,0.0,11.7,2,0,0.0,0.0,1.266,0.0,0.0,0.0,0.0,0.0
US.IBM210702C138000,AMERICAN,Call,NORMAL,6,5,0.01984126984126984,100.0,138.0,0.0,0.0,0.0,0.0,0.0,0,0,0.0,17.433,-6.02,0.992,0.005,0.004,-0.005,0.03
US.IBM210702C139000,AMERICAN,Call,NORMAL,6,5,0.01984126984126984,100.0,139.0,0.0,0.0,0.0,0.0,0.0,0,0,0.0,0.0,-5.339,0.0,0.0,0.0,0.0,0.0
US.IBM210702C140000,AMERICAN,Call,NORMAL,6,5,0.01984126984126984,100.0,140.0,6.5,5.85,6.5,5.85,5.45,116,12,7735.0,18.186,-0.231,0.962,0.02,0.017,-0.019,0.029
US.IBM210702C141000,AMERICAN,Call,NORMAL,6,5,0.01984126984126984,100.0,141.0,6.0,4.3,6.0,4.3,4.85,137,8,4075.0,14.457,0.108,0.971,0.02,0.013,-0.012,0.03
US.IBM210702C142000,AMERICAN,Call,NORMAL,6,5,0.01984126984126984,100.0,142.0,4.44,4.44,4.44,4.44,5.02,28,5,2220.0,0.0,-0.272,0.0,0.0,0.0,0.0,0.0
US.IBM210702C143000,AMERICAN,Call,NORMAL,6,5,0.01984126984126984,100.0,143.0,3.6,3.14,3.6,3.14,2.8,531,15,5029.0,13.036,-0.163,0.916,0.053,0.033,-0.026,0.028
US.IBM210702C144000,AMERICAN,Call,NORMAL,6,5,0.01984126984126984,100.0,144.0,3.01,1.89,3.01,1.89,2.07,108,15,3726.0,15.354,0.115,0.807,0.081,0.059,-0.056,0.025
US.IBM210702C145000,AMERICAN,Call,NORMAL,6,5,0.01984126984126984,100.0,145.0,2.26,1.52,2.26,1.3,1.8,286,352,63888.0,13.072,0.286,0.745,0.111,0.069,-0.056,0.023
US.IBM210702C146000,AMERICAN,Call,NORMAL,6,5,0.01984126984126984,100.0,146.0,1.65,1.07,1.65,0.91,1.23,431,347,49298.0,13.763,0.551,0.614,0.127,0.083,-0.071,0.019
US.IBM210702C147000,AMERICAN,Call,NORMAL,6,5,0.01984126984126984,100.0,147.0,1.02,0.72,1.12,0.61,0.85,509,598,53275.0,13.601,0.803,0.482,0.134,0.086,-0.073,0.015
US.IBM210702C148000,AMERICAN,Call,NORMAL,6,5,0.01984126984126984,100.0,148.0,0.74,0.45,0.75,0.39,0.53,1172,553,29248.0,14.507,1.293,0.361,0.118,0.081,-0.073,0.011
US.IBM210702C149000,AMERICAN,Call,NORMAL,6,5,0.01984126984126984,100.0,149.0,0.46,0.32,0.47,0.29,0.36,406,274,10479.0,14.405,1.784,0.25,0.102,0.069,-0.062,0.008
US.IBM210702C150000,AMERICAN,Call,NORMAL,6,5,0.01984126984126984,100.0,150.0,0.3,0.18,0.3,0.18,0.2,1195,300,6857.0,15.373,2.356,0.178,0.078,0.057,-0.054,0.005
US.IBM210702C152500,AMERICAN,Call,NORMAL,6,5,0.01984126984126984,100.0,152.5,0.12,0.11,0.12,0.09,0.11,322,44,481.0,17.795,3.936,0.078,0.038,0.032,-0.035,0.002
US.IBM210702C155000,AMERICAN,Call,NORMAL,6,5,0.01984126984126984,100.0,155.0,0.1,0.09,0.1,0.02,0.08,281,32,256.0,20.799,5.625,0.041,0.019,0.019,-0.025,0.001
US.IBM210702C157500,AMERICAN,Call,NORMAL,6,5,0.01984126984126984,100.0,157.5,0.07,0.07,0.07,0.07,0.1,210,10,70.0,24.719,7.307,0.029,0.012,0.014,-0.022,0.0
US.IBM210702C160000,AMERICAN,Call,NORMAL,6,5,0.01984126984126984,100.0,160.0,0.05,0.05,0.06,0.05,0.06,314,9,50.0,28.419,8.996,0.022,0.008,0.011,-0.02,0.0
US.IBM210702C162500,AMERICAN,Call,NORMAL,6,5,0.01984126984126984,100.0,162.5,0.04,0.04,0.04,0.04,0.05,108,1,4.0,31.642,10.691,0.016,0.005,0.009,-0.017,0.0
US.IBM210702C165000,AMERICAN,Call,NORMAL,6,5,0.01984126984126984,100.0,165.0,0.03,0.04,0.04,0.03,0.04,133,18,64.0,34.332,12.387,0.011,0.004,0.006,-0.014,0.0
US.IBM210702C167500,AMERICAN,Call,NORMAL,6,5,0.01984126984126984,100.0,167.5,0.04,0.04,0.0,0.0,0.04,156,0,0.0,41.351,14.096,0.017,0.004,0.009,-0.024,0.0
US.IBM210702C170000,AMERICAN,Call,NORMAL,6,5,0.01984126984126984,100.0,170.0,0.03,0.03,0.03,0.03,0.03,60,1,3.0,42.61,15.792,0.011,0.003,0.006,-0.017,0.0
US.IBM210702C172500,AMERICAN,Call,NORMAL,6,5,0.01984126984126984,100.0,172.5,0.04,0.04,0.0,0.0,0.04,159,0,0.0,47.054,17.502,0.011,0.002,0.006,-0.019,0.0
US.IBM210702C175000,AMERICAN,Call,NORMAL,6,5,0.01984126984126984,100.0,175.0,0.03,0.03,0.0,0.0,0.03,233,0,0.0,48.904,19.197,0.008,0.002,0.005,-0.015,0.0
US.IBM210702C180000,AMERICAN,Call,NORMAL,6,5,0.01984126984126984,100.0,180.0,0.04,0.04,0.0,0.0,0.04,25,0,0.0,51.574,22.609,0.004,0.001,0.002,-0.009,0.0
US.IBM210702C185000,AMERICAN,Call,NORMAL,6,5,0.01984126984126984,100.0,185.0,0.0,0.0,0.0,0.0,0.0,0,0,0.0,62.141,25.987,0.006,0.001,0.004,-0.016,0.0
US.IBM210702P90000,AMERICAN,Put,NORMAL,6,5,0.01984126984126984,100.0,90.0,0.0,0.0,0.0,0.0,0.0,0,0,0.0,113.22,38.708,-0.001,0.0,0.0,-0.004,0.0
US.IBM210702P95000,AMERICAN,Put,NORMAL,6,5,0.01984126984126984,100.0,95.0,0.0,0.0,0.0,0.0,0.0,0,0,0.0,142.478,35.303,-0.015,0.001,0.008,-0.071,0.0
US.IBM210702P100000,AMERICAN,Put,NORMAL,6,5,0.01984126984126984,100.0,100.0,0.0,0.0,0.0,0.0,0.0,0,0,0.0,136.241,31.898,-0.022,0.001,0.011,-0.096,0.0
US.IBM210702P105000,AMERICAN,Put,NORMAL,6,5,0.01984126984126984,100.0,105.0,0.0,0.0,0.0,0.0,0.0,0,0,0.0,97.007,28.493,-0.008,0.001,0.004,-0.026,0.0
US.IBM210702P110000,AMERICAN,Put,NORMAL,6,5,0.01984126984126984,100.0,110.0,0.3,0.3,0.0,0.0,0.3,4,0,0.0,108.757,25.292,-0.03,0.002,0.015,-0.099,-0.001
US.IBM210702P115000,AMERICAN,Put,NORMAL,6,5,0.01984126984126984,100.0,115.0,0.02,0.02,0.0,0.0,0.02,61,0,0.0,64.086,21.697,-0.004,0.0,0.002,-0.008,0.0
US.IBM210702P120000,AMERICAN,Put,NORMAL,6,5,0.01984126984126984,100.0,120.0,0.15,0.15,0.0,0.0,0.15,5,0,0.0,71.125,18.38,-0.024,0.003,0.012,-0.052,0.0
US.IBM210702P125000,AMERICAN,Put,NORMAL,6,5,0.01984126984126984,100.0,125.0,0.05,0.05,0.0,0.0,0.05,58,0,0.0,49.533,14.907,-0.012,0.003,0.007,-0.018,0.0
US.IBM210702P129000,AMERICAN,Put,NORMAL,6,5,0.01984126984126984,100.0,129.0,0.03,0.03,0.0,0.0,0.03,114,0,0.0,38.223,12.169,-0.01,0.003,0.005,-0.01,0.0
US.IBM210702P130000,AMERICAN,Put,NORMAL,6,5,0.01984126984126984,100.0,130.0,0.03,0.03,0.03,0.03,0.04,378,3,9.0,36.201,11.488,-0.01,0.003,0.006,-0.01,0.0
US.IBM210702P131000,AMERICAN,Put,NORMAL,6,5,0.01984126984126984,100.0,131.0,0.29,0.29,0.0,0.0,0.29,4,0,0.0,38.7,10.984,-0.021,0.006,0.011,-0.023,0.0
US.IBM210702P132000,AMERICAN,Put,NORMAL,6,5,0.01984126984126984,100.0,132.0,0.05,0.05,0.0,0.0,0.05,14,0,0.0,34.637,10.14,-0.017,0.005,0.009,-0.016,0.0
US.IBM210702P133000,AMERICAN,Put,NORMAL,6,5,0.01984126984126984,100.0,133.0,0.09,0.09,0.0,0.0,0.09,55,0,0.0,34.694,9.486,-0.025,0.007,0.012,-0.024,0.0
US.IBM210702P134000,AMERICAN,Put,NORMAL,6,5,0.01984126984126984,100.0,134.0,0.09,0.09,0.0,0.0,0.09,29,0,0.0,33.512,8.805,-0.031,0.009,0.015,-0.027,-0.001
US.IBM210702P135000,AMERICAN,Put,NORMAL,6,5,0.01984126984126984,100.0,135.0,0.04,0.06,0.06,0.04,0.08,57,23,132.0,28.305,8.09,-0.021,0.008,0.011,-0.015,0.0
US.IBM210702P136000,AMERICAN,Put,NORMAL,6,5,0.01984126984126984,100.0,136.0,0.05,0.08,0.08,0.05,0.1,52,3,21.0,26.168,7.416,-0.023,0.009,0.011,-0.015,0.0
US.IBM210702P137000,AMERICAN,Put,NORMAL,6,5,0.01984126984126984,100.0,137.0,0.14,0.14,0.14,0.14,0.13,54,10,140.0,24.795,6.796,-0.028,0.011,0.014,-0.017,0.0
US.IBM210702P138000,AMERICAN,Put,NORMAL,6,5,0.01984126984126984,100.0,138.0,0.07,0.07,0.07,0.07,0.16,118,1,7.0,23.231,6.067,-0.034,0.014,0.016,-0.02,-0.001
US.IBM210702P139000,AMERICAN,Put,NORMAL,6,5,0.01984126984126984,100.0,139.0,0.09,0.09,0.09,0.09,0.17,190,3,27.0,22.02,5.4,-0.045,0.019,0.02,-0.024,-0.001
US.IBM210702P140000,AMERICAN,Put,NORMAL,6,5,0.01984126984126984,100.0,140.0,0.1,0.21,0.21,0.1,0.21,359,28,391.0,20.523,4.726,-0.056,0.025,0.024,-0.027,-0.001
US.IBM210702P141000,AMERICAN,Put,NORMAL,6,5,0.01984126984126984,100.0,141.0,0.13,0.21,0.21,0.11,0.3,233,21,311.0,17.299,4.065,-0.055,0.029,0.024,-0.022,-0.001
US.IBM210702P142000,AMERICAN,Put,NORMAL,6,5,0.01984126984126984,100.0,142.0,0.19,0.36,0.36,0.19,0.36,190,324,7310.0,17.786,3.425,-0.099,0.044,0.037,-0.037,-0.003
US.IBM210702P143000,AMERICAN,Put,NORMAL,6,5,0.01984126984126984,100.0,143.0,0.25,0.49,0.58,0.25,0.47,523,91,3797.0,16.555,2.785,-0.137,0.06,0.047,-0.044,-0.004
US.IBM210702P144000,AMERICAN,Put,NORMAL,6,5,0.01984126984126984,100.0,144.0,0.52,0.69,0.84,0.43,0.69,165,209,10175.0,16.098,2.288,-0.203,0.079,0.061,-0.057,-0.006
US.IBM210702P145000,AMERICAN,Put,NORMAL,6,5,0.01984126984126984,100.0,145.0,0.58,1.11,1.22,0.55,1.02,207,248,23267.0,13.849,1.648,-0.266,0.108,0.071,-0.057,-0.008
US.IBM210702P146000,AMERICAN,Put,NORMAL,6,5,0.01984126984126984,100.0,146.0,0.9,1.71,1.78,0.78,1.53,172,115,13115.0,14.121,1.184,-0.388,0.124,0.083,-0.069,-0.012
US.IBM210702P147000,AMERICAN,Put,NORMAL,6,5,0.01984126984126984,100.0,147.0,1.36,2.19,2.36,1.3,2.2,226,87,15234.0,14.636,0.817,-0.515,0.125,0.086,-0.075,-0.016
US.IBM210702P148000,AMERICAN,Put,NORMAL,6,5,0.01984126984126984,100.0,148.0,2.19,3.01,3.11,2.19,2.99,243,100,24612.0,14.996,0.701,-0.633,0.115,0.082,-0.072,-0.02
US.IBM210702P149000,AMERICAN,Put,NORMAL,6,5,0.01984126984126984,100.0,149.0,3.52,3.85,3.85,3.52,4.45,110,4,1441.0,15.258,0.926,-0.736,0.098,0.071,-0.063,-0.024
US.IBM210702P150000,AMERICAN,Put,NORMAL,6,5,0.01984126984126984,100.0,150.0,3.88,4.36,4.36,3.88,4.8,332,66,27368.0,15.721,0.49,-0.816,0.078,0.058,-0.053,-0.027
US.IBM210702P152500,AMERICAN,Put,NORMAL,6,5,0.01984126984126984,100.0,152.5,7.53,7.53,0.0,0.0,7.53,82,0,0.0,19.383,1.273,-0.903,0.04,0.037,-0.041,-0.03
US.IBM210702P155000,AMERICAN,Put,NORMAL,6,5,0.01984126984126984,100.0,155.0,8.38,8.38,0.0,0.0,8.38,8,0,0.0,0.0,0.149,0.0,0.0,0.0,0.0,0.0
US.IBM210702P157500,AMERICAN,Put,NORMAL,6,5,0.01984126984126984,100.0,157.5,0.0,0.0,0.0,0.0,0.0,0,0,0.0,26.531,-7.259,-0.96,0.014,0.018,-0.026,-0.033
US.IBM210702P160000,AMERICAN,Put,NORMAL,6,5,0.01984126984126984,100.0,160.0,0.0,0.0,0.0,0.0,0.0,0,0,0.0,31.29,-8.962,-0.965,0.011,0.016,-0.027,-0.034
US.IBM210702P162500,AMERICAN,Put,NORMAL,6,5,0.01984126984126984,100.0,162.5,15.6,15.6,0.0,0.0,15.6,1,0,0.0,42.181,-0.04,-0.943,0.012,0.024,-0.06,-0.034
US.IBM210702P165000,AMERICAN,Put,NORMAL,6,5,0.01984126984126984,100.0,165.0,0.0,0.0,0.0,0.0,0.0,0,0,0.0,43.43,-12.367,-0.962,0.008,0.018,-0.044,-0.035
US.IBM210702P167500,AMERICAN,Put,NORMAL,6,5,0.01984126984126984,100.0,167.5,0.0,0.0,0.0,0.0,0.0,0,0,0.0,0.0,-14.069,0.0,0.0,0.0,0.0,0.0
US.IBM210702P170000,AMERICAN,Put,NORMAL,6,5,0.01984126984126984,100.0,170.0,0.0,0.0,0.0,0.0,0.0,0,0,0.0,50.601,-15.772,-0.972,0.005,0.014,-0.039,-0.036
US.IBM210702P172500,AMERICAN,Put,NORMAL,6,5,0.01984126984126984,100.0,172.5,0.0,0.0,0.0,0.0,0.0,0,0,0.0,59.556,-17.474,-0.962,0.006,0.017,-0.061,-0.036
US.IBM210702P175000,AMERICAN,Put,NORMAL,6,5,0.01984126984126984,100.0,175.0,0.0,0.0,0.0,0.0,0.0,0,0,0.0,66.556,-19.177,-0.957,0.006,0.019,-0.076,-0.037
US.IBM210702P180000,AMERICAN,Put,NORMAL,6,5,0.01984126984126984,100.0,180.0,0.0,0.0,0.0,0.0,0.0,0,0,0.0,64.163,-22.582,-0.981,0.003,0.009,-0.034,-0.039
US.IBM210702P185000,AMERICAN,Put,NORMAL,6,5,0.01984126984126984,100.0,185.0,0.0,0.0,0.0,0.0,0.0,0,0,0.0,71.372,-25.987,-0.983,0.002,0.009,-0.035,-0.04
US.IBM210709C105000,AMERICAN,Call,NORMAL,13,10,0.03968253968253968,100.0,105.0,0.0,0.0,0.0,0.0,0.0,0,0,0.0,0.0,-28.493,0.0,0.0,0.0,0.0,0.0
US.IBM210709C110000,AMERICAN,Call,NORMAL,13,10,0.03968253968253968,100.0,110.0,0.0,0.0,0.0,0.0,0.0,0,0,0.0,0.0,-25.088,0.0,0.0,0.0,0.0,0.0
US.IBM210709C115000,AMERICAN,Call,NORMAL,13,10,0.03968253968253968,100.0,115.0,0.0,0.0,0.0,0.0,0.0,0,0,0.0,0.0,-21.683,0.0,0.0,0.0,0.0,0.0
US.IBM210709C120000,AMERICAN,Call,NORMAL,13,10,0.03968253968253968,100.0,120.0,25.34,25.34,0.0,0.0,25.34,6,0,0.0,0.0,-1.021,0.0,0.0,0.0,0.0,0.0
US.IBM210709C125000,AMERICAN,Call,NORMAL,13,10,0.03968253968253968,100.0,125.0,21.75,21.75,0.0,0.0,21.75,5,0,0.0,0.0,-0.061,0.0,0.0,0.0,0.0,0.0
US.IBM210709C129000,AMERICAN,Call,NORMAL,13,10,0.03968253968253968,100.0,129.0,0.0,0.0,0.0,0.0,0.0,0,0,0.0,36.268,-12.149,0.963,0.007,0.023,-0.028,0.05
US.IBM210709C130000,AMERICAN,Call,NORMAL,13,10,0.03968253968253968,100.0,130.0,0.0,0.0,0.0,0.0,0.0,0,0,0.0,0.0,-11.468,0.0,0.0,0.0,0.0,0.0
US.IBM210709C131000,AMERICAN,Call,NORMAL,13,10,0.03968253968253968,100.0,131.0,0.0,0.0,0.0,0.0,0.0,0,0,0.0,0.0,-10.787,0.0,0.0,0.0,0.0,0.0
US.IBM210709C132000,AMERICAN,Call,NORMAL,13,10,0.03968253968253968,100.0,132.0,0.0,0.0,0.0,0.0,0.0,0,0,0.0,27.551,-10.106,0.973,0.007,0.018,-0.016,0.052
US.IBM210709C133000,AMERICAN,Call,NORMAL,13,10,0.03968253968253968,100.0,133.0,0.0,0.0,0.0,0.0,0.0,0,0,0.0,0.0,-9.425,0.0,0.0,0.0,0.0,0.0
US.IBM210709C134000,AMERICAN,Call,NORMAL,13,10,0.03968253968253968,100.0,134.0,0.0,0.0,0.0,0.0,0.0,0,0,0.0,17.967,-8.744,0.994,0.002,0.004,-0.002,0.054
US.IBM210709C135000,AMERICAN,Call,NORMAL,13,10,0.03968253968253968,100.0,135.0,11.2,11.2,0.0,0.0,11.2,1,0,0.0,28.362,-0.435,0.931,0.015,0.038,-0.036,0.051
US.IBM210709C136000,AMERICAN,Call,NORMAL,13,10,0.03968253968253968,100.0,136.0,0.0,0.0,0.0,0.0,0.0,0,0,0.0,18.119,-7.382,0.982,0.007,0.012,-0.007,0.054
US.IBM210709C137000,AMERICAN,Call,NORMAL,13,10,0.03968253968253968,100.0,137.0,0.0,0.0,0.0,0.0,0.0,0,0,0.0,19.283,-6.701,0.963,0.013,0.023,-0.015,0.054
US.IBM210709C138000,AMERICAN,Call,NORMAL,13,10,0.03968253968253968,100.0,138.0,6.5,6.5,0.0,0.0,6.5,5,0,0.0,20.046,-1.593,0.938,0.019,0.035,-0.023,0.053
US.IBM210709C139000,AMERICAN,Call,NORMAL,13,10,0.03968253968253968,100.0,139.0,0.0,0.0,0.0,0.0,0.0,0,0,0.0,24.509,-5.339,0.87,0.028,0.062,-0.05,0.049
US.IBM210709C140000,AMERICAN,Call,NORMAL,13,10,0.03968253968253968,100.0,140.0,6.95,6.95,0.0,0.0,6.95,32,0,0.0,0.0,0.074,0.0,0.0,0.0,0.0,0.0
US.IBM210709C141000,AMERICAN,Call,NORMAL,13,10,0.03968253968253968,100.0,141.0,5.26,5.26,0.0,0.0,5.26,15,0,0.0,16.87,-0.394,0.885,0.037,0.056,-0.031,0.051
US.IBM210709C142000,AMERICAN,Call,NORMAL,13,10,0.03968253968253968,100.0,142.0,4.3,4.25,4.3,4.2,4.41,38,5,2125.0,16.953,-0.367,0.839,0.047,0.071,-0.04,0.048
US.IBM210709C143000,AMERICAN,Call,NORMAL,13,10,0.03968253968253968,100.0,143.0,3.3,3.3,0.0,0.0,3.3,29,0,0.0,16.41,-0.367,0.791,0.058,0.084,-0.046,0.046
US.IBM210709C144000,AMERICAN,Call,NORMAL,13,10,0.03968253968253968,100.0,144.0,2.88,2.73,2.88,2.73,2.57,50,10,2813.0,15.127,0.027,0.742,0.07,0.095,-0.047,0.043
US.IBM210709C145000,AMERICAN,Call,NORMAL,13,10,0.03968253968253968,100.0,145.0,2.75,1.99,2.77,1.99,2.15,165,26,6805.0,14.977,0.619,0.666,0.08,0.107,-0.053,0.039
US.IBM210709C146000,AMERICAN,Call,NORMAL,13,10,0.03968253968253968,100.0,146.0,2.1,1.76,2.1,1.63,1.58,124,79,14244.0,14.398,0.858,0.583,0.09,0.115,-0.055,0.034
US.IBM210709C147000,AMERICAN,Call,NORMAL,13,10,0.03968253968253968,100.0,147.0,1.55,1.04,1.55,1.04,0.96,224,44,5561.0,14.655,1.164,0.491,0.091,0.118,-0.057,0.029
US.IBM210709C148000,AMERICAN,Call,NORMAL,13,10,0.03968253968253968,100.0,148.0,1.12,0.82,1.12,0.79,0.86,411,21,1843.0,14.52,1.552,0.4,0.089,0.115,-0.055,0.024
US.IBM210709C149000,AMERICAN,Call,NORMAL,13,10,0.03968253968253968,100.0,149.0,0.7,0.6,0.7,0.49,0.52,79,23,1404.0,14.25,1.947,0.311,0.083,0.106,-0.05,0.018
US.IBM210709C150000,AMERICAN,Call,NORMAL,13,10,0.03968253968253968,100.0,150.0,0.52,0.43,0.57,0.39,0.47,627,182,8109.0,14.824,2.506,0.244,0.071,0.094,-0.046,0.014
US.IBM210709C152500,AMERICAN,Call,NORMAL,13,10,0.03968253968253968,100.0,152.5,0.23,0.22,0.26,0.22,0.21,1352,23,528.0,15.702,4.011,0.12,0.043,0.06,-0.031,0.007
US.IBM210709C155000,AMERICAN,Call,NORMAL,13,10,0.03968253968253968,100.0,155.0,0.15,0.15,0.15,0.15,0.16,148,6,90.0,17.39,5.659,0.064,0.024,0.038,-0.022,0.003
US.IBM210709C157500,AMERICAN,Call,NORMAL,13,10,0.03968253968253968,100.0,157.5,0.12,0.12,0.12,0.12,0.22,52,17,204.0,18.987,7.341,0.036,0.014,0.024,-0.015,0.002
US.IBM210709C160000,AMERICAN,Call,NORMAL,13,10,0.03968253968253968,100.0,160.0,0.08,0.08,0.0,0.0,0.08,159,0,0.0,23.517,9.016,0.038,0.011,0.025,-0.019,0.002
US.IBM210709C162500,AMERICAN,Call,NORMAL,13,10,0.03968253968253968,100.0,162.5,0.1,0.1,0.0,0.0,0.1,35,0,0.0,28.724,10.732,0.043,0.01,0.027,-0.026,0.002
US.IBM210709C165000,AMERICAN,Call,NORMAL,13,10,0.03968253968253968,100.0,165.0,0.07,0.07,0.07,0.07,0.08,110,25,175.0,30.67,12.414,0.032,0.008,0.022,-0.022,0.001
US.IBM210709C167500,AMERICAN,Call,NORMAL,13,10,0.03968253968253968,100.0,167.5,0.06,0.06,0.0,0.0,0.06,281,0,0.0,32.844,14.11,0.026,0.006,0.018,-0.019,0.001
US.IBM210709C170000,AMERICAN,Call,NORMAL,13,10,0.03968253968253968,100.0,170.0,0.05,0.05,0.05,0.05,0.08,152,27,135.0,32.672,15.806,0.014,0.003,0.011,-0.012,0.0
US.IBM210709C172500,AMERICAN,Call,NORMAL,13,10,0.03968253968253968,100.0,172.5,0.07,0.07,0.07,0.07,0.03,82,52,364.0,37.126,17.522,0.017,0.004,0.013,-0.016,0.001
US.IBM210709C175000,AMERICAN,Call,NORMAL,13,10,0.03968253968253968,100.0,175.0,0.03,0.03,0.0,0.0,0.03,189,0,0.0,42.963,19.197,0.024,0.004,0.017,-0.024,0.001
US.IBM210709C180000,AMERICAN,Call,NORMAL,13,10,0.03968253968253968,100.0,180.0,0.03,0.03,0.0,0.0,0.03,167,0,0.0,45.719,22.602,0.015,0.002,0.011,-0.018,0.0
US.IBM210709C185000,AMERICAN,Call,NORMAL,13,10,0.03968253968253968,100.0,185.0,0.07,0.07,0.0,0.0,0.07,155,0,0.0,52.585,26.035,0.017,0.002,0.012,-0.022,0.001
US.IBM210709P105000,AMERICAN,Put,NORMAL,13,10,0.03968253968253968,100.0,105.0,0.05,0.05,0.0,0.0,0.05,1,0,0.0,69.351,28.527,-0.007,0.0,0.005,-0.01,0.0
US.IBM210709P110000,AMERICAN,Put,NORMAL,13,10,0.03968253968253968,100.0,110.0,0.0,0.0,0.0,0.0,0.0,0,0,0.0,94.108,25.088,-0.053,0.003,0.032,-0.098,-0.003
US.IBM210709P115000,AMERICAN,Put,NORMAL,13,10,0.03968253968253968,100.0,115.0,0.0,0.0,0.0,0.0,0.0,0,0,0.0,71.182,21.683,-0.038,0.003,0.024,-0.055,-0.002
US.IBM210709P120000,AMERICAN,Put,NORMAL,13,10,0.03968253968253968,100.0,120.0,0.13,0.13,0.0,0.0,0.13,2,0,0.0,50.792,18.366,-0.022,0.003,0.015,-0.023,-0.001
US.IBM210709P125000,AMERICAN,Put,NORMAL,13,10,0.03968253968253968,100.0,125.0,0.1,0.1,0.0,0.0,0.1,6,0,0.0,40.149,14.941,-0.021,0.004,0.015,-0.017,-0.001
US.IBM210709P129000,AMERICAN,Put,NORMAL,13,10,0.03968253968253968,100.0,129.0,0.19,0.19,0.0,0.0,0.19,7,0,0.0,32.501,12.278,-0.022,0.005,0.016,-0.013,-0.001
US.IBM210709P130000,AMERICAN,Put,NORMAL,13,10,0.03968253968253968,100.0,130.0,0.11,0.11,0.0,0.0,0.11,317,0,0.0,32.215,11.543,-0.029,0.006,0.019,-0.017,-0.001
US.IBM210709P131000,AMERICAN,Put,NORMAL,13,10,0.03968253968253968,100.0,131.0,0.15,0.15,0.0,0.0,0.15,1,0,0.0,32.281,10.889,-0.037,0.008,0.024,-0.022,-0.002
US.IBM210709P132000,AMERICAN,Put,NORMAL,13,10,0.03968253968253968,100.0,132.0,0.14,0.14,0.0,0.0,0.14,1,0,0.0,33.106,10.201,-0.052,0.01,0.031,-0.031,-0.003
US.IBM210709P133000,AMERICAN,Put,NORMAL,13,10,0.03968253968253968,100.0,133.0,0.12,0.12,0.0,0.0,0.12,12,0,0.0,27.751,9.506,-0.037,0.009,0.023,-0.018,-0.002
US.IBM210709P134000,AMERICAN,Put,NORMAL,13,10,0.03968253968253968,100.0,134.0,0.87,0.87,0.0,0.0,0.87,2,0,0.0,24.251,9.336,-0.029,0.009,0.019,-0.012,-0.001
US.IBM210709P135000,AMERICAN,Put,NORMAL,13,10,0.03968253968253968,100.0,135.0,0.16,0.16,0.16,0.16,0.18,12,1,16.0,25.501,8.172,-0.049,0.013,0.03,-0.021,-0.003
US.IBM210709P136000,AMERICAN,Put,NORMAL,13,10,0.03968253968253968,100.0,136.0,0.22,0.22,0.0,0.0,0.22,9,0,0.0,24.147,7.532,-0.056,0.015,0.033,-0.022,-0.003
US.IBM210709P137000,AMERICAN,Put,NORMAL,13,10,0.03968253968253968,100.0,137.0,0.22,0.22,0.22,0.22,0.27,32,15,330.0,21.877,6.85,-0.056,0.017,0.033,-0.02,-0.003
US.IBM210709P138000,AMERICAN,Put,NORMAL,13,10,0.03968253968253968,100.0,138.0,0.29,0.29,0.0,0.0,0.29,132,0,0.0,20.451,6.217,-0.064,0.02,0.037,-0.021,-0.003
US.IBM210709P139000,AMERICAN,Put,NORMAL,13,10,0.03968253968253968,100.0,139.0,0.34,0.34,0.0,0.0,0.34,66,0,0.0,19.75,5.57,-0.082,0.025,0.044,-0.025,-0.004
US.IBM210709P140000,AMERICAN,Put,NORMAL,13,10,0.03968253968253968,100.0,140.0,0.25,0.25,0.25,0.25,0.45,97,11,275.0,17.881,4.828,-0.091,0.03,0.048,-0.024,-0.005
US.IBM210709P141000,AMERICAN,Put,NORMAL,13,10,0.03968253968253968,100.0,141.0,0.52,0.52,0.52,0.52,0.5,69,1,52.0,17.211,4.331,-0.119,0.038,0.058,-0.029,-0.007
US.IBM210709P142000,AMERICAN,Put,NORMAL,13,10,0.03968253968253968,100.0,142.0,0.38,0.58,0.58,0.38,0.64,186,6,279.0,16.25,3.554,-0.15,0.047,0.068,-0.033,-0.009
US.IBM210709P143000,AMERICAN,Put,NORMAL,13,10,0.03968253968253968,100.0,143.0,0.56,0.66,0.66,0.56,0.89,92,7,402.0,15.64,2.996,-0.197,0.058,0.081,-0.038,-0.011
US.IBM210709P144000,AMERICAN,Put,NORMAL,13,10,0.03968253968253968,100.0,144.0,0.94,1.22,1.22,0.94,1.17,135,5,553.0,15.127,2.574,-0.257,0.07,0.095,-0.043,-0.015
US.IBM210709P145000,AMERICAN,Put,NORMAL,13,10,0.03968253968253968,100.0,145.0,1.01,1.23,1.24,1.01,1.52,82,15,1815.0,14.376,1.94,-0.327,0.083,0.106,-0.047,-0.019
US.IBM210709P146000,AMERICAN,Put,NORMAL,13,10,0.03968253968253968,100.0,146.0,1.52,2.12,2.12,1.49,2.25,98,27,4523.0,14.569,1.607,-0.417,0.089,0.116,-0.052,-0.025
US.IBM210709P147000,AMERICAN,Put,NORMAL,13,10,0.03968253968253968,100.0,147.0,1.78,2.17,2.17,1.78,2.73,99,7,1310.0,14.572,1.103,-0.508,0.091,0.118,-0.053,-0.031
US.IBM210709P148000,AMERICAN,Put,NORMAL,13,10,0.03968253968253968,100.0,148.0,2.81,2.95,2.95,2.8,3.12,192,13,3701.0,14.303,1.123,-0.601,0.09,0.115,-0.05,-0.037
US.IBM210709P149000,AMERICAN,Put,NORMAL,13,10,0.03968253968253968,100.0,149.0,3.54,3.54,3.54,3.54,5.6,79,20,7080.0,14.107,0.939,-0.689,0.084,0.105,-0.045,-0.042
US.IBM210709P150000,AMERICAN,Put,NORMAL,13,10,0.03968253968253968,100.0,150.0,5.34,5.34,0.0,0.0,5.34,123,0,0.0,14.662,1.484,-0.758,0.072,0.093,-0.041,-0.047
US.IBM210709P152500,AMERICAN,Put,NORMAL,13,10,0.03968253968253968,100.0,152.5,8.92,8.92,0.0,0.0,8.92,8,0,0.0,10.137,2.22,-0.966,0.025,0.023,-0.003,-0.06
US.IBM210709P155000,AMERICAN,Put,NORMAL,13,10,0.03968253968253968,100.0,155.0,0.0,0.0,0.0,0.0,0.0,0,0,0.0,18.496,-5.557,-0.922,0.026,0.043,-0.022,-0.059
US.IBM210709P157500,AMERICAN,Put,NORMAL,13,10,0.03968253968253968,100.0,157.5,8.13,8.13,0.0,0.0,8.13,1,0,0.0,0.0,-1.722,0.0,0.0,0.0,0.0,0.0
US.IBM210709P160000,AMERICAN,Put,NORMAL,13,10,0.03968253968253968,100.0,160.0,0.0,0.0,0.0,0.0,0.0,0,0,0.0,23.908,-8.962,-0.959,0.012,0.026,-0.016,-0.063
US.IBM210709P162500,AMERICAN,Put,NORMAL,13,10,0.03968253968253968,100.0,162.5,0.0,0.0,0.0,0.0,0.0,0,0,0.0,30.074,-10.664,-0.948,0.011,0.031,-0.027,-0.063
US.IBM210709P165000,AMERICAN,Put,NORMAL,13,10,0.03968253968253968,100.0,165.0,0.0,0.0,0.0,0.0,0.0,0,0,0.0,27.98,-12.367,-0.978,0.006,0.015,-0.009,-0.066
US.IBM210709P167500,AMERICAN,Put,NORMAL,13,10,0.03968253968253968,100.0,167.5,19.0,19.0,0.0,0.0,19.0,1,0,0.0,28.934,-1.13,-0.986,0.004,0.01,-0.005,-0.068
US.IBM210709P170000,AMERICAN,Put,NORMAL,13,10,0.03968253968253968,100.0,170.0,0.0,0.0,0.0,0.0,0.0,0,0,0.0,33.893,-15.772,-0.981,0.004,0.013,-0.01,-0.068
US.IBM210709P172500,AMERICAN,Put,NORMAL,13,10,0.03968253968253968,100.0,172.5,0.0,0.0,0.0,0.0,0.0,0,0,0.0,34.408,-17.474,-0.988,0.002,0.009,-0.005,-0.07
US.IBM210709P175000,AMERICAN,Put,NORMAL,13,10,0.03968253968253968,100.0,175.0,0.0,0.0,0.0,0.0,0.0,0,0,0.0,0.0,-19.177,0.0,0.0,0.0,0.0,0.0
US.IBM210709P180000,AMERICAN,Put,NORMAL,13,10,0.03968253968253968,100.0,180.0,0.0,0.0,0.0,0.0,0.0,0,0,0.0,37.689,-22.582,-0.995,0.001,0.003,0.0,-0.073
US.IBM210709P185000,AMERICAN,Put,NORMAL,13,10,0.03968253968253968,100.0,185.0,0.0,0.0,0.0,0.0,0.0,0,0,0.0,54.044,-25.987,-0.979,0.003,0.014,-0.021,-0.075
US.IBM210716C55000,AMERICAN,Call,NORMAL,20,15,0.05952380952380952,100.0,55.0,90.5,90.5,0.0,0.0,90.5,2,0,0.0,0.0,-0.912,0.0,0.0,0.0,0.0,0.0
US.IBM210716C60000,AMERICAN,Call,NORMAL,20,15,0.05952380952380952,100.0,60.0,63.36,63.36,0.0,0.0,63.36,0,0,0.0,0.0,-15.99,0.0,0.0,0.0,0.0,0.0
US.IBM210716C65000,AMERICAN,Call,NORMAL,20,15,0.05952380952380952,100.0,65.0,58.33,58.33,0.0,0.0,58.33,0,0,0.0,0.0,-16.01,0.0,0.0,0.0,0.0,0.0
US.IBM210716C70000,AMERICAN,Call,NORMAL,20,15,0.05952380952380952,100.0,70.0,0.0,0.0,0.0,0.0,0.0,0,0,0.0,0.0,-52.329,0.0,0.0,0.0,0.0,0.0
US.IBM210716C75000,AMERICAN,Call,NORMAL,20,15,0.05952380952380952,100.0,75.0,68.8,68.8,0.0,0.0,68.8,3,0,0.0,0.0,-2.07,0.0,0.0,0.0,0.0,0.0
US.IBM210716C80000,AMERICAN,Call,NORMAL,20,15,0.05952380952380952,100.0,80.0,71.5,71.5,0.0,0.0,71.5,7,0,0.0,0.0,3.173,0.0,0.0,0.0,0.0,0.0
US.IBM210716C85000,AMERICAN,Call,NORMAL,20,15,0.05952380952380952,100.0,85.0,63.6,63.6,0.0,0.0,63.6,0,0,0.0,75.836,1.198,0.998,0.0,0.001,-0.002,0.051
US.IBM210716C90000,AMERICAN,Call,NORMAL,20,15,0.05952380952380952,100.0,90.0,61.5,61.5,0.0,0.0,61.5,9,0,0.0,0.0,3.173,0.0,0.0,0.0,0.0,0.0
US.IBM210716C95000,AMERICAN,Call,NORMAL,20,15,0.05952380952380952,100.0,95.0,46.95,46.95,0.0,0.0,46.95,6,0,0.0,0.0,-3.33,0.0,0.0,0.0,0.0,0.0
US.IBM210716C100000,AMERICAN,Call,NORMAL,20,15,0.05952380952380952,100.0,100.0,46.8,46.8,0.0,0.0,46.8,59,0,0.0,0.0,-0.027,0.0,0.0,0.0,0.0,0.0
US.IBM210716C105000,AMERICAN,Call,NORMAL,20,15,0.05952380952380952,100.0,105.0,41.06,41.06,41.06,41.06,43.4,2,1,4106.0,48.217,-0.531,0.998,0.0,0.002,-0.002,0.063
US.IBM210716C110000,AMERICAN,Call,NORMAL,20,15,0.05952380952380952,100.0,110.0,41.5,41.5,0.0,0.0,41.5,44,0,0.0,0.0,3.173,0.0,0.0,0.0,0.0,0.0
US.IBM210716C115000,AMERICAN,Call,NORMAL,20,15,0.05952380952380952,100.0,115.0,28.8,28.8,0.0,0.0,28.8,18,0,0.0,44.231,-2.07,0.989,0.001,0.01,-0.01,0.068
US.IBM210716C120000,AMERICAN,Call,NORMAL,20,15,0.05952380952380952,100.0,120.0,29.65,29.65,0.0,0.0,29.65,146,0,0.0,45.547,1.913,0.968,0.004,0.025,-0.026,0.069
US.IBM210716C125000,AMERICAN,Call,NORMAL,20,15,0.05952380952380952,100.0,125.0,21.51,21.51,0.0,0.0,21.51,366,0,0.0,0.0,-0.224,0.0,0.0,0.0,0.0,0.0
US.IBM210716C130000,AMERICAN,Call,NORMAL,20,15,0.05952380952380952,100.0,130.0,16.5,16.5,16.5,16.5,16.73,230,5,8250.0,0.0,-0.231,0.0,0.0,0.0,0.0,0.0
US.IBM210716C133000,AMERICAN,Call,NORMAL,20,15,0.05952380952380952,100.0,133.0,0.0,0.0,0.0,0.0,0.0,0,0,0.0,20.208,-9.425,0.978,0.006,0.018,-0.008,0.078
US.IBM210716C134000,AMERICAN,Call,NORMAL,20,15,0.05952380952380952,100.0,134.0,0.0,0.0,0.0,0.0,0.0,0,0,0.0,24.466,-8.744,0.939,0.013,0.042,-0.023,0.075
US.IBM210716C135000,AMERICAN,Call,NORMAL,20,15,0.05952380952380952,100.0,135.0,11.33,11.5,11.5,11.33,10.95,1215,2,2283.0,22.892,-0.347,0.936,0.014,0.044,-0.023,0.075
US.IBM210716C136000,AMERICAN,Call,NORMAL,20,15,0.05952380952380952,100.0,136.0,10.2,10.2,0.0,0.0,10.2,2,0,0.0,26.783,-0.435,0.884,0.019,0.069,-0.042,0.071
US.IBM210716C137000,AMERICAN,Call,NORMAL,20,15,0.05952380952380952,100.0,137.0,0.0,0.0,0.0,0.0,0.0,0,0,0.0,16.727,-6.701,0.956,0.014,0.032,-0.012,0.078
US.IBM210716C138000,AMERICAN,Call,NORMAL,20,15,0.05952380952380952,100.0,138.0,7.8,7.8,0.0,0.0,7.8,1,0,0.0,26.69,-0.708,0.836,0.025,0.088,-0.053,0.068
US.IBM210716C139000,AMERICAN,Call,NORMAL,20,15,0.05952380952380952,100.0,139.0,6.9,6.9,6.9,6.9,7.15,3,3,2070.0,18.136,-0.64,0.894,0.027,0.064,-0.026,0.074
US.IBM210716C140000,AMERICAN,Call,NORMAL,20,15,0.05952380952380952,100.0,140.0,7.1,6.3,7.1,6.3,6.15,3475,52,34399.0,17.755,0.177,0.867,0.032,0.076,-0.03,0.072
US.IBM210716C141000,AMERICAN,Call,NORMAL,20,15,0.05952380952380952,100.0,141.0,6.66,6.66,0.0,0.0,6.66,0,0,0.0,17.631,0.558,0.831,0.039,0.089,-0.035,0.07
US.IBM210716C142000,AMERICAN,Call,NORMAL,20,15,0.05952380952380952,100.0,142.0,5.3,4.45,5.31,4.45,4.15,19,20,9930.0,16.136,0.313,0.806,0.046,0.097,-0.035,0.068
US.IBM210716C143000,AMERICAN,Call,NORMAL,20,15,0.05952380952380952,100.0,143.0,3.42,3.54,3.54,3.42,3.9,17,6,2112.0,16.303,-0.286,0.752,0.053,0.112,-0.041,0.064
US.IBM210716C144000,AMERICAN,Call,NORMAL,20,15,0.05952380952380952,100.0,144.0,3.55,3.15,3.55,2.8,2.85,36,24,7405.0,15.987,0.483,0.697,0.06,0.124,-0.045,0.059
US.IBM210716C145000,AMERICAN,Call,NORMAL,20,15,0.05952380952380952,100.0,145.0,2.89,2.52,2.9,2.33,2.59,6296,417,113955.0,15.628,0.715,0.635,0.066,0.134,-0.047,0.054
US.IBM210716C146000,AMERICAN,Call,NORMAL,20,15,0.05952380952380952,100.0,146.0,2.52,2.0,2.67,1.84,2.07,299,471,111683.0,15.888,1.144,0.566,0.068,0.141,-0.051,0.049
US.IBM210716C147000,AMERICAN,Call,NORMAL,20,15,0.05952380952380952,100.0,147.0,2.05,1.56,2.13,1.37,1.63,746,90,15295.0,15.164,1.505,0.495,0.072,0.143,-0.049,0.043
US.IBM210716C148000,AMERICAN,Call,NORMAL,20,15,0.05952380952380952,100.0,148.0,1.7,1.21,1.7,1.18,1.33,222,144,20704.0,15.127,1.947,0.423,0.071,0.141,-0.048,0.037
US.IBM210716C149000,AMERICAN,Call,NORMAL,20,15,0.05952380952380952,100.0,149.0,1.21,0.93,1.21,0.8,1.03,213,26,2497.0,15.456,2.295,0.357,0.067,0.135,-0.047,0.031
US.IBM210716C150000,AMERICAN,Call,NORMAL,20,15,0.05952380952380952,100.0,150.0,0.98,0.72,0.98,0.65,0.75,17660,337,25228.0,15.149,2.819,0.29,0.063,0.124,-0.042,0.025
US.IBM210716C152500,AMERICAN,Call,NORMAL,20,15,0.05952380952380952,100.0,152.5,0.47,0.41,0.48,0.38,0.41,791,40,1755.0,15.763,4.174,0.169,0.045,0.092,-0.033,0.015
US.IBM210716C155000,AMERICAN,Call,NORMAL,20,15,0.05952380952380952,100.0,155.0,0.26,0.25,0.28,0.22,0.26,4434,162,3889.0,17.228,5.734,0.104,0.029,0.066,-0.026,0.009
US.IBM210716C157500,AMERICAN,Call,NORMAL,20,15,0.05952380952380952,100.0,157.5,0.18,0.16,0.18,0.16,0.17,135,6,103.0,18.52,7.382,0.064,0.019,0.046,-0.019,0.005
US.IBM210716C160000,AMERICAN,Call,NORMAL,20,15,0.05952380952380952,100.0,160.0,0.14,0.14,0.14,0.13,0.15,4192,185,2539.0,20.78,9.057,0.048,0.013,0.037,-0.017,0.004
US.IBM210716C162500,AMERICAN,Call,NORMAL,20,15,0.05952380952380952,100.0,162.5,0.13,0.13,0.0,0.0,0.13,108,0,0.0,22.597,10.753,0.036,0.009,0.029,-0.014,0.003
US.IBM210716C165000,AMERICAN,Call,NORMAL,20,15,0.05952380952380952,100.0,165.0,0.1,0.1,0.1,0.09,0.12,1474,3,29.0,25.148,12.435,0.031,0.007,0.026,-0.014,0.002
US.IBM210716C167500,AMERICAN,Call,NORMAL,20,15,0.05952380952380952,100.0,167.5,0.11,0.11,0.0,0.0,0.11,318,0,0.0,28.762,14.144,0.033,0.007,0.027,-0.017,0.002
US.IBM210716C170000,AMERICAN,Call,NORMAL,20,15,0.05952380952380952,100.0,170.0,0.09,0.09,0.09,0.09,0.09,1642,2,18.0,28.877,15.833,0.021,0.004,0.018,-0.012,0.001
US.IBM210716C175000,AMERICAN,Call,NORMAL,20,15,0.05952380952380952,100.0,175.0,0.08,0.08,0.08,0.08,0.08,711,10,80.0,33.903,19.231,0.019,0.003,0.017,-0.013,0.001
US.IBM210716C180000,AMERICAN,Call,NORMAL,20,15,0.05952380952380952,100.0,180.0,0.07,0.08,0.08,0.07,0.08,234,103,821.0,37.412,22.63,0.015,0.002,0.013,-0.011,0.001
US.IBM210716C185000,AMERICAN,Call,NORMAL,20,15,0.05952380952380952,100.0,185.0,0.06,0.06,0.06,0.06,0.06,364,1,6.0,40.817,26.028,0.012,0.002,0.011,-0.01,0.001
US.IBM210716C190000,AMERICAN,Call,NORMAL,20,15,0.05952380952380952,100.0,190.0,0.04,0.04,0.0,0.0,0.04,377,0,0.0,42.667,29.419,0.008,0.001,0.008,-0.007,0.0
US.IBM210716C195000,AMERICAN,Call,NORMAL,20,15,0.05952380952380952,100.0,195.0,0.03,0.03,0.0,0.0,0.03,332,0,0.0,44.898,32.818,0.005,0.001,0.006,-0.006,0.0
US.IBM210716C200000,AMERICAN,Call,NORMAL,20,15,0.05952380952380952,100.0,200.0,0.04,0.04,0.0,0.0,0.04,1200,0,0.0,49.972,36.229,0.007,0.001,0.007,-0.008,0.0
US.IBM210716P55000,AMERICAN,Put,NORMAL,20,15,0.05952380952380952,100.0,55.0,0.03,0.03,0.0,0.0,0.03,120,0,0.0,146.102,62.564,-0.001,0.0,0.002,-0.005,0.0
US.IBM210716P60000,AMERICAN,Put,NORMAL,20,15,0.05952380952380952,100.0,60.0,0.02,0.02,0.0,0.0,0.02,34,0,0.0,128.631,59.152,-0.001,0.0,0.001,-0.003,0.0
US.IBM210716P65000,AMERICAN,Put,NORMAL,20,15,0.05952380952380952,100.0,65.0,0.05,0.05,0.0,0.0,0.05,525,0,0.0,129.241,55.768,-0.003,0.0,0.003,-0.008,0.0
US.IBM210716P70000,AMERICAN,Put,NORMAL,20,15,0.05952380952380952,100.0,70.0,0.02,0.02,0.0,0.0,0.02,409,0,0.0,107.574,52.342,-0.001,0.0,0.001,-0.002,0.0
US.IBM210716P75000,AMERICAN,Put,NORMAL,20,15,0.05952380952380952,100.0,75.0,0.02,0.02,0.0,0.0,0.02,259,0,0.0,98.114,48.937,-0.001,0.0,0.002,-0.002,0.0
US.IBM210716P80000,AMERICAN,Put,NORMAL,20,15,0.05952380952380952,100.0,80.0,0.01,0.01,0.0,0.0,0.01,319,0,0.0,83.694,45.525,-0.001,0.0,0.001,0.0,0.0
US.IBM210716P85000,AMERICAN,Put,NORMAL,20,15,0.05952380952380952,100.0,85.0,0.02,0.02,0.0,0.0,0.02,230,0,0.0,80.947,42.127,-0.002,0.0,0.002,-0.002,0.0
US.IBM210716P90000,AMERICAN,Put,NORMAL,20,15,0.05952380952380952,100.0,90.0,0.05,0.05,0.0,0.0,0.05,581,0,0.0,80.68,38.742,-0.005,0.0,0.005,-0.007,0.0
US.IBM210716P95000,AMERICAN,Put,NORMAL,20,15,0.05952380952380952,100.0,95.0,0.01,0.02,0.02,0.01,0.14,1429,2,3.0,78.601,35.31,-0.009,0.0,0.009,-0.013,0.0
US.IBM210716P100000,AMERICAN,Put,NORMAL,20,15,0.05952380952380952,100.0,100.0,0.03,0.03,0.03,0.03,0.04,3594,1,3.0,68.683,31.919,-0.009,0.0,0.008,-0.01,0.0
US.IBM210716P105000,AMERICAN,Put,NORMAL,20,15,0.05952380952380952,100.0,105.0,0.05,0.05,0.0,0.0,0.05,4747,0,0.0,63.581,28.527,-0.013,0.001,0.012,-0.014,-0.001
US.IBM210716P110000,AMERICAN,Put,NORMAL,20,15,0.05952380952380952,100.0,110.0,0.11,0.11,0.0,0.0,0.11,2059,0,0.0,57.163,25.163,-0.016,0.001,0.014,-0.016,-0.001
US.IBM210716P115000,AMERICAN,Put,NORMAL,20,15,0.05952380952380952,100.0,115.0,0.12,0.12,0.0,0.0,0.12,3868,0,0.0,44.708,21.765,-0.011,0.001,0.01,-0.007,-0.001
US.IBM210716P120000,AMERICAN,Put,NORMAL,20,15,0.05952380952380952,100.0,120.0,0.08,0.09,0.09,0.08,0.1,3099,5,44.0,41.694,18.332,-0.021,0.003,0.018,-0.014,-0.001
US.IBM210716P125000,AMERICAN,Put,NORMAL,20,15,0.05952380952380952,100.0,125.0,0.11,0.1,0.11,0.1,0.11,1578,6,65.0,33.168,14.948,-0.021,0.004,0.018,-0.01,-0.001
US.IBM210716P130000,AMERICAN,Put,NORMAL,20,15,0.05952380952380952,100.0,130.0,0.13,0.16,0.16,0.12,0.14,1677,316,4109.0,26.817,11.556,-0.029,0.006,0.024,-0.011,-0.002
US.IBM210716P133000,AMERICAN,Put,NORMAL,20,15,0.05952380952380952,100.0,133.0,0.16,0.16,0.16,0.16,0.19,3,3,48.0,23.579,9.534,-0.041,0.01,0.031,-0.013,-0.003
US.IBM210716P134000,AMERICAN,Put,NORMAL,20,15,0.05952380952380952,100.0,134.0,0.18,0.18,0.18,0.18,0.26,7,1,18.0,22.411,8.866,-0.045,0.011,0.033,-0.013,-0.004
US.IBM210716P135000,AMERICAN,Put,NORMAL,20,15,0.05952380952380952,100.0,135.0,0.18,0.23,0.23,0.18,0.25,3382,92,1799.0,21.963,8.185,-0.056,0.014,0.04,-0.016,-0.005
US.IBM210716P136000,AMERICAN,Put,NORMAL,20,15,0.05952380952380952,100.0,136.0,0.23,0.28,0.28,0.23,0.3,40,3,77.0,21.095,7.538,-0.066,0.016,0.045,-0.018,-0.005
US.IBM210716P137000,AMERICAN,Put,NORMAL,20,15,0.05952380952380952,100.0,137.0,0.26,0.32,0.32,0.26,0.4,64,6,181.0,19.617,6.878,-0.071,0.018,0.048,-0.017,-0.006
US.IBM210716P138000,AMERICAN,Put,NORMAL,20,15,0.05952380952380952,100.0,138.0,0.31,0.31,0.31,0.31,0.51,205,6,186.0,19.021,6.231,-0.088,0.022,0.056,-0.02,-0.007
US.IBM210716P139000,AMERICAN,Put,NORMAL,20,15,0.05952380952380952,100.0,139.0,0.41,0.44,0.44,0.39,0.55,62,40,1634.0,17.828,5.618,-0.101,0.027,0.062,-0.021,-0.008
US.IBM210716P140000,AMERICAN,Put,NORMAL,20,15,0.05952380952380952,100.0,140.0,0.43,0.68,0.68,0.43,0.62,2666,103,5286.0,17.883,4.95,-0.134,0.032,0.076,-0.027,-0.011
US.IBM210716P141000,AMERICAN,Put,NORMAL,20,15,0.05952380952380952,100.0,141.0,0.57,0.83,0.83,0.57,0.9,39,38,2466.0,17.015,4.365,-0.16,0.039,0.086,-0.029,-0.014
US.IBM210716P142000,AMERICAN,Put,NORMAL,20,15,0.05952380952380952,100.0,142.0,0.71,0.89,0.89,0.68,0.97,317,600,46724.0,16.286,3.779,-0.195,0.046,0.098,-0.032,-0.017
US.IBM210716P143000,AMERICAN,Put,NORMAL,20,15,0.05952380952380952,100.0,143.0,0.9,1.25,1.29,0.88,1.29,103,154,15393.0,16.127,3.228,-0.245,0.053,0.112,-0.037,-0.021
US.IBM210716P144000,AMERICAN,Put,NORMAL,20,15,0.05952380952380952,100.0,144.0,1.13,1.7,1.7,1.12,1.5,199,45,5826.0,15.588,2.703,-0.298,0.061,0.124,-0.039,-0.026
US.IBM210716P145000,AMERICAN,Put,NORMAL,20,15,0.05952380952380952,100.0,145.0,1.46,2.1,2.2,1.42,1.92,5474,830,139332.0,15.11,2.247,-0.36,0.068,0.134,-0.042,-0.032
US.IBM210716P146000,AMERICAN,Put,NORMAL,20,15,0.05952380952380952,100.0,146.0,1.78,2.55,2.58,1.78,2.85,225,24,5666.0,15.288,1.784,-0.431,0.071,0.141,-0.045,-0.038
US.IBM210716P147000,AMERICAN,Put,NORMAL,20,15,0.05952380952380952,100.0,147.0,3.05,3.05,3.05,3.05,2.99,80,1,305.0,15.199,1.968,-0.504,0.072,0.143,-0.045,-0.045
US.IBM210716P148000,AMERICAN,Put,NORMAL,20,15,0.05952380952380952,100.0,148.0,3.47,3.65,3.65,3.47,3.92,17,21,7485.0,15.163,1.573,-0.576,0.071,0.141,-0.044,-0.052
US.IBM210716P149000,AMERICAN,Put,NORMAL,20,15,0.05952380952380952,100.0,149.0,3.92,3.92,3.92,3.92,4.25,28,1,392.0,14.449,1.198,-0.653,0.071,0.134,-0.039,-0.059
US.IBM210716P150000,AMERICAN,Put,NORMAL,20,15,0.05952380952380952,100.0,150.0,4.27,5.35,5.35,4.27,5.25,11145,26,12370.0,14.864,0.755,-0.713,0.064,0.123,-0.037,-0.065
US.IBM210716P152500,AMERICAN,Put,NORMAL,20,15,0.05952380952380952,100.0,152.5,6.91,6.92,6.92,6.91,7.23,3,20,13830.0,17.44,0.851,-0.805,0.044,0.1,-0.035,-0.074
US.IBM210716P155000,AMERICAN,Put,NORMAL,20,15,0.05952380952380952,100.0,155.0,9.63,9.63,0.0,0.0,9.63,317,0,0.0,0.0,1.001,0.0,0.0,0.0,0.0,0.0
US.IBM210716P157500,AMERICAN,Put,NORMAL,20,15,0.05952380952380952,100.0,157.5,0.0,0.0,0.0,0.0,0.0,0,0,0.0,0.0,-7.259,0.0,0.0,0.0,0.0,0.0
US.IBM210716P160000,AMERICAN,Put,NORMAL,20,15,0.05952380952380952,100.0,160.0,14.46,14.46,0.0,0.0,14.46,57,0,0.0,19.75,0.885,-0.959,0.012,0.032,-0.01,-0.092
US.IBM210716P162500,AMERICAN,Put,NORMAL,20,15,0.05952380952380952,100.0,162.5,0.0,0.0,0.0,0.0,0.0,0,0,0.0,20.551,-10.664,-0.976,0.007,0.02,-0.005,-0.095
US.IBM210716P165000,AMERICAN,Put,NORMAL,20,15,0.05952380952380952,100.0,165.0,21.08,21.08,0.0,0.0,21.08,27,0,0.0,25.339,1.988,-0.967,0.008,0.026,-0.01,-0.096
US.IBM210716P167500,AMERICAN,Put,NORMAL,20,15,0.05952380952380952,100.0,167.5,0.0,0.0,0.0,0.0,0.0,0,0,0.0,28.944,-14.069,-0.965,0.007,0.028,-0.013,-0.098
US.IBM210716P170000,AMERICAN,Put,NORMAL,20,15,0.05952380952380952,100.0,170.0,23.36,23.36,0.0,0.0,23.36,11,0,0.0,27.999,0.136,-0.981,0.004,0.016,-0.005,-0.1
US.IBM210716P175000,AMERICAN,Put,NORMAL,20,15,0.05952380952380952,100.0,175.0,29.2,29.2,0.0,0.0,29.2,12,0,0.0,32.634,0.708,-0.984,0.003,0.014,-0.006,-0.104
US.IBM210716P180000,AMERICAN,Put,NORMAL,20,15,0.05952380952380952,100.0,180.0,36.25,36.25,0.0,0.0,36.25,3,0,0.0,40.178,2.104,-0.977,0.003,0.019,-0.012,-0.106
US.IBM210716P185000,AMERICAN,Put,NORMAL,20,15,0.05952380952380952,100.0,185.0,69.3,69.3,0.0,0.0,69.3,7,0,0.0,47.168,21.206,-0.973,0.003,0.022,-0.018,-0.109
US.IBM210716P190000,AMERICAN,Put,NORMAL,20,15,0.05952380952380952,100.0,190.0,68.0,68.0,0.0,0.0,68.0,0,0,0.0,0.0,16.916,0.0,0.0,0.0,0.0,0.0
US.IBM210716P195000,AMERICAN,Put,NORMAL,20,15,0.05952380952380952,100.0,195.0,73.1,73.1,0.0,0.0,73.1,0,0,0.0,54.54,16.984,-0.979,0.002,0.017,-0.016,-0.115
US.IBM210716P200000,AMERICAN,Put,NORMAL,20,15,0.05952380952380952,100.0,200.0,62.41,62.41,0.0,0.0,62.41,0,0,0.0,0.0,6.299,0.0,0.0,0.0,0.0,0.0
US.IBM210723C115000,AMERICAN,Call,NORMAL,27,20,0.07936507936507936,100.0,115.0,0.0,0.0,0.0,0.0,0.0,0,0,0.0,41.999,-21.683,0.983,0.002,0.017,-0.012,0.089
US.IBM210723C120000,AMERICAN,Call,NORMAL,27,20,0.07936507936507936,100.0,120.0,26.25,26.25,26.25,26.25,26.25,0,1,2625.0,35.6,-0.401,0.98,0.003,0.019,-0.011,0.093
US.IBM210723C125000,AMERICAN,Call,NORMAL,27,20,0.07936507936507936,100.0,125.0,0.0,0.0,0.0,0.0,0.0,0,0,0.0,36.106,-14.873,0.948,0.006,0.043,-0.026,0.093
US.IBM210723C130000,AMERICAN,Call,NORMAL,27,20,0.07936507936507936,100.0,130.0,17.06,17.06,0.0,0.0,17.06,20,0,0.0,24.809,0.149,0.962,0.007,0.033,-0.014,0.098
US.IBM210723C131000,AMERICAN,Call,NORMAL,27,20,0.07936507936507936,100.0,131.0,0.0,0.0,0.0,0.0,0.0,0,0,0.0,31.585,-10.787,0.907,0.012,0.067,-0.036,0.093
US.IBM210723C132000,AMERICAN,Call,NORMAL,27,20,0.07936507936507936,100.0,132.0,0.0,0.0,0.0,0.0,0.0,0,0,0.0,31.697,-10.106,0.891,0.013,0.076,-0.041,0.091
US.IBM210723C133000,AMERICAN,Call,NORMAL,27,20,0.07936507936507936,100.0,133.0,14.9,14.9,0.0,0.0,14.9,1,0,0.0,29.745,0.721,0.889,0.015,0.077,-0.039,0.092
US.IBM210723C134000,AMERICAN,Call,NORMAL,27,20,0.07936507936507936,100.0,134.0,0.0,0.0,0.0,0.0,0.0,0,0,0.0,21.805,-8.744,0.935,0.013,0.051,-0.019,0.098
US.IBM210723C135000,AMERICAN,Call,NORMAL,27,20,0.07936507936507936,100.0,135.0,11.3,11.3,0.0,0.0,11.3,22,0,0.0,27.63,-0.367,0.868,0.018,0.087,-0.041,0.091
US.IBM210723C136000,AMERICAN,Call,NORMAL,27,20,0.07936507936507936,100.0,136.0,0.0,0.0,0.0,0.0,0.0,0,0,0.0,26.478,-7.382,0.856,0.02,0.092,-0.042,0.09
US.IBM210723C137000,AMERICAN,Call,NORMAL,27,20,0.07936507936507936,100.0,137.0,8.84,8.84,0.0,0.0,8.84,5,0,0.0,26.49,-0.681,0.832,0.022,0.102,-0.046,0.088
US.IBM210723C138000,AMERICAN,Call,NORMAL,27,20,0.07936507936507936,100.0,138.0,12.01,12.01,0.0,0.0,12.01,1,0,0.0,24.682,2.158,0.822,0.025,0.106,-0.045,0.088
US.IBM210723C139000,AMERICAN,Call,NORMAL,27,20,0.07936507936507936,100.0,139.0,9.3,9.3,0.0,0.0,9.3,1,0,0.0,25.225,0.994,0.79,0.027,0.118,-0.051,0.085
US.IBM210723C140000,AMERICAN,Call,NORMAL,27,20,0.07936507936507936,100.0,140.0,8.7,8.7,0.0,0.0,8.7,4,0,0.0,23.875,1.266,0.77,0.03,0.124,-0.051,0.083
US.IBM210723C141000,AMERICAN,Call,NORMAL,27,20,0.07936507936507936,100.0,141.0,6.95,7.0,7.0,6.95,6.55,2,2,1395.0,27.902,0.755,0.71,0.029,0.14,-0.067,0.076
US.IBM210723C142000,AMERICAN,Call,NORMAL,27,20,0.07936507936507936,100.0,142.0,6.56,6.56,6.56,6.56,6.8,1,2,1312.0,24.604,1.171,0.697,0.034,0.143,-0.06,0.076
US.IBM210723C143000,AMERICAN,Call,NORMAL,27,20,0.07936507936507936,100.0,143.0,5.8,5.73,5.8,5.73,5.32,81,52,30146.0,24.138,1.334,0.663,0.036,0.15,-0.062,0.073
US.IBM210723C144000,AMERICAN,Call,NORMAL,27,20,0.07936507936507936,100.0,144.0,5.25,5.1,5.25,5.1,4.98,70,3,1560.0,25.056,1.641,0.622,0.036,0.156,-0.067,0.068
US.IBM210723C145000,AMERICAN,Call,NORMAL,27,20,0.07936507936507936,100.0,145.0,4.45,4.55,4.55,4.1,4.55,116,13,5628.0,25.373,1.777,0.583,0.037,0.161,-0.07,0.064
US.IBM210723C146000,AMERICAN,Call,NORMAL,27,20,0.07936507936507936,100.0,146.0,4.4,3.65,4.5,3.65,3.9,189,34,14323.0,25.445,2.424,0.546,0.037,0.163,-0.071,0.06
US.IBM210723C147000,AMERICAN,Call,NORMAL,27,20,0.07936507936507936,100.0,147.0,3.78,3.25,3.78,3.25,3.45,704,17,5940.0,24.679,2.683,0.507,0.039,0.165,-0.07,0.056
US.IBM210723C148000,AMERICAN,Call,NORMAL,27,20,0.07936507936507936,100.0,148.0,3.2,3.05,3.2,3.05,3.14,99,11,3475.0,24.743,2.969,0.468,0.038,0.164,-0.07,0.052
US.IBM210723C149000,AMERICAN,Call,NORMAL,27,20,0.07936507936507936,100.0,149.0,2.83,2.65,2.83,2.65,2.69,167,15,4131.0,24.42,3.398,0.429,0.038,0.162,-0.068,0.048
US.IBM210723C150000,AMERICAN,Call,NORMAL,27,20,0.07936507936507936,100.0,150.0,2.61,2.2,2.61,2.2,2.33,473,29,7187.0,25.01,3.929,0.394,0.037,0.159,-0.068,0.044
US.IBM210723C152500,AMERICAN,Call,NORMAL,27,20,0.07936507936507936,100.0,152.5,1.72,1.62,1.72,1.62,1.53,783,38,6398.0,24.65,5.025,0.305,0.034,0.145,-0.061,0.034
US.IBM210723C155000,AMERICAN,Call,NORMAL,27,20,0.07936507936507936,100.0,155.0,1.31,1.14,1.31,1.12,1.16,490,33,3877.0,25.081,6.449,0.232,0.029,0.127,-0.055,0.026
US.IBM210723C157500,AMERICAN,Call,NORMAL,27,20,0.07936507936507936,100.0,157.5,0.83,0.79,0.83,0.79,0.79,94,11,909.0,25.155,7.824,0.17,0.024,0.106,-0.045,0.019
US.IBM210723C160000,AMERICAN,Call,NORMAL,27,20,0.07936507936507936,100.0,160.0,0.56,0.56,0.56,0.56,0.58,99,11,616.0,25.83,9.343,0.126,0.019,0.087,-0.038,0.014
US.IBM210723C162500,AMERICAN,Call,NORMAL,27,20,0.07936507936507936,100.0,162.5,0.43,0.43,0.43,0.43,0.56,29,3,129.0,24.542,10.957,0.076,0.014,0.06,-0.025,0.008
US.IBM210723C165000,AMERICAN,Call,NORMAL,27,20,0.07936507936507936,100.0,165.0,0.33,0.33,0.0,0.0,0.33,238,0,0.0,27.828,12.591,0.074,0.012,0.058,-0.028,0.008
US.IBM210723C167500,AMERICAN,Call,NORMAL,27,20,0.07936507936507936,100.0,167.5,0.25,0.25,0.25,0.25,0.28,22,1,25.0,28.543,14.239,0.055,0.009,0.047,-0.023,0.006
US.IBM210723C170000,AMERICAN,Call,NORMAL,27,20,0.07936507936507936,100.0,170.0,0.24,0.24,0.0,0.0,0.24,50,0,0.0,29.959,15.935,0.045,0.007,0.04,-0.02,0.005
US.IBM210723C172500,AMERICAN,Call,NORMAL,27,20,0.07936507936507936,100.0,172.5,0.18,0.18,0.0,0.0,0.18,22,0,0.0,33.335,17.597,0.047,0.007,0.041,-0.024,0.005
US.IBM210723C175000,AMERICAN,Call,NORMAL,27,20,0.07936507936507936,100.0,175.0,0.24,0.24,0.0,0.0,0.24,195,0,0.0,35.157,19.34,0.042,0.006,0.038,-0.023,0.004
US.IBM210723C180000,AMERICAN,Call,NORMAL,27,20,0.07936507936507936,100.0,180.0,0.26,0.26,0.0,0.0,0.26,5,0,0.0,40.04,22.759,0.04,0.005,0.036,-0.025,0.004
US.IBM210723C185000,AMERICAN,Call,NORMAL,27,20,0.07936507936507936,100.0,185.0,0.2,0.2,0.0,0.0,0.2,1,0,0.0,42.386,26.123,0.03,0.003,0.028,-0.021,0.003
US.IBM210723C190000,AMERICAN,Call,NORMAL,27,20,0.07936507936507936,100.0,190.0,0.0,0.0,0.0,0.0,0.0,0,0,0.0,56.037,29.392,0.06,0.005,0.05,-0.048,0.006
US.IBM210723P115000,AMERICAN,Put,NORMAL,27,20,0.07936507936507936,100.0,115.0,0.08,0.08,0.0,0.0,0.08,3,0,0.0,49.095,21.737,-0.033,0.003,0.03,-0.022,-0.004
US.IBM210723P120000,AMERICAN,Put,NORMAL,27,20,0.07936507936507936,100.0,120.0,0.23,0.23,0.23,0.23,0.42,12,1,23.0,40.817,18.435,-0.035,0.004,0.031,-0.018,-0.004
US.IBM210723P125000,AMERICAN,Put,NORMAL,27,20,0.07936507936507936,100.0,125.0,0.41,0.41,0.0,0.0,0.41,44,0,0.0,36.22,15.152,-0.051,0.006,0.043,-0.023,-0.006
US.IBM210723P130000,AMERICAN,Put,NORMAL,27,20,0.07936507936507936,100.0,130.0,0.53,0.54,0.54,0.52,0.58,381,5,267.0,32.076,11.829,-0.082,0.011,0.061,-0.03,-0.009
US.IBM210723P131000,AMERICAN,Put,NORMAL,27,20,0.07936507936507936,100.0,131.0,0.0,0.0,0.0,0.0,0.0,0,0,0.0,30.457,10.787,-0.085,0.012,0.063,-0.029,-0.01
US.IBM210723P132000,AMERICAN,Put,NORMAL,27,20,0.07936507936507936,100.0,132.0,0.62,0.65,0.65,0.62,0.65,0,45,2913.0,29.215,10.528,-0.091,0.013,0.066,-0.03,-0.01
US.IBM210723P133000,AMERICAN,Put,NORMAL,27,20,0.07936507936507936,100.0,133.0,0.72,0.72,0.72,0.72,0.81,24,6,432.0,29.16,9.915,-0.106,0.015,0.075,-0.034,-0.012
US.IBM210723P134000,AMERICAN,Put,NORMAL,27,20,0.07936507936507936,100.0,134.0,0.79,0.79,0.79,0.79,1.0,6,1,79.0,28.419,9.282,-0.118,0.016,0.081,-0.036,-0.014
US.IBM210723P135000,AMERICAN,Put,NORMAL,27,20,0.07936507936507936,100.0,135.0,0.94,1.02,1.02,0.94,1.03,109,2,196.0,27.799,8.703,-0.133,0.018,0.088,-0.038,-0.015
US.IBM210723P136000,AMERICAN,Put,NORMAL,27,20,0.07936507936507936,100.0,136.0,1.02,1.06,1.06,1.02,1.23,95,8,820.0,27.368,8.076,-0.151,0.02,0.095,-0.041,-0.018
US.IBM210723P137000,AMERICAN,Put,NORMAL,27,20,0.07936507936507936,100.0,137.0,1.19,1.19,1.19,1.19,1.36,42,1,119.0,26.874,7.511,-0.17,0.022,0.103,-0.044,-0.02
US.IBM210723P138000,AMERICAN,Put,NORMAL,27,20,0.07936507936507936,100.0,138.0,1.35,1.35,1.35,1.35,1.67,236,10,1350.0,27.664,6.939,-0.201,0.024,0.115,-0.051,-0.024
US.IBM210723P139000,AMERICAN,Put,NORMAL,27,20,0.07936507936507936,100.0,139.0,1.55,1.65,1.65,1.55,1.69,261,7,1135.0,26.75,6.394,-0.222,0.026,0.122,-0.052,-0.026
US.IBM210723P140000,AMERICAN,Put,NORMAL,27,20,0.07936507936507936,100.0,140.0,1.79,2.01,2.01,1.75,1.91,196,26,4951.0,25.753,5.877,-0.244,0.029,0.128,-0.053,-0.029
US.IBM210723P141000,AMERICAN,Put,NORMAL,27,20,0.07936507936507936,100.0,141.0,2.03,2.03,2.03,2.03,2.27,116,5,1015.0,25.471,5.359,-0.273,0.031,0.137,-0.056,-0.033
US.IBM210723P142000,AMERICAN,Put,NORMAL,27,20,0.07936507936507936,100.0,142.0,2.25,2.64,2.64,2.25,2.65,44,9,2233.0,24.777,4.828,-0.303,0.033,0.143,-0.057,-0.036
US.IBM210723P143000,AMERICAN,Put,NORMAL,27,20,0.07936507936507936,100.0,143.0,2.59,2.94,2.94,2.59,2.95,126,14,4081.0,25.227,4.378,-0.341,0.034,0.151,-0.061,-0.041
US.IBM210723P144000,AMERICAN,Put,NORMAL,27,20,0.07936507936507936,100.0,144.0,3.35,3.35,0.0,0.0,3.35,133,0,0.0,25.818,4.215,-0.38,0.035,0.157,-0.065,-0.046
US.IBM210723P145000,AMERICAN,Put,NORMAL,27,20,0.07936507936507936,100.0,145.0,3.5,3.78,3.78,3.5,3.8,204,5,1852.0,24.381,3.636,-0.413,0.038,0.16,-0.063,-0.05
US.IBM210723P146000,AMERICAN,Put,NORMAL,27,20,0.07936507936507936,100.0,146.0,3.8,4.17,4.17,3.8,4.23,684,12,4792.0,25.384,3.159,-0.453,0.037,0.163,-0.067,-0.055
US.IBM210723P147000,AMERICAN,Put,NORMAL,27,20,0.07936507936507936,100.0,147.0,4.35,4.6,4.64,4.35,4.75,98,6,2718.0,24.619,2.853,-0.492,0.039,0.165,-0.065,-0.06
US.IBM210723P148000,AMERICAN,Put,NORMAL,27,20,0.07936507936507936,100.0,148.0,5.05,5.09,5.09,5.05,5.8,104,7,3539.0,24.682,2.649,-0.531,0.038,0.164,-0.066,-0.065
US.IBM210723P149000,AMERICAN,Put,NORMAL,27,20,0.07936507936507936,100.0,149.0,5.53,5.53,0.0,0.0,5.53,223,0,0.0,24.358,2.295,-0.57,0.038,0.162,-0.064,-0.07
US.IBM210723P150000,AMERICAN,Put,NORMAL,27,20,0.07936507936507936,100.0,150.0,7.25,7.25,0.0,0.0,7.25,281,0,0.0,22.521,2.785,-0.619,0.04,0.158,-0.057,-0.076
US.IBM210723P152500,AMERICAN,Put,NORMAL,27,20,0.07936507936507936,100.0,152.5,6.85,6.85,0.0,0.0,6.85,59,0,0.0,25.131,0.81,-0.69,0.034,0.146,-0.059,-0.086
US.IBM210723P155000,AMERICAN,Put,NORMAL,27,20,0.07936507936507936,100.0,155.0,6.89,6.89,0.0,0.0,6.89,11,0,0.0,26.249,-0.864,-0.755,0.029,0.13,-0.054,-0.095
US.IBM210723P157500,AMERICAN,Put,NORMAL,27,20,0.07936507936507936,100.0,157.5,13.15,13.15,0.0,0.0,13.15,1,0,0.0,26.502,1.695,-0.815,0.024,0.111,-0.046,-0.104
US.IBM210723P160000,AMERICAN,Put,NORMAL,27,20,0.07936507936507936,100.0,160.0,15.3,15.3,0.0,0.0,15.3,1,0,0.0,27.337,1.457,-0.858,0.019,0.093,-0.039,-0.111
US.IBM210723P162500,AMERICAN,Put,NORMAL,27,20,0.07936507936507936,100.0,162.5,0.0,0.0,0.0,0.0,0.0,0,0,0.0,31.738,-10.664,-0.861,0.016,0.092,-0.046,-0.113
US.IBM210723P165000,AMERICAN,Put,NORMAL,27,20,0.07936507936507936,100.0,165.0,0.0,0.0,0.0,0.0,0.0,0,0,0.0,32.191,-12.367,-0.892,0.014,0.077,-0.038,-0.118
US.IBM210723P167500,AMERICAN,Put,NORMAL,27,20,0.07936507936507936,100.0,167.5,0.0,0.0,0.0,0.0,0.0,0,0,0.0,34.07,-14.069,-0.906,0.011,0.069,-0.036,-0.122
US.IBM210723P170000,AMERICAN,Put,NORMAL,27,20,0.07936507936507936,100.0,170.0,0.0,0.0,0.0,0.0,0.0,0,0,0.0,32.534,-15.772,-0.939,0.009,0.05,-0.023,-0.128
US.IBM210723P172500,AMERICAN,Put,NORMAL,27,20,0.07936507936507936,100.0,172.5,0.0,0.0,0.0,0.0,0.0,0,0,0.0,33.922,-17.474,-0.949,0.007,0.043,-0.02,-0.131
US.IBM210723P175000,AMERICAN,Put,NORMAL,27,20,0.07936507936507936,100.0,175.0,0.0,0.0,0.0,0.0,0.0,0,0,0.0,39.01,-19.177,-0.938,0.007,0.051,-0.029,-0.132
US.IBM210723P180000,AMERICAN,Put,NORMAL,27,20,0.07936507936507936,100.0,180.0,0.0,0.0,0.0,0.0,0.0,0,0,0.0,42.095,-22.582,-0.951,0.005,0.042,-0.025,-0.137
US.IBM210723P185000,AMERICAN,Put,NORMAL,27,20,0.07936507936507936,100.0,185.0,0.0,0.0,0.0,0.0,0.0,0,0,0.0,46.51,-25.987,-0.954,0.004,0.039,-0.026,-0.142
US.IBM210723P190000,AMERICAN,Put,NORMAL,27,20,0.07936507936507936,100.0,190.0,0.0,0.0,0.0,0.0,0.0,0,0,0.0,45.967,-29.392,-0.972,0.003,0.026,-0.015,-0.147
US.IBM210730C95000,AMERICAN,Call,NORMAL,34,25,0.0992063492063492,100.0,95.0,50.5,50.5,50.5,50.5,50.35,1,1,5050.0,0.0,-0.912,0.0,0.0,0.0,0.0,0.0
US.IBM210730C100000,AMERICAN,Call,NORMAL,34,25,0.0992063492063492,100.0,100.0,0.0,0.0,0.0,0.0,0.0,0,0,0.0,0.0,-31.898,0.0,0.0,0.0,0.0,0.0
US.IBM210730C105000,AMERICAN,Call,NORMAL,34,25,0.0992063492063492,100.0,105.0,0.0,0.0,0.0,0.0,0.0,0,0,0.0,0.0,-28.493,0.0,0.0,0.0,0.0,0.0
US.IBM210730C110000,AMERICAN,Call,NORMAL,34,25,0.0992063492063492,100.0,110.0,0.0,0.0,0.0,0.0,0.0,0,0,0.0,0.0,-25.088,0.0,0.0,0.0,0.0,0.0
US.IBM210730C115000,AMERICAN,Call,NORMAL,34,25,0.0992063492063492,100.0,115.0,0.0,0.0,0.0,0.0,0.0,0,0,0.0,36.296,-21.683,0.986,0.002,0.016,-0.008,0.111
US.IBM210730C120000,AMERICAN,Call,NORMAL,34,25,0.0992063492063492,100.0,120.0,0.0,0.0,0.0,0.0,0.0,0,0,0.0,34.823,-18.278,0.971,0.004,0.029,-0.014,0.114
US.IBM210730C125000,AMERICAN,Call,NORMAL,34,25,0.0992063492063492,100.0,125.0,0.0,0.0,0.0,0.0,0.0,0,0,0.0,30.155,-14.873,0.959,0.006,0.039,-0.016,0.117
US.IBM210730C130000,AMERICAN,Call,NORMAL,34,25,0.0992063492063492,100.0,130.0,17.5,17.5,17.5,17.5,16.5,11,10,17500.0,27.21,0.449,0.928,0.01,0.061,-0.023,0.117
US.IBM210730C131000,AMERICAN,Call,NORMAL,34,25,0.0992063492063492,100.0,131.0,0.0,0.0,0.0,0.0,0.0,0,0,0.0,33.526,-10.787,0.872,0.013,0.095,-0.044,0.109
US.IBM210730C132000,AMERICAN,Call,NORMAL,34,25,0.0992063492063492,100.0,132.0,0.0,0.0,0.0,0.0,0.0,0,0,0.0,27.861,-10.106,0.896,0.013,0.081,-0.031,0.114
US.IBM210730C133000,AMERICAN,Call,NORMAL,34,25,0.0992063492063492,100.0,133.0,0.0,0.0,0.0,0.0,0.0,0,0,0.0,27.265,-9.425,0.884,0.015,0.088,-0.033,0.114
US.IBM210730C134000,AMERICAN,Call,NORMAL,34,25,0.0992063492063492,100.0,134.0,0.0,0.0,0.0,0.0,0.0,0,0,0.0,25.78,-8.744,0.879,0.016,0.091,-0.032,0.114
US.IBM210730C135000,AMERICAN,Call,NORMAL,34,25,0.0992063492063492,100.0,135.0,0.0,0.0,0.0,0.0,0.0,0,0,0.0,26.512,-8.063,0.853,0.018,0.104,-0.038,0.111
US.IBM210730C136000,AMERICAN,Call,NORMAL,34,25,0.0992063492063492,100.0,136.0,11.81,11.81,0.0,0.0,11.81,2,0,0.0,25.61,0.66,0.839,0.02,0.111,-0.039,0.11
US.IBM210730C137000,AMERICAN,Call,NORMAL,34,25,0.0992063492063492,100.0,137.0,0.0,0.0,0.0,0.0,0.0,0,0,0.0,26.869,-6.701,0.806,0.021,0.125,-0.046,0.106
US.IBM210730C138000,AMERICAN,Call,NORMAL,34,25,0.0992063492063492,100.0,138.0,8.33,8.33,0.0,0.0,8.33,1,0,0.0,22.569,-0.347,0.818,0.024,0.12,-0.037,0.109
US.IBM210730C139000,AMERICAN,Call,NORMAL,34,25,0.0992063492063492,100.0,139.0,0.0,0.0,0.0,0.0,0.0,0,0,0.0,21.498,-5.339,0.801,0.027,0.127,-0.037,0.107
US.IBM210730C140000,AMERICAN,Call,NORMAL,34,25,0.0992063492063492,100.0,140.0,7.45,7.45,7.45,7.45,8.1,28,1,745.0,27.844,0.415,0.722,0.025,0.153,-0.059,0.096
US.IBM210730C141000,AMERICAN,Call,NORMAL,34,25,0.0992063492063492,100.0,141.0,0.0,0.0,0.0,0.0,0.0,0,0,0.0,23.931,-3.977,0.718,0.03,0.154,-0.051,0.096
US.IBM210730C142000,AMERICAN,Call,NORMAL,34,25,0.0992063492063492,100.0,142.0,0.0,0.0,0.0,0.0,0.0,0,0,0.0,24.086,-3.296,0.684,0.031,0.162,-0.054,0.092
US.IBM210730C143000,AMERICAN,Call,NORMAL,34,25,0.0992063492063492,100.0,143.0,5.22,5.22,0.0,0.0,5.22,1,0,0.0,25.777,0.939,0.643,0.031,0.171,-0.061,0.087
US.IBM210730C144000,AMERICAN,Call,NORMAL,34,25,0.0992063492063492,100.0,144.0,5.05,5.05,0.0,0.0,5.05,21,0,0.0,24.907,1.505,0.613,0.033,0.175,-0.06,0.083
US.IBM210730C145000,AMERICAN,Call,NORMAL,34,25,0.0992063492063492,100.0,145.0,4.8,4.8,0.0,0.0,4.8,42,0,0.0,24.163,2.015,0.58,0.034,0.179,-0.06,0.079
US.IBM210730C146000,AMERICAN,Call,NORMAL,34,25,0.0992063492063492,100.0,146.0,4.35,4.3,4.55,4.2,4.1,75,11,4827.0,23.934,2.39,0.545,0.035,0.182,-0.06,0.074
US.IBM210730C147000,AMERICAN,Call,NORMAL,34,25,0.0992063492063492,100.0,147.0,4.15,3.85,4.2,3.75,3.4,28,9,3510.0,23.647,2.935,0.508,0.036,0.183,-0.06,0.07
US.IBM210730C148000,AMERICAN,Call,NORMAL,34,25,0.0992063492063492,100.0,148.0,3.5,3.5,3.5,3.5,3.15,17,3,1050.0,23.572,3.173,0.472,0.036,0.183,-0.06,0.065
US.IBM210730C149000,AMERICAN,Call,NORMAL,34,25,0.0992063492063492,100.0,149.0,3.15,3.15,0.0,0.0,3.15,83,0,0.0,24.398,3.616,0.439,0.035,0.182,-0.061,0.06
US.IBM210730C150000,AMERICAN,Call,NORMAL,34,25,0.0992063492063492,100.0,150.0,2.83,2.58,2.83,2.58,2.61,124,15,4002.0,23.938,4.079,0.403,0.035,0.179,-0.059,0.056
US.IBM210730C152500,AMERICAN,Call,NORMAL,34,25,0.0992063492063492,100.0,152.5,2.0,1.85,2.0,1.85,1.86,293,21,4054.0,23.689,5.216,0.318,0.032,0.165,-0.054,0.044
US.IBM210730C155000,AMERICAN,Call,NORMAL,34,25,0.0992063492063492,100.0,155.0,1.56,1.2,1.56,1.19,1.33,65,71,9948.0,23.976,6.619,0.248,0.028,0.147,-0.049,0.035
US.IBM210730C157500,AMERICAN,Call,NORMAL,34,25,0.0992063492063492,100.0,157.5,1.06,1.06,1.06,1.06,1.01,38,10,1060.0,23.912,7.981,0.185,0.024,0.124,-0.041,0.026
US.IBM210730C160000,AMERICAN,Call,NORMAL,34,25,0.0992063492063492,100.0,160.0,0.81,0.6,0.81,0.6,0.53,37,4,282.0,24.781,9.513,0.143,0.02,0.106,-0.036,0.02
US.IBM210730C162500,AMERICAN,Call,NORMAL,34,25,0.0992063492063492,100.0,162.5,0.5,0.5,0.0,0.0,0.5,15,0,0.0,25.42,11.005,0.109,0.016,0.087,-0.03,0.015
US.IBM210730C165000,AMERICAN,Call,NORMAL,34,25,0.0992063492063492,100.0,165.0,0.4,0.35,0.4,0.35,0.5,10,11,435.0,26.156,12.639,0.084,0.013,0.072,-0.026,0.012
US.IBM210730C167500,AMERICAN,Call,NORMAL,34,25,0.0992063492063492,100.0,167.5,0.51,0.51,0.0,0.0,0.51,1,0,0.0,27.956,14.417,0.072,0.01,0.064,-0.025,0.01
US.IBM210730C170000,AMERICAN,Call,NORMAL,34,25,0.0992063492063492,100.0,170.0,0.28,0.28,0.0,0.0,0.28,112,0,0.0,26.183,15.962,0.041,0.007,0.041,-0.015,0.005
US.IBM210730C172500,AMERICAN,Call,NORMAL,34,25,0.0992063492063492,100.0,172.5,0.0,0.0,0.0,0.0,0.0,0,0,0.0,28.266,17.474,0.038,0.006,0.039,-0.015,0.005
US.IBM210730C175000,AMERICAN,Call,NORMAL,34,25,0.0992063492063492,100.0,175.0,0.15,0.15,0.0,0.0,0.15,76,0,0.0,28.638,19.279,0.028,0.005,0.03,-0.012,0.004
US.IBM210730C180000,AMERICAN,Call,NORMAL,34,25,0.0992063492063492,100.0,180.0,0.0,0.0,0.0,0.0,0.0,0,0,0.0,42.014,22.582,0.069,0.006,0.062,-0.036,0.009
US.IBM210730C185000,AMERICAN,Call,NORMAL,34,25,0.0992063492063492,100.0,185.0,0.26,0.26,0.0,0.0,0.26,0,0,0.0,39.777,26.164,0.037,0.004,0.037,-0.02,0.005
US.IBM210730C190000,AMERICAN,Call,NORMAL,34,25,0.0992063492063492,100.0,190.0,0.0,0.0,0.0,0.0,0.0,0,0,0.0,49.939,29.392,0.058,0.005,0.054,-0.037,0.008
US.IBM210730C195000,AMERICAN,Call,NORMAL,34,25,0.0992063492063492,100.0,195.0,0.0,0.0,0.0,0.0,0.0,0,0,0.0,53.594,32.797,0.054,0.004,0.051,-0.038,0.007
US.IBM210730C200000,AMERICAN,Call,NORMAL,34,25,0.0992063492063492,100.0,200.0,0.0,0.0,0.0,0.0,0.0,0,0,0.0,57.072,36.202,0.051,0.004,0.048,-0.038,0.006
US.IBM210730P95000,AMERICAN,Put,NORMAL,34,25,0.0992063492063492,100.0,95.0,0.0,0.0,0.0,0.0,0.0,0,0,0.0,112.199,35.303,-0.079,0.002,0.067,-0.102,-0.013
US.IBM210730P100000,AMERICAN,Put,NORMAL,34,25,0.0992063492063492,100.0,100.0,0.0,0.0,0.0,0.0,0.0,0,0,0.0,102.047,31.898,-0.087,0.003,0.072,-0.1,-0.014
US.IBM210730P105000,AMERICAN,Put,NORMAL,34,25,0.0992063492063492,100.0,105.0,0.29,0.29,0.0,0.0,0.29,0,0,0.0,57.969,28.691,-0.026,0.002,0.028,-0.019,-0.004
US.IBM210730P110000,AMERICAN,Put,NORMAL,34,25,0.0992063492063492,100.0,110.0,0.0,0.0,0.0,0.0,0.0,0,0,0.0,59.58,25.088,-0.05,0.003,0.047,-0.036,-0.007
US.IBM210730P115000,AMERICAN,Put,NORMAL,34,25,0.0992063492063492,100.0,115.0,0.47,0.47,0.0,0.0,0.47,1,0,0.0,48.823,22.003,-0.047,0.004,0.045,-0.027,-0.007
US.IBM210730P120000,AMERICAN,Put,NORMAL,34,25,0.0992063492063492,100.0,120.0,0.29,0.33,0.33,0.29,0.31,21,16,468.0,37.713,18.475,-0.038,0.004,0.038,-0.016,-0.005
US.IBM210730P125000,AMERICAN,Put,NORMAL,34,25,0.0992063492063492,100.0,125.0,0.41,0.41,0.41,0.41,0.42,26,1,41.0,32.31,15.152,-0.05,0.006,0.047,-0.017,-0.007
US.IBM210730P130000,AMERICAN,Put,NORMAL,34,25,0.0992063492063492,100.0,130.0,0.65,0.66,0.66,0.65,0.7,50,23,1503.0,29.63,11.91,-0.087,0.011,0.072,-0.026,-0.013
US.IBM210730P131000,AMERICAN,Put,NORMAL,34,25,0.0992063492063492,100.0,131.0,0.68,0.68,0.68,0.68,0.82,6,1,68.0,35.19,11.25,-0.138,0.013,0.1,-0.045,-0.02
US.IBM210730P132000,AMERICAN,Put,NORMAL,34,25,0.0992063492063492,100.0,132.0,0.8,0.76,0.81,0.76,0.76,0,26,2095.0,33.093,10.651,-0.14,0.014,0.102,-0.043,-0.021
US.IBM210730P133000,AMERICAN,Put,NORMAL,34,25,0.0992063492063492,100.0,133.0,0.0,0.0,0.0,0.0,0.0,0,0,0.0,28.244,9.425,-0.123,0.015,0.092,-0.032,-0.018
US.IBM210730P134000,AMERICAN,Put,NORMAL,34,25,0.0992063492063492,100.0,134.0,0.0,0.0,0.0,0.0,0.0,0,0,0.0,27.637,8.744,-0.136,0.016,0.099,-0.034,-0.02
US.IBM210730P135000,AMERICAN,Put,NORMAL,34,25,0.0992063492063492,100.0,135.0,1.0,1.15,1.15,1.0,1.3,55,19,2111.0,27.21,8.744,-0.152,0.018,0.107,-0.036,-0.022
US.IBM210730P136000,AMERICAN,Put,NORMAL,34,25,0.0992063492063492,100.0,136.0,1.24,1.24,1.25,1.24,1.48,10,25,3103.0,25.831,8.226,-0.162,0.02,0.111,-0.036,-0.024
US.IBM210730P137000,AMERICAN,Put,NORMAL,34,25,0.0992063492063492,100.0,137.0,1.61,1.61,0.0,0.0,1.61,17,0,0.0,26.433,7.797,-0.19,0.022,0.124,-0.041,-0.028
US.IBM210730P138000,AMERICAN,Put,NORMAL,34,25,0.0992063492063492,100.0,138.0,1.61,1.65,1.65,1.61,1.76,55,3,491.0,25.746,7.116,-0.209,0.023,0.131,-0.043,-0.031
US.IBM210730P139000,AMERICAN,Put,NORMAL,34,25,0.0992063492063492,100.0,139.0,1.81,1.81,1.81,1.81,2.19,246,2,362.0,25.552,6.571,-0.234,0.025,0.14,-0.045,-0.035
US.IBM210730P140000,AMERICAN,Put,NORMAL,34,25,0.0992063492063492,100.0,140.0,1.95,2.32,2.32,1.91,2.33,137,14,2887.0,24.986,5.986,-0.258,0.027,0.148,-0.047,-0.038
US.IBM210730P141000,AMERICAN,Put,NORMAL,34,25,0.0992063492063492,100.0,141.0,2.5,2.5,0.0,0.0,2.5,44,0,0.0,25.204,5.679,-0.29,0.029,0.156,-0.051,-0.043
US.IBM210730P142000,AMERICAN,Put,NORMAL,34,25,0.0992063492063492,100.0,142.0,2.71,2.71,2.71,2.71,2.89,59,2,542.0,24.451,5.141,-0.317,0.031,0.163,-0.051,-0.047
US.IBM210730P143000,AMERICAN,Put,NORMAL,34,25,0.0992063492063492,100.0,143.0,3.25,3.25,0.0,0.0,3.25,65,0,0.0,24.086,4.828,-0.349,0.033,0.169,-0.052,-0.052
US.IBM210730P144000,AMERICAN,Put,NORMAL,34,25,0.0992063492063492,100.0,144.0,3.59,3.59,3.59,3.59,3.65,45,20,7180.0,24.113,4.378,-0.383,0.034,0.175,-0.054,-0.057
US.IBM210730P145000,AMERICAN,Put,NORMAL,34,25,0.0992063492063492,100.0,145.0,3.8,3.75,3.85,3.75,4.0,109,5,1895.0,24.524,3.84,-0.419,0.034,0.179,-0.057,-0.063
US.IBM210730P146000,AMERICAN,Put,NORMAL,34,25,0.0992063492063492,100.0,146.0,4.55,4.55,0.0,0.0,4.55,84,0,0.0,24.152,3.67,-0.454,0.035,0.182,-0.057,-0.069
US.IBM210730P147000,AMERICAN,Put,NORMAL,34,25,0.0992063492063492,100.0,147.0,4.89,5.2,5.2,4.89,4.85,63,9,4498.0,24.136,3.221,-0.49,0.035,0.183,-0.057,-0.074
US.IBM210730P148000,AMERICAN,Put,NORMAL,34,25,0.0992063492063492,100.0,148.0,5.45,5.45,0.0,0.0,5.45,41,0,0.0,23.245,2.921,-0.528,0.037,0.183,-0.055,-0.08
US.IBM210730P149000,AMERICAN,Put,NORMAL,34,25,0.0992063492063492,100.0,149.0,6.0,6.0,6.0,6.0,6.35,40,5,3000.0,22.83,2.615,-0.566,0.037,0.181,-0.053,-0.086
US.IBM210730P150000,AMERICAN,Put,NORMAL,34,25,0.0992063492063492,100.0,150.0,7.24,7.24,0.0,0.0,7.24,39,0,0.0,24.302,2.778,-0.595,0.034,0.179,-0.056,-0.091
US.IBM210730P152500,AMERICAN,Put,NORMAL,34,25,0.0992063492063492,100.0,152.5,7.6,7.6,0.0,0.0,7.6,33,0,0.0,21.631,1.321,-0.699,0.035,0.161,-0.044,-0.107
US.IBM210730P155000,AMERICAN,Put,NORMAL,34,25,0.0992063492063492,100.0,155.0,7.6,7.6,0.0,0.0,7.6,2,0,0.0,24.079,-0.381,-0.75,0.028,0.147,-0.045,-0.117
US.IBM210730P157500,AMERICAN,Put,NORMAL,34,25,0.0992063492063492,100.0,157.5,12.6,12.6,0.0,0.0,12.6,2,0,0.0,23.789,1.321,-0.815,0.024,0.124,-0.036,-0.129
US.IBM210730P160000,AMERICAN,Put,NORMAL,34,25,0.0992063492063492,100.0,160.0,0.0,0.0,0.0,0.0,0.0,0,0,0.0,26.168,-8.962,-0.841,0.02,0.112,-0.036,-0.135
US.IBM210730P162500,AMERICAN,Put,NORMAL,34,25,0.0992063492063492,100.0,162.5,0.0,0.0,0.0,0.0,0.0,0,0,0.0,27.484,-10.664,-0.87,0.016,0.098,-0.033,-0.142
US.IBM210730P165000,AMERICAN,Put,NORMAL,34,25,0.0992063492063492,100.0,165.0,0.0,0.0,0.0,0.0,0.0,0,0,0.0,27.682,-12.367,-0.902,0.013,0.08,-0.026,-0.148
US.IBM210730P167500,AMERICAN,Put,NORMAL,34,25,0.0992063492063492,100.0,167.5,0.0,0.0,0.0,0.0,0.0,0,0,0.0,30.255,-14.069,-0.909,0.011,0.076,-0.027,-0.152
US.IBM210730P170000,AMERICAN,Put,NORMAL,34,25,0.0992063492063492,100.0,170.0,0.0,0.0,0.0,0.0,0.0,0,0,0.0,29.203,-15.772,-0.939,0.009,0.056,-0.018,-0.159
US.IBM210730P172500,AMERICAN,Put,NORMAL,34,25,0.0992063492063492,100.0,172.5,0.0,0.0,0.0,0.0,0.0,0,0,0.0,31.442,-17.474,-0.943,0.008,0.053,-0.018,-0.162
US.IBM210730P175000,AMERICAN,Put,NORMAL,34,25,0.0992063492063492,100.0,175.0,0.0,0.0,0.0,0.0,0.0,0,0,0.0,34.098,-19.177,-0.943,0.007,0.053,-0.02,-0.164
US.IBM210730P180000,AMERICAN,Put,NORMAL,34,25,0.0992063492063492,100.0,180.0,0.0,0.0,0.0,0.0,0.0,0,0,0.0,33.245,-22.582,-0.971,0.004,0.031,-0.009,-0.173
US.IBM210730P185000,AMERICAN,Put,NORMAL,34,25,0.0992063492063492,100.0,185.0,0.0,0.0,0.0,0.0,0.0,0,0,0.0,38.509,-25.987,-0.967,0.004,0.033,-0.013,-0.177
US.IBM210730P190000,AMERICAN,Put,NORMAL,34,25,0.0992063492063492,100.0,190.0,0.0,0.0,0.0,0.0,0.0,0,0,0.0,40.364,-29.392,-0.975,0.003,0.026,-0.009,-0.183
US.IBM210730P195000,AMERICAN,Put,NORMAL,34,25,0.0992063492063492,100.0,195.0,0.0,0.0,0.0,0.0,0.0,0,0,0.0,42.657,-32.797,-0.979,0.002,0.022,-0.008,-0.189
US.IBM210730P200000,AMERICAN,Put,NORMAL,34,25,0.0992063492063492,100.0,200.0,0.0,0.0,0.0,0.0,0.0,0,0,0.0,44.565,-36.202,-0.983,0.002,0.019,-0.006,-0.195
US.IBM210806C131000,AMERICAN,Call,NORMAL,41,30,0.11904761904761904,100.0,131.0,0.0,0.0,0.0,0.0,0.0,0,0,0.0,25.641,-10.787,0.909,0.012,0.08,-0.023,0.138
US.IBM210806C132000,AMERICAN,Call,NORMAL,41,30,0.11904761904761904,100.0,132.0,0.0,0.0,0.0,0.0,0.0,0,0,0.0,27.074,-10.106,0.883,0.014,0.097,-0.03,0.134
US.IBM210806C133000,AMERICAN,Call,NORMAL,41,30,0.11904761904761904,100.0,133.0,0.0,0.0,0.0,0.0,0.0,0,0,0.0,25.452,-9.425,0.88,0.015,0.099,-0.029,0.135
US.IBM210806C134000,AMERICAN,Call,NORMAL,41,30,0.11904761904761904,100.0,134.0,0.0,0.0,0.0,0.0,0.0,0,0,0.0,26.571,-8.744,0.852,0.016,0.114,-0.035,0.131
US.IBM210806C135000,AMERICAN,Call,NORMAL,41,30,0.11904761904761904,100.0,135.0,0.0,0.0,0.0,0.0,0.0,0,0,0.0,24.689,-8.063,0.849,0.018,0.116,-0.033,0.132
US.IBM210806C136000,AMERICAN,Call,NORMAL,41,30,0.11904761904761904,100.0,136.0,0.0,0.0,0.0,0.0,0.0,0,0,0.0,25.017,-7.382,0.825,0.02,0.128,-0.037,0.129
US.IBM210806C137000,AMERICAN,Call,NORMAL,41,30,0.11904761904761904,100.0,137.0,0.0,0.0,0.0,0.0,0.0,0,0,0.0,23.3,-6.701,0.817,0.022,0.131,-0.035,0.129
US.IBM210806C138000,AMERICAN,Call,NORMAL,41,30,0.11904761904761904,100.0,138.0,0.0,0.0,0.0,0.0,0.0,0,0,0.0,24.547,-6.02,0.781,0.023,0.146,-0.041,0.123
US.IBM210806C139000,AMERICAN,Call,NORMAL,41,30,0.11904761904761904,100.0,139.0,0.0,0.0,0.0,0.0,0.0,0,0,0.0,21.572,-5.339,0.781,0.026,0.146,-0.036,0.125
US.IBM210806C140000,AMERICAN,Call,NORMAL,41,30,0.11904761904761904,100.0,140.0,0.0,0.0,0.0,0.0,0.0,0,0,0.0,22.772,-4.658,0.741,0.027,0.161,-0.042,0.118
US.IBM210806C141000,AMERICAN,Call,NORMAL,41,30,0.11904761904761904,100.0,141.0,0.0,0.0,0.0,0.0,0.0,0,0,0.0,23.497,-3.977,0.706,0.028,0.172,-0.046,0.113
US.IBM210806C142000,AMERICAN,Call,NORMAL,41,30,0.11904761904761904,100.0,142.0,0.0,0.0,0.0,0.0,0.0,0,0,0.0,21.34,-3.296,0.689,0.032,0.176,-0.043,0.111
US.IBM210806C143000,AMERICAN,Call,NORMAL,41,30,0.11904761904761904,100.0,143.0,0.0,0.0,0.0,0.0,0.0,0,0,0.0,23.056,-2.615,0.645,0.031,0.186,-0.049,0.104
US.IBM210806C144000,AMERICAN,Call,NORMAL,41,30,0.11904761904761904,100.0,144.0,0.0,0.0,0.0,0.0,0.0,0,0,0.0,23.827,-1.934,0.61,0.031,0.192,-0.053,0.099
US.IBM210806C145000,AMERICAN,Call,NORMAL,41,30,0.11904761904761904,100.0,145.0,4.65,4.65,4.65,4.65,5.04,2,1,465.0,23.38,1.913,0.578,0.033,0.196,-0.053,0.094
US.IBM210806C146000,AMERICAN,Call,NORMAL,41,30,0.11904761904761904,100.0,146.0,4.3,4.3,4.3,4.3,4.3,0,4,1720.0,23.652,2.356,0.544,0.033,0.199,-0.054,0.089
US.IBM210806C147000,AMERICAN,Call,NORMAL,41,30,0.11904761904761904,100.0,147.0,0.0,0.0,0.0,0.0,0.0,0,0,0.0,23.504,0.108,0.51,0.033,0.2,-0.054,0.083
US.IBM210806C148000,AMERICAN,Call,NORMAL,41,30,0.11904761904761904,100.0,148.0,0.0,0.0,0.0,0.0,0.0,0,0,0.0,22.691,0.789,0.475,0.034,0.2,-0.052,0.078
US.IBM210806C149000,AMERICAN,Call,NORMAL,41,30,0.11904761904761904,100.0,149.0,3.25,3.25,3.25,3.25,3.25,0,1,325.0,23.206,3.684,0.442,0.033,0.199,-0.053,0.073
US.IBM210806C150000,AMERICAN,Call,NORMAL,41,30,0.11904761904761904,100.0,150.0,2.62,2.62,2.62,2.62,2.81,1,4,1048.0,22.672,3.936,0.407,0.034,0.196,-0.051,0.067
US.IBM210806C152500,AMERICAN,Call,NORMAL,41,30,0.11904761904761904,100.0,152.5,0.0,0.0,0.0,0.0,0.0,0,0,0.0,22.671,3.854,0.327,0.031,0.183,-0.048,0.054
US.IBM210806C155000,AMERICAN,Call,NORMAL,41,30,0.11904761904761904,100.0,155.0,1.45,1.5,1.5,1.45,1.5,0,13,1935.0,22.962,6.544,0.258,0.028,0.164,-0.043,0.043
US.IBM210806C157500,AMERICAN,Call,NORMAL,41,30,0.11904761904761904,100.0,157.5,1.18,1.07,1.18,1.07,1.01,4,2,225.0,23.745,8.063,0.206,0.024,0.145,-0.04,0.034
US.IBM210806C160000,AMERICAN,Call,NORMAL,41,30,0.11904761904761904,100.0,160.0,0.0,0.0,0.0,0.0,0.0,0,0,0.0,23.657,8.962,0.154,0.02,0.121,-0.033,0.026
US.IBM210806C162500,AMERICAN,Call,NORMAL,41,30,0.11904761904761904,100.0,162.5,0.0,0.0,0.0,0.0,0.0,0,0,0.0,24.673,10.664,0.124,0.016,0.105,-0.03,0.021
US.IBM210806C165000,AMERICAN,Call,NORMAL,41,30,0.11904761904761904,100.0,165.0,0.0,0.0,0.0,0.0,0.0,0,0,0.0,25.331,12.367,0.097,0.013,0.088,-0.025,0.016
US.IBM210806C167500,AMERICAN,Call,NORMAL,41,30,0.11904761904761904,100.0,167.5,0.0,0.0,0.0,0.0,0.0,0,0,0.0,25.219,14.069,0.069,0.01,0.068,-0.02,0.011
US.IBM210806C170000,AMERICAN,Call,NORMAL,41,30,0.11904761904761904,100.0,170.0,0.0,0.0,0.0,0.0,0.0,0,0,0.0,27.129,15.772,0.063,0.009,0.064,-0.02,0.01
US.IBM210806C172500,AMERICAN,Call,NORMAL,41,30,0.11904761904761904,100.0,172.5,0.0,0.0,0.0,0.0,0.0,0,0,0.0,29.606,17.474,0.062,0.008,0.063,-0.021,0.01
US.IBM210806P131000,AMERICAN,Put,NORMAL,41,30,0.11904761904761904,100.0,131.0,0.89,0.94,0.94,0.89,0.94,0,5,465.0,27.649,11.393,-0.105,0.012,0.09,-0.025,-0.018
US.IBM210806P132000,AMERICAN,Put,NORMAL,41,30,0.11904761904761904,100.0,132.0,0.0,0.0,0.0,0.0,0.0,0,0,0.0,27.821,10.106,-0.122,0.014,0.1,-0.028,-0.021
US.IBM210806P133000,AMERICAN,Put,NORMAL,41,30,0.11904761904761904,100.0,133.0,0.0,0.0,0.0,0.0,0.0,0,0,0.0,27.98,9.425,-0.14,0.015,0.11,-0.032,-0.025
US.IBM210806P134000,AMERICAN,Put,NORMAL,41,30,0.11904761904761904,100.0,134.0,1.16,1.16,1.16,1.16,1.16,0,1,116.0,27.835,9.534,-0.157,0.016,0.119,-0.035,-0.028
US.IBM210806P135000,AMERICAN,Put,NORMAL,41,30,0.11904761904761904,100.0,135.0,1.3,1.39,1.39,1.3,1.39,0,5,686.0,26.173,8.948,-0.163,0.018,0.122,-0.033,-0.029
US.IBM210806P136000,AMERICAN,Put,NORMAL,41,30,0.11904761904761904,100.0,136.0,1.35,1.43,1.43,1.35,1.43,0,5,707.0,25.247,8.301,-0.176,0.02,0.129,-0.034,-0.031
US.IBM210806P137000,AMERICAN,Put,NORMAL,41,30,0.11904761904761904,100.0,137.0,0.0,0.0,0.0,0.0,0.0,0,0,0.0,28.315,6.701,-0.223,0.02,0.149,-0.045,-0.04
US.IBM210806P138000,AMERICAN,Put,NORMAL,41,30,0.11904761904761904,100.0,138.0,0.0,0.0,0.0,0.0,0.0,0,0,0.0,26.168,6.02,-0.23,0.022,0.151,-0.042,-0.041
US.IBM210806P139000,AMERICAN,Put,NORMAL,41,30,0.11904761904761904,100.0,139.0,2.03,2.03,2.03,2.03,2.03,0,1,203.0,24.595,6.721,-0.244,0.025,0.156,-0.04,-0.043
US.IBM210806P140000,AMERICAN,Put,NORMAL,41,30,0.11904761904761904,100.0,140.0,2.22,2.27,2.27,2.22,2.36,1,3,676.0,24.409,6.169,-0.27,0.026,0.165,-0.043,-0.048
US.IBM210806P141000,AMERICAN,Put,NORMAL,41,30,0.11904761904761904,100.0,141.0,2.58,2.58,2.58,2.58,2.64,1,4,1032.0,24.415,5.734,-0.299,0.028,0.173,-0.045,-0.053
US.IBM210806P142000,AMERICAN,Put,NORMAL,41,30,0.11904761904761904,100.0,142.0,0.0,0.0,0.0,0.0,0.0,0,0,0.0,23.702,3.296,-0.325,0.029,0.18,-0.045,-0.058
US.IBM210806P143000,AMERICAN,Put,NORMAL,41,30,0.11904761904761904,100.0,143.0,3.25,3.25,3.25,3.25,3.5,1,2,650.0,22.602,4.828,-0.351,0.032,0.186,-0.044,-0.063
US.IBM210806P144000,AMERICAN,Put,NORMAL,41,30,0.11904761904761904,100.0,144.0,3.65,3.65,3.65,3.65,3.65,0,2,730.0,23.206,4.419,-0.387,0.032,0.192,-0.047,-0.07
US.IBM210806P145000,AMERICAN,Put,NORMAL,41,30,0.11904761904761904,100.0,145.0,4.06,4.35,4.35,4.06,4.35,0,101,43906.0,22.06,4.017,-0.419,0.035,0.196,-0.046,-0.075
US.IBM210806P146000,AMERICAN,Put,NORMAL,41,30,0.11904761904761904,100.0,146.0,0.0,0.0,0.0,0.0,0.0,0,0,0.0,23.727,0.572,-0.455,0.033,0.199,-0.051,-0.082
US.IBM210806P147000,AMERICAN,Put,NORMAL,41,30,0.11904761904761904,100.0,147.0,5.4,5.4,5.4,5.4,5.4,0,16,8640.0,22.46,3.568,-0.49,0.035,0.201,-0.048,-0.089
US.IBM210806P148000,AMERICAN,Put,NORMAL,41,30,0.11904761904761904,100.0,148.0,0.0,0.0,0.0,0.0,0.0,0,0,0.0,22.517,-0.789,-0.525,0.035,0.2,-0.048,-0.095
US.IBM210806P149000,AMERICAN,Put,NORMAL,41,30,0.11904761904761904,100.0,149.0,0.0,0.0,0.0,0.0,0.0,0,0,0.0,20.891,-1.47,-0.566,0.037,0.198,-0.044,-0.103
US.IBM210806P150000,AMERICAN,Put,NORMAL,41,30,0.11904761904761904,100.0,150.0,0.0,0.0,0.0,0.0,0.0,0,0,0.0,20.955,-2.152,-0.602,0.036,0.195,-0.043,-0.11
US.IBM210806P152500,AMERICAN,Put,NORMAL,41,30,0.11904761904761904,100.0,152.5,0.0,0.0,0.0,0.0,0.0,0,0,0.0,22.864,-3.854,-0.67,0.031,0.183,-0.044,-0.124
US.IBM210806P155000,AMERICAN,Put,NORMAL,41,30,0.11904761904761904,100.0,155.0,0.0,0.0,0.0,0.0,0.0,0,0,0.0,24.023,-5.557,-0.73,0.027,0.168,-0.042,-0.137
US.IBM210806P157500,AMERICAN,Put,NORMAL,41,30,0.11904761904761904,100.0,157.5,0.0,0.0,0.0,0.0,0.0,0,0,0.0,23.571,-7.259,-0.795,0.024,0.144,-0.035,-0.15
US.IBM210806P160000,AMERICAN,Put,NORMAL,41,30,0.11904761904761904,100.0,160.0,0.0,0.0,0.0,0.0,0.0,0,0,0.0,24.951,-8.962,-0.831,0.02,0.128,-0.032,-0.159
US.IBM210806P162500,AMERICAN,Put,NORMAL,41,30,0.11904761904761904,100.0,162.5,0.0,0.0,0.0,0.0,0.0,0,0,0.0,25.615,-10.664,-0.866,0.016,0.11,-0.028,-0.168
US.IBM210806P165000,AMERICAN,Put,NORMAL,41,30,0.11904761904761904,100.0,165.0,0.0,0.0,0.0,0.0,0.0,0,0,0.0,26.707,-12.367,-0.889,0.014,0.096,-0.025,-0.175
US.IBM210806P167500,AMERICAN,Put,NORMAL,41,30,0.11904761904761904,100.0,167.5,0.0,0.0,0.0,0.0,0.0,0,0,0.0,26.412,-14.069,-0.92,0.011,0.076,-0.018,-0.183
US.IBM210806P170000,AMERICAN,Put,NORMAL,41,30,0.11904761904761904,100.0,170.0,0.0,0.0,0.0,0.0,0.0,0,0,0.0,27.129,-15.772,-0.936,0.009,0.064,-0.015,-0.189
US.IBM210806P172500,AMERICAN,Put,NORMAL,41,30,0.11904761904761904,100.0,172.5,0.0,0.0,0.0,0.0,0.0,0,0,0.0,27.866,-17.474,-0.948,0.007,0.053,-0.012,-0.194
US.IBM210820C75000,AMERICAN,Call,NORMAL,55,40,0.15873015873015872,100.0,75.0,0.0,0.0,0.0,0.0,0.0,0,0,0.0,73.776,-48.923,0.992,0.0,0.011,-0.007,0.115
US.IBM210820C80000,AMERICAN,Call,NORMAL,55,40,0.15873015873015872,100.0,80.0,0.0,0.0,0.0,0.0,0.0,0,0,0.0,0.0,-45.518,0.0,0.0,0.0,0.0,0.0
US.IBM210820C85000,AMERICAN,Call,NORMAL,55,40,0.15873015873015872,100.0,85.0,0.0,0.0,0.0,0.0,0.0,0,0,0.0,61.149,-42.113,0.991,0.0,0.013,-0.007,0.13
US.IBM210820C90000,AMERICAN,Call,NORMAL,55,40,0.15873015873015872,100.0,90.0,0.0,0.0,0.0,0.0,0.0,0,0,0.0,59.585,-38.708,0.985,0.001,0.02,-0.01,0.136
US.IBM210820C95000,AMERICAN,Call,NORMAL,55,40,0.15873015873015872,100.0,95.0,0.0,0.0,0.0,0.0,0.0,0,0,0.0,54.779,-35.303,0.982,0.001,0.024,-0.011,0.144
US.IBM210820C100000,AMERICAN,Call,NORMAL,55,40,0.15873015873015872,100.0,100.0,43.69,43.69,0.0,0.0,43.69,46,0,0.0,45.89,-2.145,0.986,0.001,0.019,-0.007,0.152
US.IBM210820C105000,AMERICAN,Call,NORMAL,55,40,0.15873015873015872,100.0,105.0,40.2,40.2,0.0,0.0,40.2,18,0,0.0,39.52,-1.116,0.986,0.001,0.019,-0.006,0.16
US.IBM210820C110000,AMERICAN,Call,NORMAL,55,40,0.15873015873015872,100.0,110.0,35.25,35.25,35.25,35.25,40.8,0,1,3525.0,38.361,-1.082,0.976,0.002,0.031,-0.01,0.165
US.IBM210820C115000,AMERICAN,Call,NORMAL,55,40,0.15873015873015872,100.0,115.0,30.3,30.3,0.0,0.0,30.3,2,0,0.0,35.147,-1.048,0.966,0.003,0.042,-0.013,0.171
US.IBM210820C120000,AMERICAN,Call,NORMAL,55,40,0.15873015873015872,100.0,120.0,29.85,29.85,0.0,0.0,29.85,3,0,0.0,30.474,2.049,0.958,0.004,0.05,-0.013,0.177
US.IBM210820C125000,AMERICAN,Call,NORMAL,55,40,0.15873015873015872,100.0,125.0,20.65,20.65,0.0,0.0,20.65,7,0,0.0,33.62,-0.81,0.899,0.008,0.1,-0.029,0.17
US.IBM210820C130000,AMERICAN,Call,NORMAL,55,40,0.15873015873015872,100.0,130.0,16.35,16.35,0.0,0.0,16.35,22,0,0.0,25.901,-0.333,0.892,0.012,0.105,-0.023,0.177
US.IBM210820C135000,AMERICAN,Call,NORMAL,55,40,0.15873015873015872,100.0,135.0,12.95,11.8,12.95,11.8,11.95,106,15,18887.0,23.391,0.755,0.83,0.018,0.144,-0.029,0.17
US.IBM210820C140000,AMERICAN,Call,NORMAL,55,40,0.15873015873015872,100.0,140.0,8.65,8.1,8.65,8.1,7.9,348,5,4165.0,21.359,1.232,0.728,0.026,0.19,-0.035,0.154
US.IBM210820C145000,AMERICAN,Call,NORMAL,55,40,0.15873015873015872,100.0,145.0,5.5,4.92,5.5,4.85,5.25,1491,96,50102.0,20.309,2.492,0.578,0.033,0.226,-0.04,0.125
US.IBM210820C150000,AMERICAN,Call,NORMAL,55,40,0.15873015873015872,100.0,150.0,3.26,2.87,3.4,2.74,2.99,2712,221,66352.0,20.359,4.372,0.411,0.033,0.226,-0.04,0.09
US.IBM210820C155000,AMERICAN,Call,NORMAL,55,40,0.15873015873015872,100.0,155.0,1.8,1.56,1.81,1.49,1.63,3088,42,6967.0,20.501,6.782,0.265,0.027,0.192,-0.034,0.059
US.IBM210820C160000,AMERICAN,Call,NORMAL,55,40,0.15873015873015872,100.0,160.0,1.01,0.87,1.01,0.86,0.92,1763,47,4247.0,21.154,9.649,0.162,0.02,0.145,-0.026,0.036
US.IBM210820C165000,AMERICAN,Call,NORMAL,55,40,0.15873015873015872,100.0,165.0,0.61,0.53,0.61,0.52,0.55,736,97,5226.0,22.301,12.782,0.1,0.013,0.104,-0.02,0.022
US.IBM210820C170000,AMERICAN,Call,NORMAL,55,40,0.15873015873015872,100.0,170.0,0.37,0.36,0.37,0.36,0.35,308,9,332.0,23.427,16.024,0.062,0.009,0.073,-0.015,0.014
US.IBM210820C175000,AMERICAN,Call,NORMAL,55,40,0.15873015873015872,100.0,175.0,0.27,0.25,0.27,0.25,0.25,284,8,211.0,24.495,19.361,0.038,0.006,0.05,-0.01,0.008
US.IBM210820C180000,AMERICAN,Call,NORMAL,55,40,0.15873015873015872,100.0,180.0,0.18,0.18,0.0,0.0,0.18,232,0,0.0,26.426,22.704,0.028,0.004,0.039,-0.009,0.006
US.IBM210820C185000,AMERICAN,Call,NORMAL,55,40,0.15873015873015872,100.0,185.0,0.17,0.17,0.17,0.17,0.17,103,35,595.0,28.886,26.103,0.024,0.003,0.034,-0.008,0.005
US.IBM210820C190000,AMERICAN,Call,NORMAL,55,40,0.15873015873015872,100.0,190.0,0.13,0.13,0.0,0.0,0.13,47,0,0.0,29.821,29.481,0.016,0.002,0.024,-0.006,0.003
US.IBM210820C195000,AMERICAN,Call,NORMAL,55,40,0.15873015873015872,100.0,195.0,0.13,0.13,0.13,0.13,0.11,146,70,910.0,32.11,32.886,0.014,0.002,0.022,-0.006,0.003
US.IBM210820C200000,AMERICAN,Call,NORMAL,55,40,0.15873015873015872,100.0,200.0,0.06,0.06,0.0,0.0,0.06,60,0,0.0,36.23,36.243,0.018,0.002,0.026,-0.008,0.004
US.IBM210820C205000,AMERICAN,Call,NORMAL,55,40,0.15873015873015872,100.0,205.0,0.08,0.08,0.08,0.08,0.1,125,35,280.0,38.228,39.662,0.016,0.001,0.024,-0.008,0.003
US.IBM210820C210000,AMERICAN,Call,NORMAL,55,40,0.15873015873015872,100.0,210.0,0.11,0.11,0.0,0.0,0.11,61,0,0.0,39.854,43.087,0.014,0.001,0.021,-0.007,0.003
US.IBM210820C215000,AMERICAN,Call,NORMAL,55,40,0.15873015873015872,100.0,215.0,0.05,0.05,0.0,0.0,0.05,174,0,0.0,40.397,46.451,0.01,0.001,0.016,-0.005,0.002
US.IBM210820C220000,AMERICAN,Call,NORMAL,55,40,0.15873015873015872,100.0,220.0,0.05,0.05,0.0,0.0,0.05,253,0,0.0,40.225,49.856,0.006,0.0,0.011,-0.004,0.001
US.IBM210820P75000,AMERICAN,Put,NORMAL,55,40,0.15873015873015872,100.0,75.0,0.07,0.07,0.0,0.0,0.07,53,0,0.0,65.46,48.971,-0.003,0.0,0.005,-0.001,0.0
US.IBM210820P80000,AMERICAN,Put,NORMAL,55,40,0.15873015873015872,100.0,80.0,0.07,0.07,0.0,0.0,0.07,130,0,0.0,63.571,45.566,-0.005,0.0,0.009,-0.002,-0.001
US.IBM210820P85000,AMERICAN,Put,NORMAL,55,40,0.15873015873015872,100.0,85.0,0.05,0.05,0.0,0.0,0.05,2,0,0.0,55.484,42.147,-0.004,0.0,0.007,-0.001,-0.001
US.IBM210820P90000,AMERICAN,Put,NORMAL,55,40,0.15873015873015872,100.0,90.0,0.12,0.12,0.0,0.0,0.12,2,0,0.0,56.009,38.79,-0.01,0.0,0.015,-0.005,-0.002
US.IBM210820P95000,AMERICAN,Put,NORMAL,55,40,0.15873015873015872,100.0,95.0,0.12,0.12,0.0,0.0,0.12,6,0,0.0,51.555,35.385,-0.012,0.001,0.018,-0.005,-0.003
US.IBM210820P100000,AMERICAN,Put,NORMAL,55,40,0.15873015873015872,100.0,100.0,0.17,0.17,0.0,0.0,0.17,10,0,0.0,46.377,32.014,-0.014,0.001,0.02,-0.005,-0.003
US.IBM210820P105000,AMERICAN,Put,NORMAL,55,40,0.15873015873015872,100.0,105.0,0.32,0.32,0.0,0.0,0.32,3,0,0.0,42.743,28.711,-0.019,0.001,0.026,-0.007,-0.004
US.IBM210820P110000,AMERICAN,Put,NORMAL,55,40,0.15873015873015872,100.0,110.0,0.28,0.28,0.0,0.0,0.28,49,0,0.0,39.248,25.279,-0.026,0.002,0.034,-0.008,-0.006
US.IBM210820P115000,AMERICAN,Put,NORMAL,55,40,0.15873015873015872,100.0,115.0,0.36,0.36,0.0,0.0,0.36,1022,0,0.0,36.244,21.928,-0.037,0.003,0.046,-0.011,-0.008
US.IBM210820P120000,AMERICAN,Put,NORMAL,55,40,0.15873015873015872,100.0,120.0,0.45,0.46,0.46,0.45,0.5,75,20,910.0,32.846,18.584,-0.052,0.005,0.061,-0.014,-0.012
US.IBM210820P125000,AMERICAN,Put,NORMAL,55,40,0.15873015873015872,100.0,125.0,0.65,0.72,0.76,0.65,0.77,450,19,1331.0,29.394,15.315,-0.074,0.008,0.08,-0.017,-0.017
US.IBM210820P130000,AMERICAN,Put,NORMAL,55,40,0.15873015873015872,100.0,130.0,1.0,1.17,1.2,1.0,1.2,1726,82,8946.0,27.639,12.149,-0.121,0.012,0.114,-0.024,-0.028
US.IBM210820P135000,AMERICAN,Put,NORMAL,55,40,0.15873015873015872,100.0,135.0,1.67,2.1,2.1,1.67,1.93,1051,181,33714.0,25.817,9.2,-0.19,0.017,0.155,-0.031,-0.045
US.IBM210820P140000,AMERICAN,Put,NORMAL,55,40,0.15873015873015872,100.0,140.0,2.88,3.4,3.4,2.87,3.28,1910,119,36419.0,24.937,6.619,-0.296,0.023,0.199,-0.039,-0.071
US.IBM210820P145000,AMERICAN,Put,NORMAL,55,40,0.15873015873015872,100.0,145.0,4.85,5.5,5.65,4.85,5.39,915,138,70557.0,24.549,4.555,-0.429,0.027,0.227,-0.044,-0.104
US.IBM210820P150000,AMERICAN,Put,NORMAL,55,40,0.15873015873015872,100.0,150.0,8.25,8.72,8.72,8.2,8.46,1208,18,15171.0,24.717,3.466,-0.567,0.027,0.228,-0.045,-0.14
US.IBM210820P155000,AMERICAN,Put,NORMAL,55,40,0.15873015873015872,100.0,155.0,12.45,12.45,0.0,0.0,12.45,137,0,0.0,27.312,2.921,-0.672,0.022,0.21,-0.046,-0.17
US.IBM210820P160000,AMERICAN,Put,NORMAL,55,40,0.15873015873015872,100.0,160.0,16.15,16.15,0.0,0.0,16.15,11,0,0.0,29.448,2.036,-0.751,0.018,0.185,-0.043,-0.195
US.IBM210820P165000,AMERICAN,Put,NORMAL,55,40,0.15873015873015872,100.0,165.0,20.5,20.5,0.0,0.0,20.5,5,0,0.0,34.818,1.593,-0.781,0.014,0.172,-0.048,-0.21
US.IBM210820P170000,AMERICAN,Put,NORMAL,55,40,0.15873015873015872,100.0,170.0,0.0,0.0,0.0,0.0,0.0,0,0,0.0,37.968,-15.772,-0.816,0.012,0.155,-0.047,-0.225
US.IBM210820P175000,AMERICAN,Put,NORMAL,55,40,0.15873015873015872,100.0,175.0,27.1,27.1,0.0,0.0,27.1,7,0,0.0,38.584,-0.721,-0.858,0.01,0.131,-0.039,-0.242
US.IBM210820P180000,AMERICAN,Put,NORMAL,55,40,0.15873015873015872,100.0,180.0,0.0,0.0,0.0,0.0,0.0,0,0,0.0,41.233,-22.582,-0.878,0.008,0.118,-0.037,-0.254
US.IBM210820P185000,AMERICAN,Put,NORMAL,55,40,0.15873015873015872,100.0,185.0,0.0,0.0,0.0,0.0,0.0,0,0,0.0,46.141,-25.987,-0.88,0.007,0.117,-0.042,-0.263
US.IBM210820P190000,AMERICAN,Put,NORMAL,55,40,0.15873015873015872,100.0,190.0,0.0,0.0,0.0,0.0,0.0,0,0,0.0,49.808,-29.392,-0.886,0.006,0.112,-0.043,-0.272
US.IBM210820P195000,AMERICAN,Put,NORMAL,55,40,0.15873015873015872,100.0,195.0,0.0,0.0,0.0,0.0,0.0,0,0,0.0,53.536,-32.797,-0.891,0.006,0.109,-0.045,-0.281
US.IBM210820P200000,AMERICAN,Put,NORMAL,55,40,0.15873015873015872,100.0,200.0,0.0,0.0,0.0,0.0,0.0,0,0,0.0,58.972,-36.202,-0.886,0.005,0.112,-0.052,-0.288
US.IBM210820P205000,AMERICAN,Put,NORMAL,55,40,0.15873015873015872,100.0,205.0,56.7,56.7,0.0,0.0,56.7,1,0,0.0,60.105,-0.994,-0.9,0.005,0.102,-0.048,-0.299
US.IBM210820P210000,AMERICAN,Put,NORMAL,55,40,0.15873015873015872,100.0,210.0,0.0,0.0,0.0,0.0,0.0,0,0,0.0,62.162,-43.012,-0.908,0.004,0.096,-0.046,-0.308
US.IBM210820P215000,AMERICAN,Put,NORMAL,55,40,0.15873015873015872,100.0,215.0,0.0,0.0,0.0,0.0,0.0,0,0,0.0,66.169,-46.417,-0.907,0.004,0.096,-0.05,-0.316
US.IBM210820P220000,AMERICAN,Put,NORMAL,55,40,0.15873015873015872,100.0,220.0,0.0,0.0,0.0,0.0,0.0,0,0,0.0,68.228,-49.822,-0.913,0.004,0.092,-0.049,-0.325
