,Expiry,Texp,Strike,Bid,Ask,Fwd,CallMid,PV
0,4/26/17,0.0027378507871321,2275,0.347089096054456,0.37454473875717,2387.86740146961,112.942551770089,0.998000000000023
1,4/26/17,0.0027378507871321,2290,0.30450182707373,0.329194158426918,2387.86740146961,97.9425517702302,0.998000000000023
2,4/26/17,0.0027378507871321,2295,0.290249464184635,0.314004733251294,2387.86740146961,92.9425517702048,0.998000000000023
3,4/26/17,0.0027378507871321,2300,0.275962462207569,0.298771540571275,2387.86740146961,87.9425517701927,0.998000000000023
4,4/26/17,0.0027378507871321,2305,0.261636308884658,0.298540713435312,2387.86740146961,82.9676018704035,0.998000000000023
5,4/26/17,0.0027378507871321,2310,0.247265886743874,0.282559049834931,2387.86740146961,77.9676018703169,0.998000000000023
6,4/26/17,0.0027378507871321,2315,0.232845345042179,0.252752176627084,2387.86740146961,72.9425517701025,0.998000000000023
7,4/26/17,0.0027378507871321,2320,0.218367932855063,0.250374851191007,2387.86740146961,67.9676018704135,0.998000000000023
8,4/26/17,0.0027378507871321,2325,0.203825779779172,0.234152953660102,2387.86740146961,62.9676018703324,0.998000000000023
9,4/26/17,0.0027378507871321,2330,0.206093397889786,0.217828705961034,2387.86740146961,57.9926519704723,0.998000000000023
10,4/26/17,0.0027378507871321,2335,0.201387309378094,0.210209567037636,2387.86740146961,53.0427521710665,0.998000000000023
11,4/26/17,0.0027378507871321,2340,0.184810724193011,0.19307929864938,2387.86740146961,48.0427521708041,0.998000000000023
12,4/26/17,0.0027378507871321,2345,0.168076528669283,0.182351168503325,2387.86740146961,43.06780227116,0.998000000000023
13,4/26/17,0.0027378507871321,2350,0.158272423748905,0.174642053050803,2387.86740146961,38.1429525719623,0.998000000000023
14,4/26/17,0.0027378507871321,2355,0.15106641137053,0.159720708205164,2387.86740146961,33.218102871798,0.998000000000023
15,4/26/17,0.0027378507871321,2360,0.139928098531903,0.146808269372138,2387.86740146961,28.3183032731538,0.998000000000023
16,4/26/17,0.0027378507871321,2365,0.125871840744883,0.131481600136345,2387.86740146961,23.4185036742617,0.998000000000023
17,4/26/17,0.0027378507871321,2370,0.11607260125736,0.120292111267762,2387.86740146961,18.6690046761726,0.998000000000023
18,4/26/17,0.0027378507871321,2375,0.105892753225623,0.107502630443168,2387.86740146961,14.0447561795207,0.998000000000023
19,4/26/17,0.0027378507871321,2380,0.0976089066797412,0.098846170175297,2387.86740146961,9.79625918436125,0.998000000000023
20,4/26/17,0.0027378507871321,2385,0.0902400481836221,0.0943893923512527,2387.86740146961,6.17401469687263,0.998000000000023
21,4/26/17,0.0027378507871321,2390,0.0839534927481764,0.0900985890156885,2387.86740146961,3.35671342640927,0.998000000000023
22,4/26/17,0.0027378507871321,2395,0.0888928187750696,0.0913446276071653,2387.86740146961,1.80360721320244,0.998000000000023
23,4/26/17,0.0027378507871321,2400,0.0914517464379475,0.0948941540526974,2387.86740146961,0.901803607118154,0.998000000000023
24,4/26/17,0.0027378507871321,2405,0.097710519938916,0.102782547791158,2387.86740146961,0.501002004402366,0.998000000000023
25,4/26/17,0.0027378507871321,2410,0.104756547251599,0.112251410927199,2387.86740146961,0.300601203022275,0.998000000000023
26,4/26/17,0.0027378507871321,2415,0.112718950575719,0.123366655924287,2387.86740146961,0.200400801071858,0.998000000000023
27,4/26/17,0.0027378507871321,2420,0.121869332968901,0.136049034798321,2387.86740146961,0.150300601206471,0.998000000000023
28,4/26/17,0.0027378507871321,2425,0.125548332169793,0.137762032125862,2387.86740146961,0.0751503006464489,0.998000000000023
29,4/26/17,0.0027378507871321,2430,0.140096094572446,0.153386613117859,2387.86740146961,0.0751503006874543,0.998000000000023
30,4/26/17,0.0027378507871321,2435,0.154444973621369,0.168778659015602,2387.86740146961,0.0751503006103089,0.998000000000023
31,4/26/17,0.0027378507871321,2440,0.168617565385009,0.183965302592631,2387.86740146961,0.07515030062671,0.998000000000023
32,4/26/17,0.0027378507871321,2445,0.182631665400498,0.198967865169619,2387.86740146961,0.0751503006057632,0.998000000000023
33,5/15/17,0.054757015742642,1850,0.375160167773926,0.400943243753812,2386.13894455578,536.28924515707,0.998000000000023
34,5/15/17,0.054757015742642,1900,0.338853896270144,0.371041431522709,2386.13894455578,486.314295256943,0.998000000000023
35,5/15/17,0.054757015742642,1925,0.320968761394781,0.35876431344696,2386.13894455578,461.339345357358,0.998000000000023
36,5/15/17,0.054757015742642,1950,0.315379075933819,0.339288666606281,2386.13894455578,436.364395457572,0.998000000000023
37,5/15/17,0.054757015742642,1975,0.306153701555181,0.325652617635906,2386.13894455578,411.414495658415,0.998000000000023
38,5/15/17,0.054757015742642,2000,0.287685730751753,0.311080152629557,2386.13894455578,386.439545758124,0.998000000000023
39,5/15/17,0.054757015742642,2010,0.287228875846989,0.303240038798883,2386.13894455578,376.464595858697,0.998000000000023
40,5/15/17,0.054757015742642,2020,0.279752430093936,0.29542116930925,2386.13894455578,366.4645958583,0.998000000000023
41,5/15/17,0.054757015742642,2025,0.281785417780023,0.29151942903513,2386.13894455578,361.489645958063,0.998000000000023
42,5/15/17,0.054757015742642,2030,0.277995772218578,0.291808235221418,2386.13894455578,356.514696059145,0.998000000000023
43,5/15/17,0.054757015742642,2040,0.270431093255845,0.283937040391565,2386.13894455578,346.514696059027,0.998000000000023
44,5/15/17,0.054757015742642,2050,0.262885157014408,0.279788497161348,2386.13894455578,336.539746158645,0.998000000000023
45,5/15/17,0.054757015742642,2060,0.260074765125948,0.271868207225418,2386.13894455578,326.564796259674,0.998000000000023
46,5/15/17,0.054757015742642,2070,0.252450100694819,0.267264157034344,2386.13894455578,316.5898463591,0.998000000000023
47,5/15/17,0.054757015742642,2075,0.252756488650604,0.263278357476389,2386.13894455578,311.614896458662,0.998000000000023
48,5/15/17,0.054757015742642,2080,0.248902909395123,0.262324242236961,2386.13894455578,306.639946559824,0.998000000000023
49,5/15/17,0.054757015742642,2090,0.244836986700883,0.254295948713802,2386.13894455578,296.664996660564,0.998000000000023
50,5/15/17,0.054757015742642,2100,0.240338280443492,0.249003142696177,2386.13894455578,286.715096860547,0.998000000000023
51,5/15/17,0.054757015742642,2110,0.235469943315695,0.243449032302373,2386.13894455578,276.765197061698,0.998000000000023
52,5/15/17,0.054757015742642,2115,0.231508529275203,0.239381949238413,2386.13894455578,271.765197061572,0.998000000000023
53,5/15/17,0.054757015742642,2120,0.227549394792231,0.235316950008713,2386.13894455578,266.765197060048,0.998000000000023
54,5/15/17,0.054757015742642,2125,0.226285202686507,0.233563962126375,2386.13894455578,261.815297261738,0.998000000000023
55,5/15/17,0.054757015742642,2130,0.222292477581056,0.229470848596455,2386.13894455578,256.815297259979,0.998000000000023
56,5/15/17,0.054757015742642,2135,0.220778122773048,0.227530436120514,2386.13894455578,251.865397462681,0.998000000000023
57,5/15/17,0.054757015742642,2140,0.216752922303902,0.223409575435194,2386.13894455578,246.865397461823,0.998000000000023
58,5/15/17,0.054757015742642,2145,0.215015963210669,0.221297643026917,2386.13894455578,241.915497661947,0.998000000000023
59,5/15/17,0.054757015742642,2150,0.210959010316975,0.217149141997255,2386.13894455578,236.915497661884,0.998000000000023
60,5/15/17,0.054757015742642,2155,0.209021512153097,0.214878840222435,2386.13894455578,231.965597862309,0.998000000000023
61,5/15/17,0.054757015742642,2160,0.204933181837712,0.210702557694853,2386.13894455578,226.965597862844,0.998000000000023
62,5/15/17,0.054757015742642,2165,0.202813000676289,0.208284797579528,2386.13894455578,222.015698063343,0.998000000000023
63,5/15/17,0.054757015742642,2170,0.198693347217856,0.204080348655868,2386.13894455578,217.015698062018,0.998000000000023
64,5/15/17,0.054757015742642,2175,0.196405034974115,0.201524183819616,2386.13894455578,212.065798263026,0.998000000000023
65,5/15/17,0.054757015742642,2180,0.193990583527755,0.198864428118909,2386.13894455578,207.115898462618,0.998000000000023
66,5/15/17,0.054757015742642,2185,0.189809259198104,0.194603848529197,2386.13894455578,202.11589846311,0.998000000000023
67,5/15/17,0.054757015742642,2190,0.187248243335391,0.193257636736076,2386.13894455578,197.191048763596,0.998000000000023
68,5/15/17,0.054757015742642,2195,0.184578420765248,0.188943126584376,2386.13894455578,192.216098864581,0.998000000000023
69,5/15/17,0.054757015742642,2200,0.180335334905947,0.184625219724622,2386.13894455578,187.21609886365,0.998000000000023
70,5/15/17,0.054757015742642,2205,0.17753386552431,0.181633912023202,2386.13894455578,182.266199064368,0.998000000000023
71,5/15/17,0.054757015742642,2210,0.174635960163897,0.178558926589165,2386.13894455578,177.316299263595,0.998000000000023
72,5/15/17,0.054757015742642,2215,0.171646389379079,0.175403582859892,2386.13894455578,172.366399466018,0.998000000000023
73,5/15/17,0.054757015742642,2220,0.168569262921753,0.172170752219297,2386.13894455578,167.416499664365,0.998000000000023
74,5/15/17,0.054757015742642,2225,0.165408117052841,0.16886290674674,2386.13894455578,162.466599863742,0.998000000000023
75,5/15/17,0.054757015742642,2230,0.16216598351836,0.165482157488561,2386.13894455578,157.516700068444,0.998000000000023
76,5/15/17,0.054757015742642,2235,0.158845444264629,0.162030285308146,2386.13894455578,152.566800267296,0.998000000000023
77,5/15/17,0.054757015742642,2240,0.155448676549206,0.159491360125865,2386.13894455578,147.641950568726,0.998000000000023
78,5/15/17,0.054757015742642,2245,0.152976145644306,0.155864705473721,2386.13894455578,142.717100871359,0.998000000000023
79,5/15/17,0.054757015742642,2250,0.149392768679089,0.153068243988189,2386.13894455578,137.792251165629,0.998000000000023
80,5/15/17,0.054757015742642,2255,0.14664556469901,0.149277478656868,2386.13894455578,132.867401468874,0.998000000000023
81,5/15/17,0.054757015742642,2260,0.143745923731668,0.146242892249887,2386.13894455578,127.967601874373,0.998000000000023
82,5/15/17,0.054757015742642,2265,0.139888627043923,0.143074712712749,2386.13894455578,123.042752173424,0.998000000000023
83,5/15/17,0.054757015742642,2270,0.137520633169005,0.140511992238686,2386.13894455578,118.193052775274,0.998000000000023
84,5/15/17,0.054757015742642,2275,0.134207027320804,0.137057466079972,2386.13894455578,113.293253175865,0.998000000000023
85,5/15/17,0.054757015742642,2280,0.13145660038254,0.134145403743311,2386.13894455578,108.443553770807,0.998000000000023
86,5/15/17,0.054757015742642,2285,0.128510024249898,0.131052125533197,2386.13894455578,103.593854376859,0.998000000000023
87,5/15/17,0.054757015742642,2290,0.125377607499625,0.128374176591514,2386.13894455578,98.76920507873,0.998000000000023
88,5/15/17,0.054757015742642,2295,0.122645690306492,0.124911080809923,2386.13894455578,93.9445557812787,0.998000000000023
89,5/15/17,0.054757015742642,2300,0.119678337676883,0.122860732688969,2386.13894455578,89.1950567800595,0.998000000000023
90,5/15/17,0.054757015742642,2305,0.116487521471454,0.119498202428656,2386.13894455578,84.3954575811633,0.998000000000023
91,5/15/17,0.054757015742642,2310,0.114044617683882,0.116863907922985,2386.13894455578,79.6960587870904,0.998000000000023
92,5/15/17,0.054757015742642,2315,0.11128230299503,0.113932579578157,2386.13894455578,74.9966599887886,0.998000000000023
93,5/15/17,0.054757015742642,2320,0.10905992358744,0.111536690263824,2386.13894455578,70.3974615887325,0.998000000000023
94,5/15/17,0.054757015742642,2325,0.106449300536752,0.108775102588657,2386.13894455578,65.7982631984156,0.998000000000023
95,5/15/17,0.054757015742642,2330,0.103473901716655,0.108526133871017,2386.13894455578,61.3994655954442,0.998000000000023
96,5/15/17,0.054757015742642,2335,0.100843620920243,0.102905473930896,2386.13894455578,56.7000667972536,0.998000000000023
97,5/15/17,0.054757015742642,2340,0.098446420623867,0.101025029752091,2386.13894455578,52.3513694055576,0.998000000000023
98,5/15/17,0.054757015742642,2345,0.0955709468952595,0.0980085032905423,2386.13894455578,47.9525718134037,0.998000000000023
99,5/15/17,0.054757015742642,2350,0.0933926052211285,0.0956929325447154,2386.13894455578,43.7541750185377,0.998000000000023
100,5/15/17,0.054757015742642,2355,0.0906366925018616,0.0928210064275214,2386.13894455578,39.5557782152497,0.998000000000023
101,5/15/17,0.054757015742642,2360,0.08888038023449,0.0904379172688612,2386.13894455578,35.6078824283651,0.998000000000023
102,5/15/17,0.054757015742642,2365,0.0859195697094096,0.0884044730891939,2386.13894455578,31.7100868482477,0.998000000000023
103,5/15/17,0.054757015742642,2370,0.0837342119748705,0.0861266209076386,2386.13894455578,28.0126920470071,0.998000000000023
104,5/15/17,0.054757015742642,2375,0.0807629706369545,0.083549722648088,2386.13894455578,24.3653974612719,0.998000000000023
105,5/15/17,0.054757015742642,2380,0.07833490732909,0.0815179418978504,2386.13894455578,21.0187040726906,0.998000000000023
106,5/15/17,0.054757015742642,2385,0.0790204433988786,0.0803707423884293,2386.13894455578,18.3233132933506,0.998000000000023
107,5/15/17,0.054757015742642,2390,0.0748622825168496,0.0789239775886776,2386.13894455578,15.2805611283583,0.998000000000023
108,5/15/17,0.054757015742642,2395,0.0742955801516785,0.0765906764982983,2386.13894455578,12.7755510954156,0.998000000000023
109,5/15/17,0.054757015742642,2400,0.0725935069468988,0.0749660800185001,2386.13894455578,10.4709418831429,0.998000000000023
110,5/15/17,0.054757015742642,2405,0.0715952730653626,0.073590843557342,2386.13894455578,8.51703406830291,0.998000000000023
111,5/15/17,0.054757015742642,2410,0.0709002986233569,0.0730322728024004,2386.13894455578,6.91382765283851,0.998000000000023
112,5/15/17,0.054757015742642,2415,0.0706354933474126,0.0723720860234202,2386.13894455578,5.56112224977392,0.998000000000023
113,5/15/17,0.054757015742642,2420,0.0703812371913748,0.0729249122643063,2386.13894455578,4.50901803274817,0.998000000000023
114,5/15/17,0.054757015742642,2425,0.0709885554071394,0.0731073229955176,2386.13894455578,3.65731463110762,0.998000000000023
115,5/15/17,0.054757015742642,2430,0.0713278142476765,0.073707166474506,2386.13894455578,2.9559118266686,0.998000000000023
116,5/15/17,0.054757015742642,2435,0.0719142820427446,0.074163715206974,2386.13894455578,2.37975951875578,0.998000000000023
117,5/15/17,0.054757015742642,2440,0.0730397619455726,0.0770329115303904,2386.13894455578,2.05410821816821,0.998000000000023
118,5/15/17,0.054757015742642,2445,0.0739258113291165,0.0762512203337908,2386.13894455578,1.60320641374278,0.998000000000023
119,5/15/17,0.054757015742642,2450,0.0746225490266904,0.0773005489000763,2386.13894455578,1.30260521139256,0.998000000000023
120,5/15/17,0.054757015742642,2455,0.0760163416535901,0.079049638906401,2386.13894455578,1.1022044082403,0.998000000000023
121,5/15/17,0.054757015742642,2460,0.0776846478666785,0.0826618309920762,2386.13894455578,1.00200400829338,0.998000000000023
122,5/15/17,0.054757015742642,2465,0.0788360345441873,0.0827225519142681,2386.13894455578,0.801603208675132,0.998000000000023
123,5/15/17,0.054757015742642,2470,0.0805411578303989,0.0848876175850981,2386.13894455578,0.701402807089181,0.998000000000023
124,5/15/17,0.054757015742642,2475,0.0831366122556911,0.0867348494912199,2386.13894455578,0.626252506100123,0.998000000000023
125,5/15/17,0.054757015742642,2480,0.0840808931652888,0.0894477490773785,2386.13894455578,0.551102202485009,0.998000000000023
126,5/15/17,0.054757015742642,2485,0.0861212889403798,0.0919967839117268,2386.13894455578,0.501002003162998,0.998000000000023
127,5/15/17,0.054757015742642,2490,0.0896973671014757,0.0943707391242365,2386.13894455578,0.475951901959188,0.998000000000023
128,5/15/17,0.054757015742642,2500,0.0927669157944649,0.101709331091873,2386.13894455578,0.425851703485208,0.998000000000023
129,5/15/17,0.054757015742642,2510,0.0970528424921977,0.103738906499357,2386.13894455578,0.32565130221794,0.998000000000023
130,5/15/17,0.054757015742642,2525,0.103788104341957,0.111863875962373,2386.13894455578,0.27555110321669,0.998000000000023
131,5/15/17,0.054757015742642,2550,0.115318184278916,0.125722235705843,2386.13894455578,0.225450901988141,0.998000000000023
132,5/15/17,0.054757015742642,2575,0.124410025917844,0.138291854262598,2386.13894455578,0.175350700945546,0.998000000000023
133,5/15/17,0.054757015742642,2600,0.138362040914608,0.153458913435555,2386.13894455578,0.175350701068253,0.998000000000023
134,6/2/17,0.10403832991102,1500,0.448694942047057,0.491790960827115,2384.77175463623,884.871611982839,1.00142857142859
135,6/2/17,0.10403832991102,1550,0.443232322891233,0.471746195130221,2384.77175463623,834.921540656256,1.00142857142859
136,6/2/17,0.10403832991102,1600,0.412707388191314,0.44910891827841,2384.77175463623,784.946504993016,1.00142857142859
137,6/2/17,0.10403832991102,1650,0.397205029317396,0.424896739009709,2384.77175463623,734.996433665977,1.00142857142859
138,6/2/17,0.10403832991102,1700,0.386001194734224,0.399667949700922,2384.77175463623,685.071326676168,1.00142857142859
139,6/2/17,0.10403832991102,1750,0.355626127444376,0.373756056820495,2384.77175463623,635.096291012678,1.00142857142859
140,6/2/17,0.10403832991102,1775,0.340706138546197,0.35818983482933,2384.77175463623,610.096291012847,1.00142857142859
141,6/2/17,0.10403832991102,1800,0.332235843840225,0.347369582619769,2384.77175463623,585.146219686032,1.00142857142859
142,6/2/17,0.10403832991102,1825,0.322751786321899,0.336036274844679,2384.77175463623,560.196148359408,1.00142857142859
143,6/2/17,0.10403832991102,1850,0.312499456510082,0.324281837407748,2384.77175463623,535.24607703277,1.00142857142859
144,6/2/17,0.10403832991102,1875,0.301642685396141,0.312174716988483,2384.77175463623,510.296005705954,1.00142857142859
145,6/2/17,0.10403832991102,1900,0.293650139234817,0.302582186292624,2384.77175463623,485.395863052934,1.00142857142859
146,6/2/17,0.10403832991102,1920,0.28459375013592,0.292774441938247,2384.77175463623,465.445791727161,1.00142857142859
147,6/2/17,0.10403832991102,1925,0.281556007855084,0.289665666229454,2384.77175463623,460.445791726068,1.00142857142859
148,6/2/17,0.10403832991102,1930,0.278523373878569,0.286562030984715,2384.77175463623,455.445791726546,1.00142857142859
149,6/2/17,0.10403832991102,1940,0.275242467493558,0.282759802964249,2384.77175463623,445.495720398719,1.00142857142859
150,6/2/17,0.10403832991102,1950,0.271741129278747,0.278794890934374,2384.77175463623,435.545649072829,1.00142857142859
151,6/2/17,0.10403832991102,1960,0.268044016872413,0.272558348685338,2384.77175463623,425.570613410054,1.00142857142859
152,6/2/17,0.10403832991102,1970,0.261909069401619,0.268425190904054,2384.77175463623,415.595577746509,1.00142857142859
153,6/2/17,0.10403832991102,1975,0.261089368893482,0.267293709354828,2384.77175463623,410.645506419489,1.00142857142859
154,6/2/17,0.10403832991102,1980,0.258011735738468,0.26415768343854,2384.77175463623,405.645506420297,1.00142857142859
155,6/2/17,0.10403832991102,1985,0.257046401117918,0.261025946553747,2384.77175463623,400.67047075563,1.00142857142859
156,6/2/17,0.10403832991102,1990,0.253956970288672,0.25976638966958,2384.77175463623,395.69543509411,1.00142857142859
157,6/2/17,0.10403832991102,1995,0.252859378258264,0.256625013159582,2384.77175463623,390.72039942855,1.00142857142859
158,6/2/17,0.10403832991102,2000,0.24975865863526,0.255260380096974,2384.77175463623,385.745363765877,1.00142857142859
159,6/2/17,0.10403832991102,2005,0.248540152849472,0.252109635063952,2384.77175463623,380.770328103975,1.00142857142859
160,6/2/17,0.10403832991102,2010,0.245428547375243,0.250647479576578,2384.77175463623,375.795292437862,1.00142857142859
161,6/2/17,0.10403832991102,2015,0.244098822465519,0.247487561161715,2384.77175463623,370.820256777293,1.00142857142859
162,6/2/17,0.10403832991102,2020,0.24097663934963,0.245934462170451,2384.77175463623,365.845221113951,1.00142857142859
163,6/2/17,0.10403832991102,2025,0.239544036473778,0.242765494647103,2384.77175463623,360.870185451259,1.00142857142859
164,6/2/17,0.10403832991102,2030,0.236411497196379,0.241127204378517,2384.77175463623,355.895149786414,1.00142857142859
165,6/2/17,0.10403832991102,2035,0.234883232358123,0.237949245954346,2384.77175463623,350.920114122425,1.00142857142859
166,6/2/17,0.10403832991102,2040,0.231740478654868,0.236230810139526,2384.77175463623,345.945078460926,1.00142857142859
167,6/2/17,0.10403832991102,2045,0.230122822856557,0.234448566795776,2384.77175463623,340.995007131585,1.00142857142859
168,6/2/17,0.10403832991102,2050,0.226969921084179,0.231249708619915,2384.77175463623,335.99500713258,1.00142857142859
169,6/2/17,0.10403832991102,2055,0.225268342207959,0.229395529920502,2384.77175463623,331.04493580579,1.00142857142859
170,6/2/17,0.10403832991102,2060,0.223500342278834,0.227484444355878,2384.77175463623,326.094864479078,1.00142857142859
171,6/2/17,0.10403832991102,2065,0.220324564604679,0.22426510159447,2384.77175463623,321.094864480105,1.00142857142859
172,6/2/17,0.10403832991102,2070,0.218481471117729,0.22228857504843,2384.77175463623,316.144793152902,1.00142857142859
173,6/2/17,0.10403832991102,2075,0.21657934705906,0.22026067602158,2384.77175463623,311.194721824463,1.00142857142859
174,6/2/17,0.10403832991102,2080,0.213381120581839,0.217020938314422,2384.77175463623,306.194721824351,1.00142857142859
175,6/2/17,0.10403832991102,2085,0.211410817162347,0.214932753322126,2384.77175463623,301.244650499735,1.00142857142859
176,6/2/17,0.10403832991102,2090,0.209387356324122,0.212797665033223,2384.77175463623,296.294579171818,1.00142857142859
177,6/2/17,0.10403832991102,2095,0.207313146845692,0.210617534637673,2384.77175463623,291.344507844239,1.00142857142859
178,6/2/17,0.10403832991102,2100,0.205190367003247,0.208394055832887,2384.77175463623,286.39443652004,1.00142857142859
179,6/2/17,0.10403832991102,2105,0.203020989745454,0.205111436250896,2384.77175463623,281.419400854639,1.00142857142859
180,6/2/17,0.10403832991102,2110,0.200806805248925,0.202835089756009,2384.77175463623,276.469329528953,1.00142857142859
181,6/2/17,0.10403832991102,2115,0.198549438671551,0.200518364606748,2384.77175463623,271.519258205711,1.00142857142859
182,6/2/17,0.10403832991102,2120,0.19625036688721,0.198162522163122,2384.77175463623,266.569186877739,1.00142857142859
183,6/2/17,0.10403832991102,2125,0.192958961295362,0.195768711007803,2384.77175463623,261.594151214321,1.00142857142859
184,6/2/17,0.10403832991102,2130,0.191532353372027,0.193337975822783,2384.77175463623,256.669044225614,1.00142857142859
185,6/2/17,0.10403832991102,2135,0.189115737182757,0.191729771202375,2384.77175463623,251.743937235088,1.00142857142859
186,6/2/17,0.10403832991102,2140,0.186662086369232,0.188369437699184,2384.77175463623,246.768901568293,1.00142857142859
187,6/2/17,0.10403832991102,2145,0.184172307806808,0.186646599202412,2384.77175463623,241.843794577299,1.00142857142859
188,6/2/17,0.10403832991102,2150,0.181647218731045,0.184055376328549,2384.77175463623,236.893723253479,1.00142857142859
189,6/2/17,0.10403832991102,2155,0.179879335508279,0.18143185329605,2384.77175463623,231.968616260747,1.00142857142859
190,6/2/17,0.10403832991102,2160,0.177264611000284,0.180251702138748,2384.77175463623,227.068473609583,1.00142857142859
191,6/2/17,0.10403832991102,2165,0.175358081785838,0.17681298314347,2384.77175463623,222.118402282116,1.00142857142859
192,6/2/17,0.10403832991102,2170,0.172659268744658,0.17477380943822,2384.77175463623,217.19329529343,1.00142857142859
193,6/2/17,0.10403832991102,2175,0.170624033660784,0.17266240977556,2384.77175463623,212.293152642631,1.00142857142859
194,6/2/17,0.10403832991102,2180,0.167845434651195,0.169833001298761,2384.77175463623,207.343081315608,1.00142857142859
195,6/2/17,0.10403832991102,2185,0.165689473822685,0.167607772480649,2384.77175463623,202.442938658598,1.00142857142859
196,6/2/17,0.10403832991102,2190,0.163464258392336,0.165317111412272,2384.77175463623,197.542796005936,1.00142857142859
197,6/2/17,0.10403832991102,2195,0.160564015121223,0.162963175124023,2384.77175463623,192.617689012477,1.00142857142859
198,6/2/17,0.10403832991102,2200,0.158815848433919,0.15997561177591,2384.77175463623,187.717546360316,1.00142857142859
199,6/2/17,0.10403832991102,2205,0.156396801638249,0.158622207698688,2384.77175463623,182.86733238004,1.00142857142859
200,6/2/17,0.10403832991102,2210,0.153916853040081,0.156071721456315,2384.77175463623,177.967189728805,1.00142857142859
201,6/2/17,0.10403832991102,2215,0.151377451428095,0.15346489849277,2384.77175463623,173.067047077006,1.00142857142859
202,6/2/17,0.10403832991102,2220,0.149798769005705,0.150802714805007,2384.77175463623,168.216833099363,1.00142857142859
203,6/2/17,0.10403832991102,2225,0.147112474977197,0.149046165777975,2384.77175463623,163.366619109833,1.00142857142859
204,6/2/17,0.10403832991102,2230,0.144371087106596,0.146247112596341,2384.77175463623,158.466476463502,1.00142857142859
205,6/2/17,0.10403832991102,2235,0.142491180621059,0.144288974141423,2384.77175463623,153.666191152366,1.00142857142859
206,6/2/17,0.10403832991102,2240,0.140491915252284,0.141359561119677,2384.77175463623,148.815977168452,1.00142857142859
207,6/2/17,0.10403832991102,2245,0.137536090213361,0.139212304082703,2384.77175463623,143.965763195339,1.00142857142859
208,6/2/17,0.10403832991102,2250,0.135346690684367,0.136958175160949,2384.77175463623,139.165477885318,1.00142857142859
209,6/2/17,0.10403832991102,2255,0.133829096183472,0.135365168124247,2384.77175463623,134.465049935787,1.00142857142859
210,6/2/17,0.10403832991102,2260,0.131399460686686,0.13288002143644,2384.77175463623,129.664764622533,1.00142857142859
211,6/2/17,0.10403832991102,2265,0.128870260985908,0.131003720915497,2384.77175463623,124.914407987832,1.00142857142859
212,6/2/17,0.10403832991102,2270,0.126935459437441,0.128979490863033,2384.77175463623,120.213980022981,1.00142857142859
213,6/2/17,0.10403832991102,2275,0.124851964527423,0.126813497216569,2384.77175463623,115.513552057656,1.00142857142859
214,6/2/17,0.10403832991102,2280,0.122625625689218,0.12451065546755,2384.77175463623,110.81312410965,1.00142857142859
215,6/2/17,0.10403832991102,2285,0.120261028085796,0.122074779527437,2384.77175463623,106.112696149093,1.00142857142859
216,6/2/17,0.10403832991102,2290,0.118347208507339,0.120084755788985,2384.77175463623,101.512125532991,1.00142857142859
217,6/2/17,0.10403832991102,2295,0.116255657948089,0.117923311798817,2384.77175463623,96.9115549299428,1.00142857142859
218,6/2/17,0.10403832991102,2300,0.113992553113983,0.115595727428336,2384.77175463623,92.3109843054654,1.00142857142859
219,6/2/17,0.10403832991102,2305,0.112078887785828,0.113616104089217,2384.77175463623,87.8102710481232,1.00142857142859
220,6/2/17,0.10403832991102,2310,0.109961499719013,0.111927406422838,2384.77175463623,83.3594864500768,1.00142857142859
221,6/2/17,0.10403832991102,2315,0.108121599504341,0.109538848799954,2384.77175463623,78.9087018552839,1.00142857142859
222,6/2/17,0.10403832991102,2320,0.10605162492428,0.107414694383597,2384.77175463623,74.5078459382069,1.00142857142859
223,6/2/17,0.10403832991102,2325,0.104196388155111,0.1055069240363,2384.77175463623,70.2068473550473,1.00142857142859
224,6/2/17,0.10403832991102,2330,0.10166584312977,0.103351738533834,2384.77175463623,65.8559201054505,1.00142857142859
225,6/2/17,0.10403832991102,2335,0.099732776751675,0.101358223936438,2384.77175463623,61.6547788999929,1.00142857142859
226,6/2/17,0.10403832991102,2340,0.0979178560636452,0.0994868329406539,2384.77175463623,57.55349501377,1.00142857142859
227,6/2/17,0.10403832991102,2345,0.0958039045771309,0.09732272580448,2384.77175463623,53.4522111288569,1.00142857142859
228,6/2/17,0.10403832991102,2350,0.0941301243700911,0.0952342499193984,2384.77175463623,49.5007132639596,1.00142857142859
229,6/2/17,0.10403832991102,2355,0.0924721140735841,0.0939016613382762,2384.77175463623,45.7489301024617,1.00142857142859
230,6/2/17,0.10403832991102,2360,0.0904526193598546,0.0918463953975709,2384.77175463623,41.9472182745078,1.00142857142859
231,6/2/17,0.10403832991102,2365,0.0884087776912375,0.0901125367353965,2384.77175463623,38.2952924222151,1.00142857142859
232,6/2/17,0.10403832991102,2370,0.0866443170789339,0.0883166368557614,2384.77175463623,34.7931526538002,1.00142857142859
233,6/2/17,0.10403832991102,2375,0.0851130199125831,0.0867615423603613,2384.77175463623,31.4907275197835,1.00142857142859
234,6/2/17,0.10403832991102,2380,0.0834499755265221,0.0850832184633106,2384.77175463623,28.2881597871384,1.00142857142859
235,6/2/17,0.10403832991102,2385,0.0820468990687451,0.0836740102650139,2384.77175463623,25.3138373811523,1.00142857142859
236,6/2/17,0.10403832991102,2390,0.0807124922258151,0.0820173416550909,2384.77175463623,22.4679029865921,1.00142857142859
237,6/2/17,0.10403832991102,2395,0.0788365653980549,0.0804829383824347,2384.77175463623,19.7218259493402,1.00142857142859
238,6/2/17,0.10403832991102,2400,0.077710610811752,0.0793846183197078,2384.77175463623,17.3252496313669,1.00142857142859
239,6/2/17,0.10403832991102,2405,0.0766742046372275,0.0787321992075572,2384.77175463623,15.1783166817951,1.00142857142859
240,6/2/17,0.10403832991102,2410,0.0757273726313711,0.0771457712372493,2384.77175463623,13.0813124163681,1.00142857142859
241,6/2/17,0.10403832991102,2415,0.0748796302915506,0.0763577151784481,2384.77175463623,11.2838801699126,1.00142857142859
242,6/2/17,0.10403832991102,2420,0.074152465994426,0.0760923966564538,2384.77175463623,9.7360913116284,1.00142857142859
243,6/2/17,0.10403832991102,2425,0.0739962126218757,0.0752289369385144,2384.77175463623,8.33808843815279,1.00142857142859
244,6/2/17,0.10403832991102,2430,0.0736710934408085,0.0749858968166579,2384.77175463623,7.13980027939056,1.00142857142859
245,6/2/17,0.10403832991102,2435,0.0736519617468197,0.0745938661831415,2384.77175463623,6.09129814937288,1.00142857142859
246,6/2/17,0.10403832991102,2440,0.073032191166156,0.0745650405853042,2384.77175463623,5.14265335693219,1.00142857142859
247,6/2/17,0.10403832991102,2445,0.0733822459270817,0.0744929291514674,2384.77175463623,4.39372325126283,1.00142857142859
248,6/2/17,0.10403832991102,2450,0.0738120907309527,0.0750201435849943,2384.77175463623,3.79457917513963,1.00142857142859
249,6/2/17,0.10403832991102,2455,0.0737319526061951,0.0750649617376674,2384.77175463623,3.19543508808755,1.00142857142859
250,6/2/17,0.10403832991102,2460,0.0745273882322469,0.075980390419423,2384.77175463623,2.79600571004414,1.00142857142859
251,6/2/17,0.10403832991102,2465,0.075316124447566,0.0765125734588854,2384.77175463623,2.42154065282011,1.00142857142859
252,6/2/17,0.10403832991102,2470,0.0757036597034301,0.0774603811706579,2384.77175463623,2.09700427885318,1.00142857142859
253,6/2/17,0.10403832991102,2475,0.0766073527021116,0.0780588905300582,2384.77175463623,1.82239657649278,1.00142857142859
254,6/2/17,0.10403832991102,2480,0.0777061681120329,0.0792887690741549,2384.77175463623,1.6226818833951,1.00142857142859
255,6/2/17,0.10403832991102,2485,0.0785110780535324,0.0802529255716479,2384.77175463623,1.42296718614688,1.00142857142859
256,6/2/17,0.10403832991102,2490,0.0796308827094214,0.0815297653289733,2384.77175463623,1.27318117378037,1.00142857142859
257,6/2/17,0.10403832991102,2495,0.0804871527626039,0.0825755640371819,2384.77175463623,1.1233951485088,1.00142857142859
258,6/2/17,0.10403832991102,2500,0.0818304543181979,0.0840877306736971,2384.77175463623,1.02353780362948,1.00142857142859
259,6/2/17,0.10403832991102,2510,0.0839032164631395,0.0865928887187684,2384.77175463623,0.82382311168417,1.00142857142859
260,6/2/17,0.10403832991102,2520,0.0860808548432075,0.089262054706496,2384.77175463623,0.674037089427411,1.00142857142859
261,6/2/17,0.10403832991102,2525,0.0874685339194816,0.0908800601873299,2384.77175463623,0.624108415762791,1.00142857142859
262,6/2/17,0.10403832991102,2550,0.0937761458307433,0.0986263148923779,2384.77175463623,0.424393721476218,1.00142857142859
263,6/2/17,0.10403832991102,2575,0.100948161442685,0.107326792521027,2384.77175463623,0.324536377230116,1.00142857142859
264,6/2/17,0.10403832991102,2600,0.108992101621655,0.116780389679359,2384.77175463623,0.2746077029534,1.00142857142859
265,6/2/17,0.10403832991102,2650,0.125798127145179,0.133244993074628,2384.77175463623,0.199714692834422,1.00142857142859
266,6/2/17,0.10403832991102,2700,0.130778915216536,0.149965335902654,2384.77175463623,0.124821683696481,1.00142857142859
267,7/21/17,0.238193018480493,1275,0.393907767598303,0.472191097528375,2383.96230289093,1109.18867033477,0.993959183673465
268,7/21/17,0.238193018480493,1300,0.382308974827308,0.458533820660623,2383.96230289093,1084.18867033478,0.993959183673465
269,7/21/17,0.238193018480493,1325,0.370923125616057,0.450534965953009,2383.96230289093,1059.21382227321,0.993959183673465
270,7/21/17,0.238193018480493,1350,0.380173987528698,0.437223848007437,2383.96230289093,1034.23897421164,0.993959183673465
271,7/21/17,0.238193018480493,1375,0.368625941360641,0.428869195916591,2383.96230289093,1009.26412614971,0.993959183673465
272,7/21/17,0.238193018480493,1400,0.369994184316859,0.42016004825685,2383.96230289093,984.314430026316,0.993959183673465
273,7/21/17,0.238193018480493,1425,0.367975359427787,0.411170133034312,2383.96230289093,959.364733902926,0.993959183673465
274,7/21/17,0.238193018480493,1450,0.363991208892866,0.398389277275392,2383.96230289093,934.389885841361,0.993959183673465
275,7/21/17,0.238193018480493,1475,0.358718826924821,0.389278788957809,2383.96230289093,909.44018971687,0.993959183673465
276,7/21/17,0.238193018480493,1500,0.352538879256895,0.379988083755755,2383.96230289093,884.490493593416,0.993959183673465
277,7/21/17,0.238193018480493,1525,0.345688470866799,0.370551154943202,2383.96230289093,859.540797470975,0.993959183673465
278,7/21/17,0.238193018480493,1540,0.342985443299931,0.365920745703923,2383.96230289093,844.591101347565,0.993959183673465
279,7/21/17,0.238193018480493,1550,0.338325929502599,0.363609130750732,2383.96230289093,834.616253285334,0.993959183673465
280,7/21/17,0.238193018480493,1560,0.337530412240303,0.358681512903793,2383.96230289093,824.641405223816,0.993959183673465
281,7/21/17,0.238193018480493,1570,0.332878513023653,0.35623207079519,2383.96230289093,814.66655716142,0.993959183673465
282,7/21/17,0.238193018480493,1575,0.330562404875597,0.353778133308935,2383.96230289093,809.666557162286,0.993959183673465
283,7/21/17,0.238193018480493,1580,0.331736900722084,0.351331009174908,2383.96230289093,804.691709098963,0.993959183673465
284,7/21/17,0.238193018480493,1590,0.327095127164607,0.348759172071474,2383.96230289093,794.716861037803,0.993959183673465
285,7/21/17,0.238193018480493,1600,0.325663969002899,0.346077761229159,2383.96230289093,784.767164914098,0.993959183673465
286,7/21/17,0.238193018480493,1610,0.321034209652154,0.341203431040594,2383.96230289093,774.767164914724,0.993959183673465
287,7/21/17,0.238193018480493,1620,0.31935732144706,0.338423482631906,2383.96230289093,764.817468791941,0.993959183673465
288,7/21/17,0.238193018480493,1625,0.317046095612082,0.335996465752266,2383.96230289093,759.817468790998,0.993959183673465
289,7/21/17,0.238193018480493,1630,0.317478906969391,0.33555336619089,2383.96230289093,754.867772667178,0.993959183673465
290,7/21/17,0.238193018480493,1640,0.312853017263943,0.330707019335309,2383.96230289093,744.867772667873,0.993959183673465
291,7/21/17,0.238193018480493,1650,0.310790018144447,0.327756197681399,2383.96230289093,734.918076544767,0.993959183673465
292,7/21/17,0.238193018480493,1660,0.308572191012498,0.324729946611461,2383.96230289093,724.968380420766,0.993959183673465
293,7/21/17,0.238193018480493,1670,0.310474588356135,0.319912101573603,2383.96230289093,715.043836235673,0.993959183673465
294,7/21/17,0.238193018480493,1675,0.308133650857201,0.319223462307892,2383.96230289093,710.068988172654,0.993959183673465
295,7/21/17,0.238193018480493,1680,0.305798508949546,0.316818733432654,2383.96230289093,705.068988172468,0.993959183673465
296,7/21/17,0.238193018480493,1690,0.301145413856502,0.313661352580768,2383.96230289093,695.094140111838,0.993959183673465
297,7/21/17,0.238193018480493,1700,0.296514909884255,0.310444556113487,2383.96230289093,685.119292048264,0.993959183673465
298,7/21/17,0.238193018480493,1710,0.293819408276905,0.307172465278721,2383.96230289093,675.169595927543,0.993959183673465
299,7/21/17,0.238193018480493,1720,0.291032215633778,0.30384878484857,2383.96230289093,665.219899802705,0.993959183673465
300,7/21/17,0.238193018480493,1725,0.288722619322267,0.302873415081759,2383.96230289093,660.245051741327,0.993959183673465
301,7/21/17,0.238193018480493,1730,0.288161057275632,0.300476855942768,2383.96230289093,655.270203678702,0.993959183673465
302,7/21/17,0.238193018480493,1740,0.285212702753429,0.297059698229245,2383.96230289093,645.320507555849,0.993959183673465
303,7/21/17,0.238193018480493,1750,0.286731657858398,0.29488686081705,2383.96230289093,635.471419184878,0.993959183673465
304,7/21/17,0.238193018480493,1760,0.279107573612129,0.291345252214112,2383.96230289093,625.446267247307,0.993959183673465
305,7/21/17,0.238193018480493,1770,0.275960769092232,0.287767917058579,2383.96230289093,615.496571124847,0.993959183673465
306,7/21/17,0.238193018480493,1775,0.275073460094906,0.286551157357099,2383.96230289093,610.546874999437,0.993959183673465
307,7/21/17,0.238193018480493,1780,0.272756887886273,0.284156751901562,2383.96230289093,605.546875002445,0.993959183673465
308,7/21/17,0.238193018480493,1790,0.270829089155971,0.28162446472093,2383.96230289093,595.647482752098,0.993959183673465
309,7/21/17,0.238193018480493,1800,0.267473976152369,0.278976942815356,2383.96230289093,585.7229385659,0.993959183673465
310,7/21/17,0.238193018480493,1810,0.264074543253671,0.274182112941104,2383.96230289093,575.748090504012,0.993959183673465
311,7/21/17,0.238193018480493,1820,0.261802443298686,0.271419406223656,2383.96230289093,565.848698257522,0.993959183673465
312,7/21/17,0.238193018480493,1825,0.260613375891886,0.27096377207906,2383.96230289093,560.924154075905,0.993959183673465
313,7/21/17,0.238193018480493,1830,0.258282512101788,0.267603824929219,2383.96230289093,555.89900213502,0.993959183673465
314,7/21/17,0.238193018480493,1840,0.2557997619689,0.265609903314754,2383.96230289093,546.024761823919,0.993959183673465
315,7/21/17,0.238193018480493,1850,0.25319671973845,0.262576394331576,2383.96230289093,536.125369580804,0.993959183673465
316,7/21/17,0.238193018480493,1860,0.249510390592339,0.25862025783418,2383.96230289093,526.175673452993,0.993959183673465
317,7/21/17,0.238193018480493,1870,0.246739369492605,0.25546749183117,2383.96230289093,516.276281208679,0.993959183673465
318,7/21/17,0.238193018480493,1875,0.24531687976128,0.253864213616143,2383.96230289093,511.326585086528,0.993959183673465
319,7/21/17,0.238193018480493,1880,0.24387096261059,0.252243713063924,2383.96230289093,506.376888963148,0.993959183673465
320,7/21/17,0.238193018480493,1890,0.240912171309267,0.248952994176956,2383.96230289093,496.477496714463,0.993959183673465
321,7/21/17,0.238193018480493,1900,0.237869133877517,0.245598972130438,2383.96230289093,486.578104466649,0.993959183673465
322,7/21/17,0.238193018480493,1910,0.234747253586984,0.242184900732617,2383.96230289093,476.678712220391,0.993959183673465
323,7/21/17,0.238193018480493,1920,0.231551303756901,0.239389766963831,2383.96230289093,466.804471909918,0.993959183673465
324,7/21/17,0.238193018480493,1925,0.229926893396099,0.236957491167546,2383.96230289093,461.82962384906,0.993959183673465
325,7/21/17,0.238193018480493,1930,0.229009315541983,0.235841010314614,2383.96230289093,456.930231600314,0.993959183673465
326,7/21/17,0.238193018480493,1940,0.225650301460946,0.232241180808521,2383.96230289093,447.03083935733,0.993959183673465
327,7/21/17,0.238193018480493,1950,0.222894205096509,0.229797199597146,2383.96230289093,437.206902927597,0.993959183673465
328,7/21/17,0.238193018480493,1960,0.220026010526937,0.226062151366446,2383.96230289093,427.33266261224,0.993959183673465
329,7/21/17,0.238193018480493,1970,0.216446783476905,0.223394474767242,2383.96230289093,417.483574245785,0.993959183673465
330,7/21/17,0.238193018480493,1975,0.215233821534261,0.220926454519506,2383.96230289093,412.533878118308,0.993959183673465
331,7/21/17,0.238193018480493,1980,0.213982741286235,0.219538066328403,2383.96230289093,407.634485875014,0.993959183673465
332,7/21/17,0.238193018480493,1990,0.210263197975691,0.216670313263939,2383.96230289093,397.785397500161,0.993959183673465
333,7/21/17,0.238193018480493,2000,0.207570241934872,0.213687759121605,2383.96230289093,387.986613008347,0.993959183673465
334,7/21/17,0.238193018480493,2010,0.204747373379814,0.209653839581411,2383.96230289093,378.13752464176,0.993959183673465
335,7/21/17,0.238193018480493,2020,0.201803317202332,0.207404880664099,2383.96230289093,368.389044025155,0.993959183673465
336,7/21/17,0.238193018480493,2025,0.200288229559873,0.205772102369964,2383.96230289093,363.489651780198,0.993959183673465
337,7/21/17,0.238193018480493,2030,0.198745572149861,0.20411573440261,2383.96230289093,358.590259524111,0.993959183673465
338,7/21/17,0.238193018480493,2040,0.195580601746588,0.200734372654319,2383.96230289093,348.791475034561,0.993959183673465
339,7/21/17,0.238193018480493,2050,0.193161617815192,0.197264722690108,2383.96230289093,339.042994419044,0.993959183673465
340,7/21/17,0.238193018480493,2060,0.189764357371918,0.194476494387175,2383.96230289093,329.294513796117,0.993959183673465
341,7/21/17,0.238193018480493,2070,0.187050574484505,0.191544163706426,2383.96230289093,319.596337057232,0.993959183673465
342,7/21/17,0.238193018480493,2075,0.185258778827041,0.189669477429439,2383.96230289093,314.696944805011,0.993959183673465
343,7/21/17,0.238193018480493,2080,0.184183789122404,0.188476096834965,2383.96230289093,309.898160319605,0.993959183673465
344,7/21/17,0.238193018480493,2090,0.181173390908915,0.185279399327477,2383.96230289093,300.199983567491,0.993959183673465
345,7/21/17,0.238193018480493,2100,0.178027299723902,0.181960098732771,2383.96230289093,290.501806834287,0.993959183673465
346,7/21/17,0.238193018480493,2110,0.175392094559377,0.179136624090444,2383.96230289093,280.904237849599,0.993959183673465
347,7/21/17,0.238193018480493,2120,0.17257650254401,0.176148594353448,2383.96230289093,271.306668854741,0.993959183673465
348,7/21/17,0.238193018480493,2125,0.171104537610581,0.174595629967399,2383.96230289093,266.507884367958,0.993959183673465
349,7/21/17,0.238193018480493,2130,0.16959139876061,0.173004644046204,2383.96230289093,261.709099874098,0.993959183673465
350,7/21/17,0.238193018480493,2140,0.166445769598905,0.169711929218543,2383.96230289093,252.111530883878,0.993959183673465
351,7/21/17,0.238193018480493,2150,0.163675461397499,0.167298339391083,2383.96230289093,242.664873518352,0.993959183673465
352,7/21/17,0.238193018480493,2160,0.160711425294889,0.164171603417477,2383.96230289093,233.167912287425,0.993959183673465
353,7/21/17,0.238193018480493,2170,0.158042627325097,0.161338346541176,2383.96230289093,223.771558799342,0.993959183673465
354,7/21/17,0.238193018480493,2175,0.156625290281435,0.159844282487205,2383.96230289093,219.07338207321,0.993959183673465
355,7/21/17,0.238193018480493,2180,0.155154690172135,0.158300241335574,2383.96230289093,214.375205317468,0.993959183673465
356,7/21/17,0.238193018480493,2190,0.152058803240179,0.155489990455173,2383.96230289093,205.029155720261,0.993959183673465
357,7/21/17,0.238193018480493,2200,0.149179260505035,0.15245476580119,2383.96230289093,195.733409975751,0.993959183673465
358,7/21/17,0.238193018480493,2210,0.146466771282886,0.149590419194561,2383.96230289093,186.538272008552,0.993959183673465
359,7/21/17,0.238193018480493,2220,0.143499460126235,0.146484796740279,2383.96230289093,177.343134024755,0.993959183673465
360,7/21/17,0.238193018480493,2225,0.141923671643227,0.145205369361388,2383.96230289093,172.795868932634,0.993959183673465
361,7/21/17,0.238193018480493,2230,0.140648180120847,0.143500030124754,2383.96230289093,168.248603812713,0.993959183673465
362,7/21/17,0.238193018480493,2240,0.137873134688957,0.140935084371814,2383.96230289093,159.304985205507,0.993959183673465
363,7/21/17,0.238193018480493,2250,0.134809741892667,0.137742011455372,2383.96230289093,150.311062758745,0.993959183673465
364,7/21/17,0.238193018480493,2260,0.132095664328971,0.134900458095642,2383.96230289093,141.518355788753,0.993959183673465
365,7/21/17,0.238193018480493,2270,0.129055968890072,0.132042557841941,2383.96230289093,132.775952691068,0.993959183673465
366,7/21/17,0.238193018480493,2275,0.12771116150229,0.13034408623618,2383.96230289093,128.42990309379,0.993959183673465
367,7/21/17,0.238193018480493,2280,0.126275672399572,0.12913980800343,2383.96230289093,124.184461251,0.993959183673465
368,7/21/17,0.238193018480493,2290,0.123136927748962,0.126165020363773,2383.96230289093,115.643273639079,0.993959183673465
369,7/21/17,0.238193018480493,2300,0.120443258518778,0.123355377171351,2383.96230289093,107.353605463396,0.993959183673465
370,7/21/17,0.238193018480493,2310,0.117594599022285,0.120402174969629,2383.96230289093,99.1645449915425,0.993959183673465
371,7/21/17,0.238193018480493,2320,0.114813934077291,0.117526635902922,2383.96230289093,91.1767000920911,0.993959183673465
372,7/21/17,0.238193018480493,2325,0.113494181158515,0.116163056544496,2383.96230289093,87.2833853394447,0.993959183673465
373,7/21/17,0.238193018480493,2330,0.112051332279151,0.114679650895314,2383.96230289093,83.3900706210081,0.993959183673465
374,7/21/17,0.238193018480493,2340,0.109259451154457,0.112046454913724,2383.96230289093,75.8549605856298,0.993959183673465
375,7/21/17,0.238193018480493,2350,0.106392085025419,0.109338553037332,2383.96230289093,68.5210660600731,0.993959183673465
376,7/21/17,0.238193018480493,2360,0.103624656793556,0.106735185426057,2383.96230289093,61.4889947262009,0.993959183673465
377,7/21/17,0.238193018480493,2370,0.101116322356428,0.104400604640253,2383.96230289093,54.8593544725404,0.993959183673465
378,7/21/17,0.238193018480493,2375,0.0997212907794662,0.102989115429244,2383.96230289093,51.5696862683247,0.993959183673465
379,7/21/17,0.238193018480493,2380,0.098369550277193,0.10140923567527,2383.96230289093,48.3303219237696,0.993959183673465
380,7/21/17,0.238193018480493,2390,0.0957683311106832,0.0990209802956655,2383.96230289093,42.3055601368617,0.993959183673465
381,7/21/17,0.238193018480493,2400,0.0933370754036559,0.0966123989463894,2383.96230289093,36.6715259575845,0.993959183673465
382,7/21/17,0.238193018480493,2410,0.0907206908131718,0.0940504137806029,2383.96230289093,31.3393150430647,0.993959183673465
383,7/21/17,0.238193018480493,2420,0.0887679939014335,0.0917324841693176,2383.96230289093,26.6107506628064,0.993959183673465
384,7/21/17,0.238193018480493,2425,0.0879021646951375,0.0906873173052682,2383.96230289093,24.4476839523089,0.993959183673465
385,7/21/17,0.238193018480493,2430,0.0867955560070157,0.0898759271048793,2383.96230289093,22.3852250312208,0.993959183673465
386,7/21/17,0.238193018480493,2440,0.0850305120084306,0.0877742190177615,2383.96230289093,18.5621304248096,0.993959183673465
387,7/21/17,0.238193018480493,2450,0.0832387245000391,0.0861655953021944,2383.96230289093,15.2420745724563,0.993959183673465
388,7/21/17,0.238193018480493,2460,0.0820084802663127,0.0845967213072263,2383.96230289093,12.425057506138,0.993959183673465
389,7/21/17,0.238193018480493,2470,0.0812216296881689,0.083733074306138,2383.96230289093,10.1613830381119,0.993959183673465
390,7/21/17,0.238193018480493,2475,0.0807656327643264,0.0830767330162759,2383.96230289093,9.10500164743118,0.993959183673465
391,7/21/17,0.238193018480493,2480,0.0803902848829851,0.0828231760797648,2383.96230289093,8.19953185902688,0.993959183673465
392,7/21/17,0.238193018480493,2490,0.0799915165671988,0.0826995667276077,2383.96230289093,6.69041555579423,0.993959183673465
393,7/21/17,0.238193018480493,2500,0.0794234413743451,0.082479157598795,2383.96230289093,5.38251478103425,0.993959183673465
394,7/21/17,0.238193018480493,2510,0.0792608742168156,0.0822403404427377,2383.96230289093,4.3261333782492,0.993959183673465
395,7/21/17,0.238193018480493,2520,0.0798451566052547,0.0826525852872168,2383.96230289093,3.57157523270816,0.993959183673465
396,7/21/17,0.238193018480493,2525,0.0795471955180588,0.0831519728208485,2383.96230289093,3.21944808877201,0.993959183673465
397,7/21/17,0.238193018480493,2530,0.0796563903250675,0.0835071756128245,2383.96230289093,2.91762483636256,0.993959183673465
398,7/21/17,0.238193018480493,2540,0.0804086055987382,0.0840656596383513,2383.96230289093,2.41458607054989,0.993959183673465
399,7/21/17,0.238193018480493,2550,0.0809294508044889,0.0850992836322034,2383.96230289093,2.01215506304224,0.993959183673465
400,7/21/17,0.238193018480493,2560,0.0812323969412846,0.0846762684787065,2383.96230289093,1.58457211399056,0.993959183673465
401,7/21/17,0.238193018480493,2570,0.0825626247651993,0.0874106305391161,2383.96230289093,1.4336604742151,0.993959183673465
402,7/21/17,0.238193018480493,2575,0.0830747820410013,0.088214856686119,2383.96230289093,1.33305272113296,0.993959183673465
403,7/21/17,0.238193018480493,2580,0.0834691590253291,0.0889404457384201,2383.96230289093,1.23244497007222,0.993959183673465
404,7/21/17,0.238193018480493,2590,0.0838349949017624,0.0907359160455176,2383.96230289093,1.05638140639256,0.993959183673465
405,7/21/17,0.238193018480493,2600,0.0844295800461831,0.0922719178460617,2383.96230289093,0.905469776892495,0.993959183673465
406,7/21/17,0.238193018480493,2625,0.0889484594781363,0.0968281955546322,2383.96230289093,0.704254269881016,0.993959183673465
407,7/21/17,0.238193018480493,2650,0.0920709976607567,0.0988315498660673,2383.96230289093,0.477886825666983,0.993959183673465
408,7/21/17,0.238193018480493,2700,0.0964096407086719,0.112299334604101,2383.96230289093,0.352127134449459,0.993959183673465
409,9/15/17,0.39151266255989,750,0.553153073727907,0.629794610743399,2381.05224323962,1631.20316602476,0.993885714285718
410,9/15/17,0.39151266255989,900,0.468468064086483,0.543045246326056,2381.05224323962,1481.22831982214,0.993885714285718
411,9/15/17,0.39151266255989,1000,0.442607826285061,0.494105971760763,2381.05224323962,1381.27862741712,0.993885714285718
412,9/15/17,0.39151266255989,1025,0.408124897099209,0.48077908012116,2381.05224323962,1356.25347361972,0.993885714285718
413,9/15/17,0.39151266255989,1050,0.396942352550092,0.473897821088704,2381.05224323962,1331.27862741692,0.993885714285718
414,9/15/17,0.39151266255989,1075,0.386021053587417,0.461043872078228,2381.05224323962,1306.27862741719,0.993885714285718
415,9/15/17,0.39151266255989,1100,0.375348420371505,0.448482786764562,2381.05224323962,1281.27862741704,0.993885714285718
416,9/15/17,0.39151266255989,1125,0.398443969775663,0.441373793896763,2381.05224323962,1256.35408880979,0.993885714285718
417,9/15/17,0.39151266255989,1150,0.374425326177365,0.433873114402723,2381.05224323962,1231.35408880932,0.993885714285718
418,9/15/17,0.39151266255989,1175,0.363922278362179,0.42186877488831,2381.05224323962,1206.35408880959,0.993885714285718
419,9/15/17,0.39151266255989,1200,0.365930527792377,0.414212535274962,2381.05224323962,1181.40439640455,0.993885714285718
420,9/15/17,0.39151266255989,1225,0.364716959616945,0.406328478880354,2381.05224323962,1156.45470399939,0.993885714285718
421,9/15/17,0.39151266255989,1250,0.36165154716034,0.398268636659461,2381.05224323962,1131.50501159419,0.993885714285718
422,9/15/17,0.39151266255989,1275,0.357385056728182,0.390073286276367,2381.05224323962,1106.55531919032,0.993885714285718
423,9/15/17,0.39151266255989,1300,0.352282374102358,0.378846731351392,2381.05224323962,1081.5804729872,0.993885714285718
424,9/15/17,0.39151266255989,1325,0.34657014172457,0.373396046221247,2381.05224323962,1056.65593437982,0.993885714285718
425,9/15/17,0.39151266255989,1350,0.340399269504095,0.367388950859014,2381.05224323962,1031.73139577151,0.993885714285718
426,9/15/17,0.39151266255989,1375,0.33387540099855,0.358755710209158,2381.05224323962,1006.78170336746,0.993885714285718
427,9/15/17,0.39151266255989,1400,0.330191063427556,0.354162845929802,2381.05224323962,981.907472354147,0.993885714285718
428,9/15/17,0.39151266255989,1425,0.325611844479109,0.343394251273072,2381.05224323962,956.957779949077,0.993885714285718
429,9/15/17,0.39151266255989,1450,0.317987397308075,0.336406744341959,2381.05224323962,932.033241342498,0.993885714285718
430,9/15/17,0.39151266255989,1475,0.31461398061446,0.330787211593191,2381.05224323962,907.184164128237,0.993885714285718
431,9/15/17,0.39151266255989,1500,0.308458035312069,0.323273133132167,2381.05224323962,882.284779317533,0.993885714285718
432,9/15/17,0.39151266255989,1525,0.301979539387167,0.318270982121659,2381.05224323962,857.435702103275,0.993885714285718
433,9/15/17,0.39151266255989,1550,0.296783975378901,0.310324423359397,2381.05224323962,832.561471090286,0.993885714285718
434,9/15/17,0.39151266255989,1575,0.29377068686401,0.304531775788385,2381.05224323962,807.787855268306,0.993885714285718
435,9/15/17,0.39151266255989,1600,0.286230780645205,0.298333976267414,2381.05224323962,782.93877805505,0.993885714285718
436,9/15/17,0.39151266255989,1610,0.283419459907996,0.295174973168019,2381.05224323962,772.989085646371,0.993885714285718
437,9/15/17,0.39151266255989,1625,0.280809658167403,0.291800519068368,2381.05224323962,758.140008432404,0.993885714285718
438,9/15/17,0.39151266255989,1650,0.274937456585511,0.284984753258703,2381.05224323962,733.341238814887,0.993885714285718
439,9/15/17,0.39151266255989,1675,0.269591069106343,0.278707175190799,2381.05224323962,708.592776788049,0.993885714285718
440,9/15/17,0.39151266255989,1700,0.263775945665703,0.272812437785389,2381.05224323962,683.869468560414,0.993885714285718
441,9/15/17,0.39151266255989,1725,0.257572118304887,0.265221746983148,2381.05224323962,659.095852741576,0.993885714285718
442,9/15/17,0.39151266255989,1750,0.252379210894266,0.258705417679363,2381.05224323962,634.42285210835,0.993885714285718
443,9/15/17,0.39151266255989,1775,0.246071153985436,0.252996069491173,2381.05224323962,609.775005271965,0.993885714285718
444,9/15/17,0.39151266255989,1800,0.24054313633979,0.246848085687122,2381.05224323962,585.17746603064,0.993885714285718
445,9/15/17,0.39151266255989,1825,0.234547872121195,0.240323823406751,2381.05224323962,560.579926793399,0.993885714285718
446,9/15/17,0.39151266255989,1850,0.229066448834994,0.234322668136315,2381.05224323962,536.083002735825,0.993885714285718
447,9/15/17,0.39151266255989,1875,0.223085745844854,0.227899242479403,2381.05224323962,511.586078686269,0.993885714285718
448,9/15/17,0.39151266255989,1900,0.217430815416774,0.221820995236624,2381.05224323962,487.189769823597,0.993885714285718
449,9/15/17,0.39151266255989,1910,0.214733945929393,0.219675549913096,2381.05224323962,477.441307801219,0.993885714285718
450,9/15/17,0.39151266255989,1925,0.211959416071859,0.215955360060959,2381.05224323962,462.894076158439,0.993885714285718
451,9/15/17,0.39151266255989,1950,0.205935344881879,0.2101915214986,2381.05224323962,438.648690091777,0.993885714285718
452,9/15/17,0.39151266255989,1975,0.200565708389828,0.204438570242658,2381.05224323962,414.554226798594,0.993885714285718
453,9/15/17,0.39151266255989,2000,0.194578212129101,0.198125855702322,2381.05224323962,390.459763499322,0.993885714285718
454,9/15/17,0.39151266255989,2025,0.18945951148259,0.192682343502231,2381.05224323962,366.66714578625,0.993885714285718
455,9/15/17,0.39151266255989,2050,0.183617999744394,0.186982788461951,2381.05224323962,342.924835655296,0.993885714285718
456,9/15/17,0.39151266255989,2075,0.178308047496094,0.181376176940791,2381.05224323962,319.434063526514,0.993885714285718
457,9/15/17,0.39151266255989,2100,0.172583430274293,0.175393305860801,2381.05224323962,296.043906549801,0.993885714285718
458,9/15/17,0.39151266255989,2125,0.166433169241028,0.169655412053622,2381.05224323962,272.854979965017,0.993885714285718
459,9/15/17,0.39151266255989,2150,0.161037224632474,0.16398951981332,2381.05224323962,250.06851416605,0.993885714285718
460,9/15/17,0.39151266255989,2175,0.155263521472301,0.157980194952155,2381.05224323962,227.483278728545,0.993885714285718
461,9/15/17,0.39151266255989,2200,0.149304083050365,0.152310096335238,2381.05224323962,205.300504019116,0.993885714285718
462,9/15/17,0.39151266255989,2225,0.143738752111286,0.146518254067214,2381.05224323962,183.620805325457,0.993885714285718
463,9/15/17,0.39151266255989,2250,0.138086681280068,0.140669002601866,2381.05224323962,162.444182525978,0.993885714285718
464,9/15/17,0.39151266255989,2275,0.132365219932122,0.134979017628636,2381.05224323962,141.921558482999,0.993885714285718
465,9/15/17,0.39151266255989,2300,0.126740617732646,0.129390193350017,2381.05224323962,122.203855957701,0.993885714285718
466,9/15/17,0.39151266255989,2325,0.120944693215844,0.123643937866829,2381.05224323962,103.291074964752,0.993885714285718
467,9/15/17,0.39151266255989,2350,0.115581838934923,0.118181045717076,2381.05224323962,85.6359838449766,0.993885714285718
468,9/15/17,0.39151266255989,2375,0.110133186416297,0.112678896138015,2381.05224323962,69.1882749900116,0.993885714285718
469,9/15/17,0.39151266255989,2400,0.10466251350299,0.1075510261842,2381.05224323962,54.2818950145102,0.993885714285718
470,9/15/17,0.39151266255989,2425,0.0994810136297541,0.10228134359643,2381.05224323962,41.0509975053242,0.993885714285718
471,9/15/17,0.39151266255989,2450,0.0950033767993833,0.0974320982903736,2381.05224323962,29.9330190317215,0.993885714285718
472,9/15/17,0.39151266255989,2475,0.0909787261015944,0.0934746722022495,2381.05224323962,21.0285747183746,0.993885714285718
473,9/15/17,0.39151266255989,2500,0.0875813715074293,0.0902502406360862,2381.05224323962,14.2370493853115,0.993885714285718
474,9/15/17,0.39151266255989,2525,0.0855191909331651,0.0878816834565304,2381.05224323962,9.45782786819103,0.993885714285718
475,9/15/17,0.39151266255989,2550,0.0839763065132755,0.0865906584922405,2381.05224323962,6.18783417762093,0.993885714285718
476,9/15/17,0.39151266255989,2575,0.0831089925750688,0.0860296852160948,2381.05224323962,4.02460758616826,0.993885714285718
477,9/15/17,0.39151266255989,2600,0.083112659366668,0.0869286801289449,2381.05224323962,2.71661013078621,0.993885714285718
478,9/15/17,0.39151266255989,2625,0.0838391875995779,0.0884032114381436,2381.05224323962,1.88653481568404,0.993885714285718
479,9/15/17,0.39151266255989,2650,0.0851102276910891,0.090937682279174,2381.05224323962,1.38345885869582,0.993885714285718
480,9/15/17,0.39151266255989,2700,0.0883468214569619,0.0967202951404831,2381.05224323962,0.804921519144196,0.993885714285718
481,9/15/17,0.39151266255989,2750,0.093990557678733,0.104410269003714,2381.05224323962,0.578537344822147,0.993885714285718
482,9/15/17,0.39151266255989,2800,0.0979719870055069,0.111215251116599,2381.05224323962,0.402460758766192,0.993885714285718
483,9/15/17,0.39151266255989,2850,0.100361372632367,0.118948090993075,2381.05224323962,0.301845570612335,0.993885714285718
484,9/15/17,0.39151266255989,2900,0.102654516985078,0.121652845144684,2381.05224323962,0.176076581585298,0.993885714285718
485,1/19/18,0.736481861738535,500,0.541441031695284,0.663225292976366,2380.17511485305,1880.47786555926,0.99091428571429
486,1/19/18,0.736481861738535,650,0.451882091606406,0.558945786200461,2380.17511485305,1730.50309478463,0.99091428571429
487,1/19/18,0.736481861738535,700,0.426695697847444,0.532416600930535,2380.17511485305,1680.52832401076,0.99091428571429
488,1/19/18,0.736481861738535,750,0.403281930071459,0.507409617588903,2380.17511485305,1630.55355323582,0.99091428571429
489,1/19/18,0.736481861738535,800,0.381404662790153,0.483737463968857,2380.17511485305,1580.57878246108,0.99091428571429
490,1/19/18,0.736481861738535,825,0.370980666799253,0.470698458688981,2380.17511485305,1555.57878246173,0.99091428571429
491,1/19/18,0.736481861738535,850,0.360871438193484,0.461244870261798,2380.17511485305,1530.60401168663,0.99091428571429
492,1/19/18,0.736481861738535,875,0.351058081892999,0.451868293916944,2380.17511485305,1505.62924091234,0.99091428571429
493,1/19/18,0.736481861738535,900,0.341523323173711,0.411627843737211,2380.17511485305,1480.42740710809,0.99091428571429
494,1/19/18,0.736481861738535,950,0.340905448416563,0.421835775364628,2380.17511485305,1430.70492858966,0.99091428571429
495,1/19/18,0.736481861738535,975,0.331668408640603,0.412978396366644,2380.17511485305,1405.7301578155,0.99091428571429
496,1/19/18,0.736481861738535,1000,0.37313655253988,0.406379908259153,2380.17511485305,1380.98245007011,0.99091428571429
497,1/19/18,0.736481861738535,1025,0.339607299125616,0.397582536993995,2380.17511485305,1355.88153316856,0.99091428571429
498,1/19/18,0.736481861738535,1050,0.336044279416689,0.388886910682845,2380.17511485305,1330.93199161992,0.99091428571429
499,1/19/18,0.736481861738535,1075,0.336115561682396,0.382079792930881,2380.17511485305,1306.03290852038,0.99091428571429
500,1/19/18,0.736481861738535,1100,0.334385626362086,0.375150154601057,2380.17511485305,1281.13382542361,0.99091428571429
501,1/19/18,0.736481861738535,1125,0.328469801048722,0.366590872314119,2380.17511485305,1256.18428387563,0.99091428571429
502,1/19/18,0.736481861738535,1150,0.325156680215856,0.3596054023601,2380.17511485305,1231.28520077592,0.99091428571429
503,1/19/18,0.736481861738535,1175,0.321158117173054,0.352560612833326,2380.17511485305,1206.38611767989,0.99091428571429
504,1/19/18,0.736481861738535,1200,0.318715352647311,0.346732027124871,2380.17511485305,1181.53749303313,0.99091428571429
505,1/19/18,0.736481861738535,1225,0.31541906386927,0.340703521675282,2380.17511485305,1156.68886838498,0.99091428571429
506,1/19/18,0.736481861738535,1250,0.30989947352877,0.333436553797842,2380.17511485305,1131.78978528793,0.99091428571429
507,1/19/18,0.736481861738535,1275,0.307087463758375,0.327192145219991,2380.17511485305,1106.96638986709,0.99091428571429
508,1/19/18,0.736481861738535,1300,0.303572105355318,0.322697219695695,2380.17511485305,1082.19345289386,0.99091428571429
509,1/19/18,0.736481861738535,1325,0.298386129749515,0.316131851456226,2380.17511485305,1057.34482825208,0.99091428571429
510,1/19/18,0.736481861738535,1350,0.295047195274226,0.31030928238264,2380.17511485305,1032.57189128183,0.99091428571429
511,1/19/18,0.736481861738535,1375,0.2893013239616,0.30433592301652,2380.17511485305,1007.74849585689,0.99091428571429
512,1/19/18,0.736481861738535,1400,0.28600397231167,0.299620328757243,2380.17511485305,983.051246564047,0.99091428571429
513,1/19/18,0.736481861738535,1425,0.280632591772579,0.293331021409109,2380.17511485305,958.253080364466,0.99091428571429
514,1/19/18,0.736481861738535,1450,0.277216737619622,0.288162143139546,2380.17511485305,933.581060299448,0.99091428571429
515,1/19/18,0.736481861738535,1475,0.272023777385548,0.282772147353937,2380.17511485305,908.858581781195,0.99091428571429
516,1/19/18,0.736481861738535,1500,0.267229426269308,0.278220533097639,2380.17511485305,884.211790938178,0.99091428571429
517,1/19/18,0.736481861738535,1525,0.263273589832403,0.272416723189013,2380.17511485305,859.565000098277,0.99091428571429
518,1/19/18,0.736481861738535,1550,0.258933356987749,0.267372020923186,2380.17511485305,834.968667705308,0.99091428571429
519,1/19/18,0.736481861738535,1575,0.254272497429297,0.262920695701778,2380.17511485305,810.422793768848,0.99091428571429
520,1/19/18,0.736481861738535,1600,0.250185784704809,0.258158462845233,2380.17511485305,785.92737828236,0.99091428571429
521,1/19/18,0.736481861738535,1625,0.245741512942231,0.253129563231749,2380.17511485305,761.43196278144,0.99091428571429
522,1/19/18,0.736481861738535,1650,0.242416837015558,0.24852593286343,2380.17511485305,737.087922654707,0.99091428571429
523,1/19/18,0.736481861738535,1675,0.237963808201434,0.243632519729792,2380.17511485305,712.693424065347,0.99091428571429
524,1/19/18,0.736481861738535,1700,0.233807494830562,0.236761254661676,2380.17511485305,688.198008573336,0.99091428571429
525,1/19/18,0.736481861738535,1725,0.229299332738656,0.234703344201417,2380.17511485305,664.156719147306,0.99091428571429
526,1/19/18,0.736481861738535,1750,0.225517527458098,0.23050853184706,2380.17511485305,640.064971252087,0.99091428571429
527,1/19/18,0.736481861738535,1775,0.22084634520754,0.225956557867418,2380.17511485305,615.922764928745,0.99091428571429
528,1/19/18,0.736481861738535,1800,0.217209509453426,0.221932726151418,2380.17511485305,592.032850860933,0.99091428571429
529,1/19/18,0.736481861738535,1825,0.212720657753027,0.217518256565708,2380.17511485305,568.092478314885,0.99091428571429
530,1/19/18,0.736481861738535,1850,0.209040382785727,0.213123262972302,2380.17511485305,544.353939600386,0.99091428571429
531,1/19/18,0.736481861738535,1875,0.204557839922656,0.209052526358985,2380.17511485305,520.665859332085,0.99091428571429
532,1/19/18,0.736481861738535,1900,0.200710073866271,0.204891800410859,2380.17511485305,497.179612873174,0.99091428571429
533,1/19/18,0.736481861738535,1925,0.196722482676512,0.200621958236066,2380.17511485305,473.794283299984,0.99091428571429
534,1/19/18,0.736481861738535,1950,0.192581947801804,0.196502877249978,2380.17511485305,450.560329110716,0.99091428571429
535,1/19/18,0.736481861738535,1975,0.188542268759082,0.192467293698278,2380.17511485305,427.528208683401,0.99091428571429
536,1/19/18,0.736481861738535,2000,0.184541492661012,0.188458067011997,2380.17511485305,404.697922056222,0.99091428571429
537,1/19/18,0.736481861738535,2025,0.180527077343837,0.184199556704631,2380.17511485305,382.019010809984,0.99091428571429
538,1/19/18,0.736481861738535,2050,0.176671577381065,0.180330816827307,2380.17511485305,359.693308737596,0.99091428571429
539,1/19/18,0.736481861738535,2075,0.172487872503602,0.175933297312455,2380.17511485305,337.418065077665,0.99091428571429
540,1/19/18,0.736481861738535,2100,0.168749930333521,0.172182702543121,2380.17511485305,315.697864431293,0.99091428571429
541,1/19/18,0.736481861738535,2125,0.164783699318049,0.168025682240208,2380.17511485305,294.129039079453,0.99091428571429
542,1/19/18,0.736481861738535,2150,0.160739524752156,0.163809281974091,2380.17511485305,272.862964466541,0.99091428571429
543,1/19/18,0.736481861738535,2175,0.156731176273959,0.159483753257698,2380.17511485305,251.950098973056,0.99091428571429
544,1/19/18,0.736481861738535,2200,0.152689165432341,0.155463394647306,2380.17511485305,231.541818046311,0.99091428571429
545,1/19/18,0.736481861738535,2225,0.148697791908777,0.15149449000845,2380.17511485305,211.63812159766,0.99091428571429
546,1/19/18,0.736481861738535,2250,0.144678771055952,0.147501480413056,2380.17511485305,192.239009688255,0.99091428571429
547,1/19/18,0.736481861738535,2275,0.140559455201952,0.143278495841856,2380.17511485305,173.294023786531,0.99091428571429
548,1/19/18,0.736481861738535,2300,0.136664441550646,0.139427899001401,2380.17511485305,155.206831584927,0.99091428571429
549,1/19/18,0.736481861738535,2325,0.132505005047728,0.135324308238035,2380.17511485305,137.624223945244,0.99091428571429
550,1/19/18,0.736481861738535,2350,0.1282612062901,0.131402410650941,2380.17511485305,120.848951404022,0.99091428571429
551,1/19/18,0.736481861738535,2375,0.124211927930979,0.127440653912845,2380.17511485305,104.981931057621,0.99091428571429
552,1/19/18,0.736481861738535,2400,0.120431422573008,0.123280804135534,2380.17511485305,90.0683351755026,0.99091428571429
553,1/19/18,0.736481861738535,2425,0.116679517694746,0.119303503769187,2380.17511485305,76.2427195823541,0.99091428571429
554,1/19/18,0.736481861738535,2450,0.112957835543702,0.115638223386377,2380.17511485305,63.6281067897083,0.99091428571429
555,1/19/18,0.736481861738535,2475,0.10931529849472,0.112225836227223,2380.17511485305,52.2749552752788,0.99091428571429
556,1/19/18,0.736481861738535,2500,0.105828379045113,0.109034864170783,2380.17511485305,42.2337235612667,0.99091428571429
557,1/19/18,0.736481861738535,2525,0.102627534678343,0.105920022350607,2380.17511485305,33.5044114923917,0.99091428571429
558,1/19/18,0.736481861738535,2550,0.0996130751708333,0.103056112883513,2380.17511485305,26.0870192249055,0.99091428571429
559,1/19/18,0.736481861738535,2575,0.097078681891511,0.100560884337797,2380.17511485305,20.0320050825346,0.99091428571429
560,1/19/18,0.736481861738535,2600,0.0949191834924091,0.0982674310479258,2380.17511485305,15.1375353354163,0.99091428571429
561,1/19/18,0.736481861738535,2625,0.0927732819663389,0.0964367945824877,2380.17511485305,11.2522345779661,0.99091428571429
562,1/19/18,0.736481861738535,2650,0.0915323675407715,0.0952787176619527,2380.17511485305,8.42656133975736,0.99091428571429
563,1/19/18,0.736481861738535,2700,0.0896714000818658,0.0942572775501638,2380.17511485305,4.6926359650067,0.99091428571429
564,1/19/18,0.736481861738535,2750,0.0890676683311284,0.0946273061244126,2380.17511485305,2.67429790090589,0.99091428571429
565,1/19/18,0.736481861738535,2800,0.0887521052472724,0.096954287172489,2380.17511485305,1.61467043012306,0.99091428571429
566,1/19/18,0.736481861738535,2850,0.0888763579396018,0.100657160536543,2380.17511485305,1.05962747266882,0.99091428571429
567,1/19/18,0.736481861738535,2900,0.0888764724631746,0.105354331634583,2380.17511485305,0.75687676319257,0.99091428571429
568,1/19/18,0.736481861738535,2950,0.0858452286311215,0.110303300342583,2380.17511485305,0.555042962868322,0.99091428571429
569,6/15/18,1.13894592744695,500,0.435387280035833,0.574190068458518,2376.65500145815,1877.24190726129,0.97971428571429
570,6/15/18,1.13894592744695,600,0.385241672070802,0.513476275395356,2376.65500145815,1777.2929425492,0.97971428571429
571,6/15/18,1.13894592744695,700,0.343036792206639,0.46609324259846,2376.65500145815,1677.39501312342,0.97971428571429
572,6/15/18,1.13894592744695,750,0.390167400206029,0.444502235063795,2376.65500145815,1627.65018955996,0.97971428571429
573,6/15/18,1.13894592744695,800,0.369179445866295,0.427228438807337,2376.65500145815,1577.75226013304,0.97971428571429
574,6/15/18,1.13894592744695,850,0.290059161804276,0.408947029668939,2376.65500145815,1527.62467191638,0.97971428571429
575,6/15/18,1.13894592744695,900,0.312994779257233,0.393810645787763,2376.65500145815,1477.85433070755,0.97971428571429
576,6/15/18,1.13894592744695,950,0.319841893530278,0.378785133385269,2376.65500145815,1428.13502478717,0.97971428571429
577,6/15/18,1.13894592744695,1000,0.319366356585706,0.365815989376578,2376.65500145815,1378.49227180145,0.97971428571429
578,6/15/18,1.13894592744695,1025,0.316305809561958,0.358812005020814,2376.65500145815,1353.64537766113,0.97971428571429
579,6/15/18,1.13894592744695,1050,0.314182717144374,0.353456309991147,2376.65500145815,1328.87503645612,0.97971428571429
580,6/15/18,1.13894592744695,1075,0.31128718767516,0.347168896283742,2376.65500145815,1304.07917760192,0.97971428571429
581,6/15/18,1.13894592744695,1100,0.307820635231625,0.340834857948906,2376.65500145815,1279.28331874928,0.97971428571429
582,6/15/18,1.13894592744695,1125,0.304970202584262,0.334468448878646,2376.65500145815,1254.51297754604,0.97971428571429
583,6/15/18,1.13894592744695,1150,0.302507410694148,0.329334214208147,2376.65500145815,1229.81918926831,0.97971428571429
584,6/15/18,1.13894592744695,1175,0.29861368124936,0.324036438420433,2376.65500145815,1205.09988334527,0.97971428571429
585,6/15/18,1.13894592744695,1200,0.295916216006569,0.318605107919619,2376.65500145815,1180.43161271467,0.97971428571429
586,6/15/18,1.13894592744695,1225,0.292021282245278,0.313064368844161,2376.65500145815,1155.73782443814,0.97971428571429
587,6/15/18,1.13894592744695,1250,0.289074263734413,0.308387577557878,2376.65500145815,1131.146106734,0.97971428571429
588,6/15/18,1.13894592744695,1275,0.284551035026036,0.3035204182621,2376.65500145815,1106.50335374712,0.97971428571429
589,6/15/18,1.13894592744695,1300,0.281932298409494,0.299319908832931,2376.65500145815,1082.01370661899,0.97971428571429
590,6/15/18,1.13894592744695,1325,0.277889252635665,0.294109508710533,2376.65500145815,1057.42198892014,0.97971428571429
591,6/15/18,1.13894592744695,1350,0.274481045368642,0.289516244690065,2376.65500145815,1032.93234178847,0.97971428571429
592,6/15/18,1.13894592744695,1375,0.271543574078319,0.284745265695911,2376.65500145815,1008.49372994491,0.97971428571429
593,6/15/18,1.13894592744695,1400,0.27249419729465,0.275902477030211,2376.65500145815,984.055118110857,0.97971428571429
594,6/15/18,1.13894592744695,1425,0.264546025598104,0.275965398493024,2376.65500145815,959.718576843021,0.97971428571429
595,6/15/18,1.13894592744695,1450,0.261235516106425,0.271851872555055,2376.65500145815,935.433070864354,0.97971428571429
596,6/15/18,1.13894592744695,1475,0.257603015076819,0.267517294875697,2376.65500145815,911.14756489151,0.97971428571429
597,6/15/18,1.13894592744695,1500,0.253696907045343,0.263481347671635,2376.65500145815,886.913094196096,0.97971428571429
598,6/15/18,1.13894592744695,1525,0.250063021401003,0.259679307952952,2376.65500145815,862.780694080747,0.97971428571429
599,6/15/18,1.13894592744695,1550,0.246633348894865,0.25562594952784,2376.65500145815,838.699329251405,0.97971428571429
600,6/15/18,1.13894592744695,1575,0.242911269913093,0.25175708377645,2376.65500145815,814.668999721411,0.97971428571429
601,6/15/18,1.13894592744695,1600,0.239758121049194,0.248027390796073,2376.65500145815,790.791776018453,0.97971428571429
602,6/15/18,1.13894592744695,1625,0.235896304973137,0.244398120291647,2376.65500145815,766.914552347475,0.97971428571429
603,6/15/18,1.13894592744695,1650,0.232519262960881,0.240836387699622,2376.65500145815,743.190434520651,0.97971428571429
604,6/15/18,1.13894592744695,1675,0.229184390798247,0.236999495416372,2376.65500145815,719.517352015057,0.97971428571429
605,6/15/18,1.13894592744695,1700,0.225865122799831,0.233512322472401,2376.65500145815,695.997375311435,0.97971428571429
606,6/15/18,1.13894592744695,1725,0.222242707993707,0.230020278565846,2376.65500145815,672.528433936591,0.97971428571429
607,6/15/18,1.13894592744695,1750,0.218909987622778,0.226242499072635,2376.65500145815,649.161563140956,0.97971428571429
608,6/15/18,1.13894592744695,1775,0.215535602935762,0.222707757664014,2376.65500145815,625.9477982129,0.97971428571429
609,6/15/18,1.13894592744695,1800,0.212106681890527,0.219123953454566,2376.65500145815,602.83610381724,0.97971428571429
610,6/15/18,1.13894592744695,1825,0.208612203594073,0.215480540234768,2376.65500145815,579.826480007896,0.97971428571429
611,6/15/18,1.13894592744695,1850,0.20526389535707,0.212193023205708,2376.65500145815,557.07203264192,0.97971428571429
612,6/15/18,1.13894592744695,1875,0.202017693107091,0.208583868832336,2376.65500145815,534.419655894266,0.97971428571429
613,6/15/18,1.13894592744695,1900,0.198637618330183,0.205063170312948,2376.65500145815,511.920384963946,0.97971428571429
614,6/15/18,1.13894592744695,1925,0.19530958484011,0.201598019364369,2376.65500145815,489.625255176503,0.97971428571429
615,6/15/18,1.13894592744695,1950,0.192003046711616,0.198159491435738,2376.65500145815,467.534266528358,0.97971428571429
616,6/15/18,1.13894592744695,1975,0.188691301616815,0.19472204267714,2376.65500145815,445.64741910313,0.97971428571429
617,6/15/18,1.13894592744695,2000,0.185350795098123,0.191262922187751,2376.65500145815,423.964712715346,0.97971428571429
618,6/15/18,1.13894592744695,2025,0.182114680817857,0.187912718127232,2376.65500145815,402.588218115077,0.97971428571429
619,6/15/18,1.13894592744695,2050,0.178795937124947,0.184199317034587,2376.65500145815,381.313794123955,0.97971428571429
620,6/15/18,1.13894592744695,2075,0.175660436387279,0.180836332608999,2376.65500145815,360.498687647435,0.97971428571429
621,6/15/18,1.13894592744695,2100,0.172387716618737,0.177489881923975,2376.65500145815,339.938757622973,0.97971428571429
622,6/15/18,1.13894592744695,2125,0.169095455083236,0.174131274714488,2376.65500145815,319.685039378638,0.97971428571429
623,6/15/18,1.13894592744695,2150,0.165881452583678,0.170857932269494,2376.65500145815,299.839603376461,0.97971428571429
624,6/15/18,1.13894592744695,2175,0.162707032166656,0.167512809737772,2376.65500145815,280.351414427916,0.97971428571429
625,6/15/18,1.13894592744695,2200,0.159537077586899,0.164305103415376,2376.65500145815,261.32254304388,0.97971428571429
626,6/15/18,1.13894592744695,2225,0.156339141856945,0.160966888241256,2376.65500145815,242.650918649487,0.97971428571429
627,6/15/18,1.13894592744695,2250,0.153192556052333,0.157806383675248,2376.65500145815,224.540682447698,0.97971428571429
628,6/15/18,1.13894592744695,2275,0.149952075178864,0.154564042775975,2376.65500145815,206.838728503227,0.97971428571429
629,6/15/18,1.13894592744695,2300,0.146799106031119,0.151422261431695,2376.65500145815,189.749198001277,0.97971428571429
630,6/15/18,1.13894592744695,2325,0.143692651061766,0.148135425432267,2376.65500145815,173.17002036586,0.97971428571429
631,6/15/18,1.13894592744695,2350,0.141716621609151,0.144981168731062,2376.65500145815,157.815689702644,0.97971428571429
632,6/15/18,1.13894592744695,2375,0.137366560255433,0.141920079066395,2376.65500145815,141.951006124692,0.97971428571429
633,6/15/18,1.13894592744695,2400,0.134247222912086,0.138988316346898,2376.65500145815,127.43511231151,0.97971428571429
634,6/15/18,1.13894592744695,2425,0.13124878375357,0.13569812089232,2376.65500145815,113.502478886548,0.97971428571429
635,6/15/18,1.13894592744695,2450,0.128009419885114,0.13270133032028,2376.65500145815,100.335374767105,0.97971428571429
636,6/15/18,1.13894592744695,2475,0.125106063522776,0.129767198694503,2376.65500145815,88.1379411129988,0.97971428571429
637,6/15/18,1.13894592744695,2500,0.122100745673932,0.126870147240476,2376.65500145815,76.7060367578632,0.97971428571429
638,6/15/18,1.13894592744695,2525,0.119175983735332,0.123987606810795,2376.65500145815,66.141732240275,0.97971428571429
639,6/15/18,1.13894592744695,2550,0.116775038649091,0.121326106626491,2376.65500145815,56.7512394206109,0.97971428571429
640,6/15/18,1.13894592744695,2575,0.113637880593798,0.118783211390696,2376.65500145815,47.9221347281076,0.97971428571429
641,6/15/18,1.13894592744695,2600,0.11103851854271,0.116375927344663,2376.65500145815,40.21580633707,0.97971428571429
642,6/15/18,1.13894592744695,2625,0.108685085896246,0.114140250105898,2376.65500145815,33.4791484421638,0.97971428571429
643,6/15/18,1.13894592744695,2650,0.105911624585848,0.111994468924167,2376.65500145815,27.4059492268254,0.97971428571429
644,6/15/18,1.13894592744695,2700,0.101928061802783,0.108264300678239,2376.65500145815,18.1175269767335,0.97971428571429
645,6/15/18,1.13894592744695,2750,0.0984929746745076,0.105419172786053,2376.65500145815,11.6360454903574,0.97971428571429
646,6/15/18,1.13894592744695,2800,0.0982361243485421,0.103293232849697,2376.65500145815,7.70632838547549,0.97971428571429
647,6/15/18,1.13894592744695,2850,0.0937479525136226,0.10210062001427,2376.65500145815,4.59317585038762,0.97971428571429
648,6/15/18,1.13894592744695,2900,0.0920559039777245,0.102400611675717,2376.65500145815,2.96004665462995,0.97971428571429
649,6/15/18,1.13894592744695,3000,0.0853686404561927,0.106446818416571,2376.65500145815,1.32691747161079,0.97971428571429
650,12/21/18,1.65639972621492,300,0.47907308459315,0.554197355689992,2375.53383737741,2075.71332981674,0.974971428571433
651,12/21/18,1.65639972621492,400,0.448862102371109,0.568049247398181,2375.53383737741,1976.43129957453,0.974971428571433
652,12/21/18,1.65639972621492,500,0.380417708389149,0.453543347271047,2375.53383737741,1875.94410581032,0.974971428571433
653,12/21/18,1.65639972621492,550,0.33928848994603,0.429397604189244,2375.53383737741,1825.94410580965,0.974971428571433
654,12/21/18,1.65639972621492,600,0.401540595653875,0.404461591120256,2375.53383737741,1776.27744891279,0.974971428571433
655,12/21/18,1.65639972621492,650,0.301270490914829,0.432467355153855,2375.53383737741,1726.68771734556,0.974971428571433
656,12/21/18,1.65639972621492,700,0.284455506504695,0.414432798302546,2375.53383737741,1676.81592622845,0.974971428571433
657,12/21/18,1.65639972621492,750,0.268823931425682,0.39716271787764,2375.53383737741,1626.94413511547,0.974971428571433
658,12/21/18,1.65639972621492,800,0.277056441288464,0.383197345823408,2375.53383737741,1577.20055288757,0.974971428571433
659,12/21/18,1.65639972621492,825,0.286533766072171,0.374622758850666,2375.53383737741,1552.32876177034,0.974971428571433
660,12/21/18,1.65639972621492,850,0.292889100407347,0.367792026541708,2375.53383737741,1527.533895987,0.974971428571433
661,12/21/18,1.65639972621492,875,0.295099490200943,0.360992351948864,2375.53383737741,1502.73903020185,0.974971428571433
662,12/21/18,1.65639972621492,900,0.296930489445628,0.355572813738073,2375.53383737741,1478.02108975182,0.974971428571433
663,12/21/18,1.65639972621492,925,0.296841180849412,0.348784337280555,2375.53383737741,1453.25186574438,0.974971428571433
664,12/21/18,1.65639972621492,950,0.295525375719719,0.343233817571833,2375.53383737741,1428.53392529511,0.974971428571433
665,12/21/18,1.65639972621492,975,0.294431755052496,0.337606607814668,2375.53383737741,1403.84162661311,0.974971428571433
666,12/21/18,1.65639972621492,1000,0.292473498290506,0.331923287182055,2375.53383737741,1379.14932794222,0.974971428571433
667,12/21/18,1.65639972621492,1025,0.290703020461256,0.32620027037989,2375.53383737741,1354.48267104199,0.974971428571433
668,12/21/18,1.65639972621492,1050,0.289007070847923,0.321362399578373,2375.53383737741,1329.89293947711,0.974971428571433
669,12/21/18,1.65639972621492,1075,0.28538162633305,0.316401908372857,2375.53383737741,1305.25192435444,0.974971428571433
670,12/21/18,1.65639972621492,1100,0.283856198536187,0.311342780211387,2375.53383737741,1280.71347633743,0.974971428571433
671,12/21/18,1.65639972621492,1125,0.2806562771974,0.30695381547646,2375.53383737741,1256.17502832892,0.974971428571433
672,12/21/18,1.65639972621492,1150,0.278116810247314,0.291208049772421,2375.53383737741,1230.91861055955,0.974971428571433
673,12/21/18,1.65639972621492,1175,0.276046420064555,0.297747239407433,2375.53383737741,1207.25198295811,0.974971428571433
674,12/21/18,1.65639972621492,1200,0.272714388144734,0.293595429126729,2375.53383737741,1182.81610206288,0.974971428571433
675,12/21/18,1.65639972621492,1225,0.270592696203472,0.28928557064025,2375.53383737741,1158.48278825745,0.974971428571433
676,12/21/18,1.65639972621492,1250,0.267370596581724,0.285387116916184,2375.53383737741,1134.14947446362,0.974971428571433
677,12/21/18,1.65639972621492,1275,0.264515555051769,0.281312942703933,2375.53383737741,1109.86744422951,0.974971428571433
678,12/21/18,1.65639972621492,1300,0.265289263940789,0.277569670603861,2375.53383737741,1085.99568240519,0.974971428571433
679,12/21/18,1.65639972621492,1325,0.259022752895456,0.273643424904496,2375.53383737741,1061.50851794377,0.974971428571433
680,12/21/18,1.65639972621492,1350,0.256326489058786,0.269985400397657,2375.53383737741,1037.43162192624,0.974971428571433
681,12/21/18,1.65639972621492,1375,0.253330889561008,0.266143907817445,2375.53383737741,1013.35472590673,0.974971428571433
682,12/21/18,1.65639972621492,1400,0.250508054475355,0.262521623396483,2375.53383737741,989.380396983693,0.974971428571433
683,12/21/18,1.65639972621492,1425,0.247414104839873,0.259076325916888,2375.53383737741,965.457351622282,0.974971428571433
684,12/21/18,1.65639972621492,1450,0.244460960118216,0.255771409890384,2375.53383737741,941.636873369339,0.974971428571433
685,12/21/18,1.65639972621492,1475,0.241611667176853,0.252575419460458,2375.53383737741,917.918962207705,0.974971428571433
686,12/21/18,1.65639972621492,1500,0.238835432416932,0.249461500231708,2375.53383737741,894.303618172091,0.974971428571433
687,12/21/18,1.65639972621492,1525,0.235798715464042,0.246124268476019,2375.53383737741,870.688274138391,0.974971428571433
688,12/21/18,1.65639972621492,1550,0.232824891161173,0.243124955474994,2375.53383737741,847.226780768042,0.974971428571433
689,12/21/18,1.65639972621492,1575,0.229892368104105,0.239894785506579,2375.53383737741,823.816570945558,0.974971428571433
690,12/21/18,1.65639972621492,1600,0.226982963674759,0.236699426338736,2375.53383737741,800.508928201161,0.974971428571433
691,12/21/18,1.65639972621492,1625,0.224325566839511,0.233752552182869,2375.53383737741,777.406419735977,0.974971428571433
692,12/21/18,1.65639972621492,1650,0.221405768413676,0.230573884352831,2375.53383737741,754.303911211292,0.974971428571433
693,12/21/18,1.65639972621492,1675,0.218689603086702,0.227599053202947,2375.53383737741,731.40653694972,0.974971428571433
694,12/21/18,1.65639972621492,1700,0.215719054710989,0.224592571637442,2375.53383737741,708.560446215605,0.974971428571433
695,12/21/18,1.65639972621492,1725,0.213110633219556,0.221735135153279,2375.53383737741,685.970773266121,0.974971428571433
696,12/21/18,1.65639972621492,1750,0.210237529124824,0.21881695446386,2375.53383737741,663.432383839413,0.974971428571433
697,12/21/18,1.65639972621492,1775,0.207480978013036,0.215834861617239,2375.53383737741,641.047845097413,0.974971428571433
698,12/21/18,1.65639972621492,1800,0.204812078761915,0.21294872453619,2375.53383737741,618.86844060207,0.974971428571433
699,12/21/18,1.65639972621492,1825,0.202205728735615,0.209823140637713,2375.53383737741,596.791603207769,0.974971428571433
700,12/21/18,1.65639972621492,1850,0.199485822838831,0.206625443850207,2375.53383737741,574.8173328469,0.974971428571433
701,12/21/18,1.65639972621492,1875,0.19665370246711,0.203639852577646,2375.53383737741,553.048196793034,0.974971428571433
702,12/21/18,1.65639972621492,1900,0.193993006130602,0.201517346456727,2375.53383737741,531.843179738322,0.974971428571433
703,12/21/18,1.65639972621492,1925,0.191333465507203,0.19882241935899,2375.53383737741,510.638162759747,0.974971428571433
704,12/21/18,1.65639972621492,1950,0.188791095013471,0.195988494258742,2375.53383737741,489.638279992467,0.974971428571433
705,12/21/18,1.65639972621492,1975,0.18621307931235,0.19289518490753,2375.53383737741,468.74096437153,0.974971428571433
706,12/21/18,1.65639972621492,2000,0.183468740604379,0.190147700075486,2375.53383737741,448.151349988516,0.974971428571433
707,12/21/18,1.65639972621492,2025,0.180909513608605,0.187468993997654,2375.53383737741,427.920720535389,0.974971428571433
708,12/21/18,1.65639972621492,2050,0.17838935486724,0.184728150950759,2375.53383737741,407.946508814558,0.974971428571433
709,12/21/18,1.65639972621492,2075,0.175889436966843,0.182131147474091,2375.53383737741,388.331281999267,0.974971428571433
710,12/21/18,1.65639972621492,2100,0.17328792137782,0.179443251279716,2375.53383737741,368.921189397135,0.974971428571433
711,12/21/18,1.65639972621492,2125,0.170782113735252,0.176859739756771,2375.53383737741,349.921365202586,0.974971428571433
712,12/21/18,1.65639972621492,2150,0.168249403093888,0.174259427902175,2375.53383737741,331.229242411005,0.974971428571433
713,12/21/18,1.65639972621492,2175,0.165772550852242,0.171724737472744,2375.53383737741,312.947388010375,0.974971428571433
714,12/21/18,1.65639972621492,2200,0.16323763748747,0.169142734837889,2375.53383737741,294.973234852513,0.974971428571433
715,12/21/18,1.65639972621492,2225,0.160816350133412,0.166684764433847,2375.53383737741,277.511917276926,0.974971428571433
716,12/21/18,1.65639972621492,2250,0.158305537505121,0.164148930223879,2375.53383737741,260.358301120782,0.974971428571433
717,12/21/18,1.65639972621492,2275,0.155870924671251,0.161612813270198,2375.53383737741,243.666236900111,0.974971428571433
718,12/21/18,1.65639972621492,2300,0.15349252370312,0.159235196068221,2375.53383737741,227.538291717424,0.974971428571433
719,12/21/18,1.65639972621492,2325,0.150980287460962,0.156737183304565,2375.53383737741,211.718047889577,0.974971428571433
720,12/21/18,1.65639972621492,2350,0.148577834359746,0.154278240687067,2375.53383737741,196.461923174158,0.974971428571433
721,12/21/18,1.65639972621492,2375,0.146181733751604,0.151927001741825,2375.53383737741,181.769917551787,0.974971428571433
722,12/21/18,1.65639972621492,2400,0.143569172967884,0.149712821319831,2375.53383737741,167.54337121509,0.974971428571433
723,12/21/18,1.65639972621492,2425,0.141201805698437,0.147341548461856,2375.53383737741,153.901945791731,0.974971428571433
724,12/21/18,1.65639972621492,2450,0.138878659807619,0.144951610880851,2375.53383737741,140.824639617144,0.974971428571433
725,12/21/18,1.65639972621492,2475,0.136841474185027,0.142699464366508,2375.53383737741,128.567870112993,0.974971428571433
726,12/21/18,1.65639972621492,2500,0.134313527840708,0.140491042864966,2375.53383737741,116.618802004102,0.974971428571433
727,12/21/18,1.65639972621492,2525,0.132572683822667,0.138318028938038,2375.53383737741,105.746688558012,0.974971428571433
728,12/21/18,1.65639972621492,2550,0.13031764031304,0.136173753442976,2375.53383737741,95.1822763944058,0.974971428571433
729,12/21/18,1.65639972621492,2575,0.128238320638539,0.134053268583081,2375.53383737741,85.335833963315,0.974971428571433
730,12/21/18,1.65639972621492,2600,0.126061964136684,0.132046426177566,2375.53383737741,76.1047942943904,0.974971428571433
731,12/21/18,1.65639972621492,2625,0.123971129386144,0.130161408186286,2375.53383737741,67.5917243087104,0.974971428571433
732,12/21/18,1.65639972621492,2650,0.121262667261015,0.128213708693276,2375.53383737741,59.3350720837906,0.974971428571433
733,12/21/18,1.65639972621492,2675,0.119988201357621,0.125263346152291,2375.53383737741,51.8989567391625,0.974971428571433
734,12/21/18,1.65639972621492,2700,0.117904247625715,0.12170150631265,2375.53383737741,44.4115577886003,0.974971428571433
735,12/21/18,1.65639972621492,2750,0.113942895576382,0.121568353668967,2375.53383737741,34.4112648201347,0.974971428571433
736,12/21/18,1.65639972621492,2800,0.110643449760332,0.117899397617889,2375.53383737741,25.1289415267812,0.974971428571433
737,12/21/18,1.65639972621492,2900,0.107907335212771,0.113597417538315,2375.53383737741,13.7439924861352,0.974971428571433
738,12/21/18,1.65639972621492,3000,0.100326467535386,0.110533300493203,2375.53383737741,6.41044427107154,0.974971428571433
739,12/21/18,1.65639972621492,3100,0.0951208155574071,0.111061496744451,2375.53383737741,3.2308639012335,0.974971428571433
740,12/21/18,1.65639972621492,3200,0.0798518520869704,0.1141289442864,2375.53383737741,1.66671550467715,0.974971428571433
741,12/21/18,1.65639972621492,3500,0.113357799299324,0.118425675053594,2375.53383737741,0.641044425521748,0.974971428571433
