#S0=1,r=0.05,nX=1000,nT=1000,x0=-2,x1=2,m=crank-nicolson,vs=SviPowerLaw(v0=0.09, v1=0.04, v2=0.04, k1=5, k2=0.1, rho=-0.5, eta=1, gam=0.5)
k,K,T,ex,pc,pxTrue,pxLatt,sigTrue,sigLatt,sigLV,sigErr
-0.5,0.6095709072963093,0.1,E,P,4.0236798786455e-05,4.289278109591944e-05,0.517879100703683,0.5206752700793439,0.7172578095373775,0.0027961693756608508
-0.48,0.62188505646502,0.1,E,P,5.1007160719985634e-05,5.4153361971463004e-05,0.5086670823423004,0.5113339917159206,0.7037111359933573,0.002666909373620241
-0.45999999999999996,0.6344479679482281,0.1,E,P,6.469785681571054e-05,6.841984750214538e-05,0.4992879245812024,0.5018284825576952,0.6898870041215545,0.0025405579764927744
-0.43999999999999995,0.6472646670780345,0.1,E,P,8.211427747994806e-05,8.651117601367342e-05,0.4897323827908628,0.49214946628183315,0.675767146650657,0.002417083490970362
-0.41999999999999993,0.6603402807049829,0.1,E,P,0.00010428907362364989,0.00010947527569821806,0.47999035201057133,0.48228680622701914,0.6613311831897286,0.0022964542164478075
-0.3999999999999999,0.6736800392488675,0.1,E,P,0.0001325483414491558,0.0001386553326388003,0.47005075514160605,0.4722293936649044,0.6465562653803183,0.0021786385232983596
-0.3799999999999999,0.6872892787909722,0.1,E,P,0.00016859795591560214,0.0001757761547654168,0.4599014129509782,0.461965017885717,0.6314166438423485,0.002063604934738783
-0.3599999999999999,0.7011734432085724,0.1,E,P,0.00021463658318468488,0.0002230571331259547,0.449528892561937,0.4514802147745289,0.61588313576451,0.0019513222125918661
-0.33999999999999986,0.7153380863525599,0.1,E,P,0.0002735042119208443,0.00028336060061875056,0.4389183305676217,0.4407600900145911,0.599922465359467,0.0018417594469694043
-0.31999999999999984,0.7297888742690568,0.1,E,P,0.000348878270833708,0.00036038760135994864,0.428053226393554,0.4297881125428105,0.5834964405234323,0.0017348861492565426
-0.2999999999999998,0.7445315874659094,0.1,E,P,0.0004455339670460289,0.0004589376315868919,0.4169152011942925,0.41854587354096756,0.5665609171918631,0.0016306723466750772
-0.2799999999999998,0.7595721232249685,0.1,E,P,0.0005696920366271534,0.0005852554434612492,0.4054837176974842,0.40701280637191334,0.5490644872633765,0.0015290886744291354
-0.2599999999999998,0.7749164979610811,0.1,E,P,0.0007294866687672474,0.0007474975374553039,0.3937357576166574,0.39516586407397325,0.5309468059159921,0.0014301064573158384
-0.23999999999999977,0.7905708496287357,0.1,E,P,0.0009356006011992934,0.0009563651557445137,0.381645456788896,0.38297915455375275,0.5121364498656574,0.001333697764856756
-0.21999999999999975,0.806541440177327,0.1,E,P,0.0012021360260039682,0.0012259721612579376,0.36918370660376326,0.3704235420131087,0.49254817259844635,0.0012398354093454134
-0.19999999999999973,0.8228346580560185,0.1,E,P,0.0015478236648756624,0.0015750498075337317,0.35631774885067347,0.357466241679335,0.4720794065806433,0.0011484928286615292
-0.17999999999999972,0.8394570207692075,0.1,E,P,0.0019977263898982188,0.0020286442747546895,0.3430108309477627,0.34407047469129953,0.45060588710330757,0.0010596437435368422
-0.1599999999999997,0.8564151774836136,0.1,E,P,0.002585682999062192,0.002620551857135957,0.3292220736595588,0.3301953350412643,0.42797642177152595,0.0009732613817055036
-0.13999999999999968,0.8737159116880346,0.1,E,P,0.0033578901471587683,0.0033968887281678305,0.3149068872894979,0.31579620417611914,0.40400732353356705,0.0008893168866212497
-0.11999999999999966,0.8913661439068316,0.1,E,P,0.0043782897703686235,0.00442146099216828,0.3000186775181684,0.30082645377438166,0.3784784325658393,0.0008077762562132551
-0.09999999999999964,0.9093729344682316,0.1,E,P,0.005736920811250813,0.005784091353147899,0.2845134988150079,0.2852420937719098,0.3511364354890881,0.0007285949569018624
-0.07999999999999963,0.9277434863285531,0.1,E,P,0.007563309889208219,0.0076139735840167685,0.2683614467652657,0.2690131573785417,0.32172103284927345,0.0006517106132760131
-0.05999999999999961,0.9464851479534842,0.1,E,P,0.010048659872448516,0.010101810978891653,0.2515736476261575,0.25215069263115264,0.2900541058647811,0.0005770450049951137
-0.03999999999999959,0.9656054162575668,0.1,E,P,0.013483315983901614,0.013537228967944657,0.23426559191913773,0.23477018291850685,0.25628795776971286,0.0005045909993691144
-0.019999999999999574,0.985111939603063,0.1,E,P,0.018317714033100445,0.01836975631568074,0.21680210952583398,0.21723710753067998,0.22150257675272464,0.0004349980048460045
4.440892098500626e-16,1.0050125208594014,0.1,E,C,0.025238732530730248,0.02529657623654462,0.20009208958044417,0.20055082670581922,0.18881711907573345,0.0004587371253750583
0.020000000000000462,1.025315120524429,0.1,E,C,0.014948703136374456,0.014999259047321871,0.18595102875881298,0.18637153286716382,0.1642165981653353,0.0004205041083508443
0.04000000000000048,1.0460278599087172,0.1,E,C,0.007928304366784893,0.007972389952374908,0.17671484746205893,0.17715728294462316,0.15382340037308959,0.0004424354825642296
0.0600000000000005,1.067159024384193,0.1,E,C,0.003916890441023715,0.003954727028211744,0.17334434799833795,0.17387340563864992,0.15757487999621914,0.0005290576403119696
0.08000000000000052,1.0887170666983992,0.1,E,C,0.0018898418937564772,0.001919780574423379,0.17460317833643227,0.17525224001560857,0.16965707266694732,0.0006490616791763049
0.10000000000000053,1.1107106103557056,0.1,E,C,0.000913711659687917,0.000935507079637068,0.1786574862266403,0.1794395889057155,0.18482806527720325,0.0007821026790752195
0.12000000000000055,1.133148453066827,0.1,E,C,0.00044626829534972085,0.0004612443101922994,0.18420321349169808,0.18512698485743467,0.20049025935276588,0.0009237713657365976
0.14000000000000057,1.1560395702680222,0.1,E,C,0.0002203718504940979,0.0002302832428466986,0.19049799288804703,0.191572581176662,0.21568291237461026,0.0010745882886149805
0.1600000000000006,1.1793931187113913,0.1,E,C,0.00010989026685955047,0.0001162874608940894,0.1971413937034578,0.19837718605847143,0.23013412696695904,0.001235792355013643
0.1800000000000006,1.203218440127696,0.1,E,C,5.5249919804158274e-05,5.930718744416183e-05,0.2039168668499996,0.20532543312733845,0.2438210157888882,0.0014085662773388463
0.20000000000000062,1.2275250649631781,0.1,E,C,2.796837408258704e-05,3.0508987795995383e-05,0.21070552771698473,0.2122995410995076,0.25680020232844675,0.0015940133825228797
0.22000000000000064,1.252322716191865,0.1,E,C,1.4238595624246134e-05,1.5814364072590805e-05,0.21744146135354697,0.21923468954594683,0.2691467502819983,0.0017932281923998539
0.24000000000000066,1.2776213132048875,0.1,E,C,7.2833622631036815e-06,8.253596713836053e-06,0.22408830944275082,0.2260956619753605,0.28093343602689214,0.0020073525326096686
0.2600000000000007,1.3034309757783695,0.1,E,C,3.740613952762662e-06,4.3346597476945416e-06,0.23062665155074588,0.2328642626060096,0.2922246898888376,0.0022376110552637107
0.2800000000000007,1.3297620281214744,0.1,E,C,1.927724332871194e-06,2.289871530096791e-06,0.23704698335527583,0.239532316027781,0.30307572873756167,0.0024853326725051694
0.3000000000000007,1.3566250030062248,0.1,E,C,9.963960987123722e-07,1.2164468516667705e-06,0.24334568956957603,0.24609765243734996,0.3135333833272556,0.0027519628677739327
0.32000000000000073,1.3840306459807523,0.1,E,C,5.163405671371191e-07,6.497247780632252e-07,0.2495226721949511,0.25256174162292894,0.3236373422128245,0.003039069427977825
0.34000000000000075,1.41198991966766,0.1,E,C,2.6817570221896155e-07,3.488887006000477e-07,0.25557992220847,0.258928264719823,0.3334213659516084,0.0033483425113530196
0.36000000000000076,1.440514008149218,0.1,E,C,1.3956185765249288e-07,1.883495772626181e-07,0.261520643998714,0.26520223300499557,0.34291433753955036,0.0036815890062815715
0.3800000000000008,1.4696143214411452,0.1,E,C,7.275819836772993e-08,1.0223244983049743e-07,0.2673487116117549,0.2713894322133609,0.352141129228001,0.00404072060160604
0.4000000000000008,1.499302500056768,0.1,E,C,3.7991254044366826e-08,5.579663157195685e-08,0.2730683284007078,0.2774960631378526,0.3611233040610565,0.004427734737144751
0.4200000000000008,1.5295904196633798,0.1,E,C,1.986563582177548e-08,3.062595449815218e-08,0.2786838135949362,0.28352850116606726,0.36987967989490217,0.0048446875711310455
0.44000000000000083,1.5604901958326678,0.1,E,C,1.0401091769030557e-08,1.690891734196317e-08,0.2841994692265252,0.28949312750870515,0.3784267827840665,0.005293658282179925
0.46000000000000085,1.5920141888871024,0.1,E,C,5.4520717028710044e-09,9.392459453552745e-09,0.2896194985165483,0.29539620293674684,0.38677921262912013,0.005776704420198564
0.48000000000000087,1.6241750088442306,0.1,E,C,2.8609193988502883e-09,5.250245806054449e-09,0.2949479574828386,0.3012437661227469,0.39494993957146873,0.006295808639908307
0.5000000000000009,1.656985520460852,0.1,E,C,1.5026989625804825e-09,2.954052896175426e-09,0.30018872809039304,0.30704154606335016,0.4029505457045822,0.006852817972957115
-0.5,0.612626394184416,0.2,E,P,0.0003062049671659015,0.00033886466488102293,0.44644166431948806,0.4516815829687677,0.6125619478399982,0.00523991864927964
-0.48,0.6250022682827007,0.2,E,P,0.00036452287206167823,0.00040125937536096887,0.4389047381048933,0.44395976310756113,0.6011872585688001,0.005055025002667857
-0.45999999999999996,0.6376281516217732,0.2,E,P,0.0004341726908057238,0.0004754504499882808,0.4312402994713316,0.4361125452797216,0.5895787028678073,0.004872245808390019
-0.43999999999999995,0.6505090947233165,0.2,E,P,0.0005174183118141582,0.0005637451026878209,0.42344194057179935,0.4281335303646635,0.5777209238230492,0.004691589792864159
-0.41999999999999993,0.6636502501363194,0.2,E,P,0.0006169940276592507,0.0006689227079690853,0.4155027347373032,0.4200158014681303,0.5655968450556986,0.0045130667308270755
-0.3999999999999999,0.6770568744981647,0.2,E,P,0.000736207955388792,0.0007943376191919017,0.407415182722397,0.4117518704795235,0.553187404471859,0.004336687757126478
-0.3799999999999999,0.6907343306373547,0.2,E,P,0.0008790701080745193,0.0009440463844780783,0.3991711535304336,0.40333361928742234,0.5404712376846552,0.0041624657569887535
-0.3599999999999999,0.7046880897187134,0.2,E,P,0.001050451688976017,0.0011229658603966824,0.3907618199311301,0.3947522357893903,0.527424300864226,0.0039904158582601545
-0.33999999999999986,0.7189237334319262,0.2,E,P,0.0012562842030410472,0.0013370707283145936,0.38217758932472873,0.3859981453859108,0.5140194211104385,0.00382055606118209
-0.31999999999999984,0.7334469562242893,0.2,E,P,0.0015038097399152532,0.0015936416540092973,0.3734080315566221,0.3770609396102396,0.5002257610720048,0.0036529080536175096
-0.2999999999999998,0.7482635675785653,0.2,E,P,0.0018018975960044305,0.0019015791138717705,0.3644418069209192,0.3679293052018374,0.48600818414870833,0.003487498280918211
-0.2799999999999998,0.7633794943368533,0.2,E,P,0.00216144774885615,0.002271803216784753,0.3552666003832148,0.3585909597537716,0.47132650863632575,0.0033243593705568064
-0.2599999999999998,0.778800783071405,0.2,E,P,0.0025959093070625034,0.0027177674079307485,0.34586907281658136,0.34903260487580806,0.45613464645651824,0.0031635320592267036
-0.23999999999999977,0.794533602503334,0.2,E,P,0.0031219530704712788,0.003256124881791067,0.3362348482065207,0.33923991605087883,0.44037964027762444,0.0030050678443581114
-0.21999999999999975,0.8105842459701873,0.2,E,P,0.003760353543473752,0.0039076026439854505,0.326348569874831,0.32919760257551084,0.42400065289557354,0.002849032700679821
-0.19999999999999973,0.8269591339433624,0.2,E,P,0.00453716001804859,0.004698162304773084,0.3161940833770267,0.3188895957735816,0.4069280462492881,0.002695512396554911
-0.17999999999999972,0.8436648165963838,0.2,E,P,0.005485273313288399,0.0056605634778818595,0.3057548472470792,0.30829946751844006,0.3890828564251233,0.0025446202713608757
-0.1599999999999997,0.8607079764250579,0.2,E,P,0.00664660190299945,0.0068365025612480805,0.2950147508569374,0.2974112597581063,0.37037730708759203,0.002396508901168881
-0.13999999999999968,0.8780954309205615,0.2,E,P,0.008075060371006554,0.00827958857575295,0.2839596608401566,0.28621104893655186,0.3507176635080727,0.002251388096395246
-0.11999999999999966,0.8958341352965284,0.2,E,P,0.009840812291840922,0.010059556569222953,0.2725802795874905,0.27468983316123546,0.3300120042496834,0.002109553573744982
-0.09999999999999964,0.9139311852712284,0.2,E,P,0.012036371463809824,0.012268330814954112,0.26087738507364505,0.2628488194290714,0.3081878848857741,0.001971434355426349
-0.07999999999999963,0.9323938199059484,0.2,E,P,0.014785471778976543,0.015028847361235506,0.24887141257734122,0.2507090871371301,0.2852291321072779,0.0018376745597888655
-0.05999999999999961,0.9512294245007142,0.2,E,P,0.018255923996548233,0.018507858265385414,0.2366198973585823,0.23832917891644764,0.2612476854440984,0.0017092815578653442
-0.03999999999999959,0.9704455335485085,0.2,E,P,0.022677562266271954,0.022933840998961546,0.22424862998058387,0.225836537859908,0.23661354135034682,0.0015879078793241408
-0.019999999999999574,0.9900498337491683,0.2,E,P,0.028364171563060925,0.028618971923834276,0.21200410851123408,0.2134805122291464,0.21216098432809335,0.001476403717912328
4.440892098500626e-16,1.0100501670841684,0.2,E,C,0.03572910797308096,0.03598034716316329,0.2003283117165944,0.2017379286744047,0.18943131515885006,0.0014096169578103057
0.020000000000000462,1.0304545339535172,0.2,E,C,0.025058835681177987,0.0252929936994916,0.18991890140792628,0.19125577958236625,0.17072905379573616,0.001336878174439976
0.04000000000000048,1.0512710963760243,0.2,E,C,0.016581393013202918,0.016791106671964758,0.18165024187173417,0.18295085793399093,0.15852860024323226,0.0013006160622567597
0.0600000000000005,1.0725081812542168,0.2,E,C,0.010440280444778615,0.01062079050755868,0.17622282277764195,0.17753297666477869,0.15411048311877482,0.0013101538871367335
0.08000000000000052,1.0941742837052109,0.2,E,C,0.0063643571673061465,0.006513978333295203,0.17375109719413806,0.1751153736411178,0.1566343728334845,0.0013642764469797286
0.10000000000000053,1.1162780704588717,0.2,E,C,0.003822747446477586,0.003942620779956024,0.1737653102426907,0.1752191236814954,0.16388284510108753,0.0014538134388046853
0.12000000000000055,1.1388283833246224,0.2,E,C,0.0022892019329960383,0.0023826044218583295,0.1755802546618449,0.17715011280781853,0.1736769222623911,0.0015698581459736294
0.14000000000000057,1.1618342427282837,0.2,E,C,0.001374778688131323,0.0014460351602706236,0.17859199822528932,0.1802989337007333,0.1845434295818651,0.0017069354754439825
0.1600000000000006,1.1853048513203661,0.2,E,C,0.0008298481483486375,0.000883372775759161,0.18236438343171904,0.18422663993495453,0.19566676926573476,0.0018622565032354876
0.1800000000000006,1.209249597657252,0.2,E,C,0.0005037231338454021,0.0005434724153123777,0.1866072330294791,0.1886417959155025,0.20664786992251533,0.002034562886023411
0.20000000000000062,1.2336780599567438,0.2,E,C,0.00030739917670482994,0.00033666805028097023,0.19113280708917804,0.19335624666065188,0.21731253691966781,0.002223439571473834
0.22000000000000064,1.2586000099294785,0.2,E,C,0.0001884995836813827,0.00020991222430708967,0.1958200849812997,0.19824905261569764,0.22759882062519934,0.002428967634397927
0.24000000000000066,1.2840254166877423,0.2,E,C,0.00011608427778514236,0.00013167128177714294,0.20059058998270626,0.20324213608806813,0.23749797190896207,0.0026515461053618627
0.2600000000000007,1.3099644507332482,0.2,E,C,7.175702436411698e-05,8.305915638380408e-05,0.2053930108412005,0.20828480416941803,0.24702497453913985,0.0028917933282175123
0.2800000000000007,1.3364274880254727,0.2,E,C,4.4502243892866517e-05,5.267238741900727e-05,0.21019357005961342,0.2133440570267601,0.2562042085507342,0.003150486967146676
0.3000000000000007,1.3634251141321787,0.2,E,C,2.767908640815406e-05,3.357104680057763e-05,0.214969967834326,0.2183984914332112,0.26506263378819656,0.0034285235988851803
0.32000000000000073,1.3909681284637812,0.2,E,C,1.725937804247756e-05,2.150054103743158e-05,0.21970752747081795,0.22343441584012064,0.2736266707648929,0.0037268883693026833
0.34000000000000075,1.4190675485932582,0.2,E,C,1.0786370304256097e-05,1.383495895485241e-05,0.22439670390269315,0.22844333349379833,0.2819208871256073,0.004046629591105189
0.36000000000000076,1.4477346146633254,0.2,E,C,6.7545163770782556e-06,8.94361094392981e-06,0.22903144704746492,0.23342028240426926,0.28996755526894247,0.004388835356804344
0.3800000000000008,1.4769807938826434,0.2,E,C,4.237303563924682e-06,5.808105422430059e-06,0.23360810970064538,0.23836272015015653,0.2977866186665893,0.004754610449511143
0.4000000000000008,1.5068177851128546,0.2,E,C,2.662453371411898e-06,3.789105737899138e-06,0.2381247080553341,0.2432697606303806,0.3053958380781104,0.0051450525750465215
0.4200000000000008,1.5372575235482824,0.2,E,C,1.6753409498867938e-06,2.483273575952775e-06,0.2425804142992378,0.2481416417532937,0.31281100534633277,0.005561227454055906
0.44000000000000083,1.5683121854901698,0.2,E,C,1.0555867707092852e-06,1.6349744232170605e-06,0.24697520432577053,0.25297934703537545,0.3200461708722087,0.0060041427096049205
0.46000000000000085,1.5999941932173614,0.2,E,C,6.658902508858006e-07,1.0814691073101218e-06,0.2513096106229144,0.2577843314464634,0.32711386020893807,0.006474720823548996
0.48000000000000087,1.6323162199553802,0.2,E,C,4.2051767451705653e-07,7.187120878053926e-07,0.2555845474322925,0.2625583191589733,0.33402526986351094,0.006973771726680844
0.5000000000000009,1.6652911949458875,0.2,E,C,2.658270006164073e-07,4.799043582335412e-07,0.25980118617163217,0.26730315200835075,0.3407904395668831,0.007501965836718583
-0.5,0.6156971967642851,0.3,E,P,0.0008051815199694613,0.0008822311879507489,0.41117945893440927,0.41637407532233295,0.5604504757089821,0.005194616387923678
-0.48,0.6281351051896408,0.3,E,P,0.0009319444276693206,0.0010165918673654755,0.4045093423772307,0.4095407462382953,0.550157470513895,0.005031403861064598
-0.45999999999999996,0.6408242760323187,0.3,E,P,0.0010791828934443156,0.001172087541778331,0.39773258882241513,0.4026022939801066,0.5396529765162769,0.004869705157691473
-0.43999999999999995,0.6537697851298473,0.3,E,P,0.0012503271422967157,0.0013521889881011602,0.39084427232740676,0.395553804792004,0.5289233645763386,0.004709532464597266
-0.41999999999999993,0.6669768108584745,0.3,E,P,0.0014494132600157362,0.001560971758701402,0.38383912059596226,0.38839002030807945,0.5179535640571604,0.004550899712117196
-0.3999999999999999,0.6804506362045877,0.3,E,P,0.0016811987473005253,0.0018032306616785848,0.37671148878368665,0.3811053117724461,0.5067268642797299,0.004393822988759455
-0.3799999999999999,0.6941966508779789,0.3,E,P,0.0019513026406077461,0.0020846185193784173,0.3694553333788166,0.37369365444106983,0.49522468639960954,0.0042383210622532475
-0.3599999999999999,0.7082203534678,0.3,E,P,0.002266376226454644,0.0024118151664521033,0.362064187537172,0.36614860357692497,0.48342632278190906,0.004084416039752958
-0.33999999999999986,0.7225273536420722,0.3,E,P,0.0026343121263819793,0.0027927343840323496,0.3545311400957024,0.3584632743084587,0.4713086421100035,0.003932134212756289
-0.31999999999999984,0.7371233743916278,0.3,E,P,0.0030645018853191,0.0032367788028587626,0.34684882179793974,0.35063032894774476,0.45884576103059116,0.003781507149805019
-0.2999999999999998,0.7520142543193827,0.3,E,P,0.0035681554014786693,0.0037551559889218333,0.33900940429967724,0.34264197742523966,0.44600868821269934,0.0036325731255624216
-0.2799999999999998,0.7672059499758558,0.3,E,P,0.004158699948233896,0.004361273305735868,0.33100462070659614,0.3344899997189542,0.4327649561811568,0.0034853790123580697
-0.2599999999999998,0.7827045382418684,0.3,E,P,0.004852282683020358,0.005071235250668371,0.3228258214134786,0.3261658042297238,0.41907827345604476,0.0033399828162452017
-0.23999999999999977,0.7985162187593772,0.3,E,P,0.005668409192642708,0.0059044755632677234,0.3144640869939169,0.3176605441183853,0.40490826004542285,0.003196457124468366
-0.21999999999999975,0.8146473164114147,0.3,E,P,0.006630762941141665,0.006884568650288014,0.30591043269970486,0.30896532656163206,0.3902103829294859,0.0030548938619271993
-0.19999999999999973,0.8311042838521258,0.3,E,P,0.00776826816484312,0.008040282460749906,0.29715615989923067,0.300071570858601,0.3749363014777465,0.0029154109593703126
-0.17999999999999972,0.847893704087916,0.3,E,P,0.00911648425475969,0.009406960329113213,0.2881934437788401,0.2909716056424982,0.35903499384608706,0.0027781618636580907
-0.1599999999999997,0.8650222931107415,0.3,E,P,0.010719456355479716,0.011028355869839069,0.27901630270336014,0.28165965205741444,0.3424553105554976,0.002643349354054303
-0.13999999999999968,0.8824969025845957,0.3,E,P,0.012632198890076381,0.012959096885732803,0.26962218748782607,0.2721334335016073,0.32515106312408026,0.002511246013781221
-0.11999999999999966,0.9003245225862658,0.3,E,P,0.014924059225744392,0.015268024788648698,0.2600145820372016,0.2623968072381406,0.3070905060461608,0.0023822252009389477
-0.09999999999999964,0.9185122844014576,0.3,E,P,0.01768329410152034,0.018042741902199226,0.25020725481360306,0.2524640637327336,0.2882732186926665,0.0022568089191305485
-0.07999999999999963,0.9370674633774037,0.3,E,P,0.021023262486394422,0.021395771730973314,0.2402311816947024,0.24236692505702467,0.2687589397370967,0.002135743362322279
-0.05999999999999961,0.9559974818331002,0.3,E,P,0.025090587270355572,0.02547269072102845,0.23014567206206407,0.232165792223702,0.2487143585918818,0.0020201201616379394
-0.03999999999999959,0.9753099120283331,0.3,E,P,0.03007514404695509,0.030462107499220493,0.22005565604550056,0.22196722799693308,0.22848323293660958,0.001911571951432517
-0.019999999999999574,0.9950124791926827,0.3,E,P,0.03621999253216236,0.03660564729948634,0.21013649723339486,0.21194907656340625,0.2086769555736318,0.001812579330011388
4.440892098500626e-16,1.0151130646157194,0.3,E,C,0.04382482911614767,0.04420013863178773,0.20066336197098328,0.20238356730713805,0.19025594155749834,0.0017202053361547731
0.020000000000000462,1.0356197087996237,0.3,E,C,0.033026720775854085,0.033384629776016625,0.19202910431952638,0.19368239534388862,0.17451798660644346,0.0016532910243622356
0.04000000000000048,1.0565406146754948,0.3,E,C,0.023935232097996955,0.024267325404815486,0.1847126427108361,0.18632445382648888,0.16286073353272465,0.0016118111156527837
0.0600000000000005,1.077884150884632,0.3,E,C,0.01672975136544861,0.017029110714561348,0.1791579768931976,0.18076005494067576,0.15627443095769578,0.001602078047478167
0.08000000000000052,1.0996588551261035,0.3,E,C,0.011365950939319518,0.011628269125337909,0.1755984682343434,0.1772253205177214,0.15484415895058404,0.0016268522833779997
0.10000000000000053,1.1218734375719388,0.3,E,C,0.007582724452764089,0.00780669667234989,0.17396402213745515,0.17564818951255243,0.15772732913137436,0.001684167375097273
0.12000000000000055,1.1445367843513152,0.3,E,C,0.005013679882368754,0.005200699759289354,0.17395434395477896,0.17572377384830207,0.16363830148975883,0.0017694298935231056
0.14000000000000057,1.1676579611051259,0.3,E,C,0.0033066487935111103,0.003460025465674793,0.1751909007715287,0.17706900528036004,0.1713721941225098,0.0018781045088313297
0.1600000000000006,1.1912462166123587,0.3,E,C,0.002183322443540341,0.0023073594814641174,0.17732782497220786,0.17933470248386213,0.18004511712849378,0.0020068775116542648
0.1800000000000006,1.2153109864897313,0.3,E,C,0.0014458381956616944,0.0015450805088821288,0.18009311248614193,0.18224677504251677,0.1890956146798793,0.0021536625563748357
0.20000000000000062,1.2398618969660624,0.3,E,C,0.0009609242340942485,0.001039681514469689,0.18328788217571024,0.18560516258788773,0.19819833658179994,0.0023172804121774915
0.22000000000000064,1.2649087687328926,0.3,E,C,0.0006410232636224274,0.000703130955479152,0.1867713942422138,0.18926856347088966,0.20717769686025142,0.0024971692286758496
0.24000000000000066,1.2904616208728907,0.3,E,C,0.00042914507632838846,0.0004778824651248562,0.19044519978593502,0.19313838469185102,0.2159462564392332,0.0026931849059159962
0.2600000000000007,1.3165306748676224,0.3,E,C,0.00028824554092302075,0.0003263426188438403,0.1942404964924561,0.19714596807451665,0.22446623695705023,0.0029054715820605592
0.2800000000000007,1.3431263586862776,0.3,E,C,0.00019418600897799456,0.00022387375653667012,0.198109010791577,0.2012433876888532,0.23272694128798332,0.003134376897276192
0.3000000000000007,1.3702593109569976,0.3,E,C,0.00013117210359621313,0.00015424949839399946,0.2020166833083336,0.2053970777807184,0.240731915778125,0.003380394472384779
0.32000000000000073,1.3979403852224679,0.3,E,C,8.88206899322524e-05,0.00010672399972735618,0.20593935551925127,0.2095834782950394,0.24849177847519022,0.003644122775788128
0.34000000000000075,1.426180654281481,0.3,E,C,6.02738287650814e-05,7.414105946304475e-05,0.20985982568744188,0.213786059515824,0.2560202667068445,0.003926233828382114
0.36000000000000076,1.4549914146182026,0.3,E,C,4.09817431997903e-05,5.170924726999624e-05,0.21376582779879214,0.21799327554782455,0.2633320953711257,0.004227447749032415
0.3800000000000008,1.484384190920915,0.3,E,C,2.7913577453154082e-05,3.620405766019672e-05,0.21764863163375628,0.22219714230954374,0.2704418288951499,0.004548510675787459
0.4000000000000008,1.5143707406920492,0.3,E,C,1.904279277612319e-05,2.5445064821322858e-05,0.221502062969371,0.22639223751738252,0.2773633183819307,0.004890174548011522
0.4200000000000008,1.5449630589513395,0.3,E,C,1.3009826189547132e-05,1.7951213487512538e-05,0.22532181039459373,0.2305749882457256,0.28410945162312834,0.005253177851131857
0.44000000000000083,1.5761733830339923,0.3,E,C,8.89982622896981e-06,1.2712231673907814e-05,0.22910492966160934,0.23474315650999333,0.2906920737791523,0.005638226848383998
0.46000000000000085,1.6080141974857842,0.3,E,C,6.0955229959612604e-06,9.036217888652033e-06,0.23284948566847466,0.23889546279702206,0.2971219985133431,0.006045977128547403
0.48000000000000087,1.6404982390570453,0.3,E,C,4.1794189575152385e-06,6.447499993129603e-06,0.2365542913905291,0.24303130691953304,0.3034090644202878,0.006477015529003927
0.5000000000000009,1.6736385017975308,0.3,E,C,2.868517069532513e-06,4.617859425670917e-06,0.24021871583717222,0.24715055850662718,0.30956221150773033,0.006931842669454957
-0.5,0.6187833918061408,0.4,E,P,0.0014796093114441077,0.0015028114851746949,0.3888866282179636,0.38982139886801015,0.5273444048364851,0.0009347706500465458
-0.48,0.631283645506926,0.4,E,P,0.001683805452389687,0.0017088975971765953,0.382786130959603,0.3836910766588193,0.5177424156307863,0.0009049456992162863
-0.45999999999999996,0.6440364210831413,0.4,E,P,0.001917049634257653,0.0019441621503084488,0.3765928306418272,0.37746839586079417,0.5079440837309579,0.0008755652189669783
-0.43999999999999995,0.6570468198150569,0.4,E,P,0.002183659425037456,0.00221292778784239,0.3703027674707672,0.3711493932340142,0.49793710890435294,0.0008466257632470109
-0.41999999999999993,0.6703200460356393,0.4,E,P,0.0024886367987251314,0.002520200962166588,0.3639117433012054,0.36472986754354403,0.48770797884011996,0.0008181242423386248
-0.3999999999999999,0.6838614092123558,0.4,E,P,0.0028377872495481595,0.002871790827326777,0.3574153115412545,0.3582053695336686,0.47724182536269777,0.000790057992414106
-0.3799999999999999,0.6976763260710311,0.4,E,P,0.00323786249184711,0.0032744516683675126,0.3508087699908219,0.3515711948533759,0.4665222665078687,0.000762424862554012
-0.3599999999999999,0.7117703227626098,0.4,E,P,0.003696732234785255,0.0037360543464335224,0.34408715852187005,0.3448223818463614,0.4555312362911073,0.0007352233244913298
-0.33999999999999986,0.7261490370736909,0.4,E,P,0.004223592045025519,0.004265793760200975,0.3372452644205561,0.33795371703276367,0.4442488066328386,0.0007084526122075885
-0.31999999999999984,0.740818220681718,0.4,E,P,0.004829216333745235,0.004874441344447291,0.330277639560012,0.3309597524612651,0.4326530103319878,0.0006821129012530847
-0.2999999999999998,0.7557837414557256,0.4,E,P,0.005526268213731697,0.005574654332118334,0.32317863557935894,0.3238348411208351,0.42071968129527637,0.0006562055414761625
-0.2799999999999998,0.7710515858035664,0.4,E,P,0.006329681630721219,0.006381357159798101,0.3159424662514414,0.3165731996140164,0.40842234019136003,0.00063073336257502
-0.2599999999999998,0.7866278610665536,0.4,E,P,0.007257136150356919,0.00731221536751315,0.3085633107601101,0.30916901184056483,0.3957321731091671,0.0006057010804547125
-0.23999999999999977,0.8025187979624786,0.4,E,P,0.008329651594887244,0.008388229148821437,0.3010354785085581,0.3016165943540967,0.3826181821079663,0.0005811158455386045
-0.21999999999999975,0.818730753077982,0.4,E,P,0.009572339082430858,0.009634483056548343,0.2933536666471422,0.2939106546418926,0.3690476367425869,0.000556987994750402
-0.19999999999999973,0.8352702114112722,0.4,E,P,0.011015357868493614,0.01108110120613148,0.28551335778778,0.2860466898904534,0.3549870355086163,0.0005333321026734228
-0.17999999999999972,0.8521437889662116,0.4,E,P,0.012695144879836065,0.012764474799983374,0.27751143054757954,0.27802159903070794,0.34040391175049817,0.0005101684831284037
-0.1599999999999997,0.8693582353988061,0.4,E,P,0.014656007123854604,0.014728852087958374,0.2693470944974708,0.2698346198868924,0.32527001242009607,0.00048752538942159473
-0.13999999999999968,0.8869204367171577,0.4,E,P,0.016952196665910427,0.017028410410276487,0.2610233208686215,0.26148876320302195,0.30956666780530867,0.00046544233440043437
-0.11999999999999966,0.9048374180359599,0.4,E,P,0.01965062110507186,0.0197299632898051,0.25254903029171594,0.25299300556200155,0.29329357915022014,0.00044397527028561257
-0.09999999999999964,0.9231163463866361,0.4,E,P,0.022834368436542494,0.02291648172471978,0.2439424279232629,0.24436563289313457,0.2764827653792956,0.00042320496987166556
-0.07999999999999963,0.9417645335842489,0.4,E,P,0.02660721067907635,0.026691594867147513,0.23523604264203946,0.23563929373397569,0.2592198927511265,0.00040325109193622977
-0.05999999999999961,0.9607894391523235,0.4,E,P,0.031099109740172697,0.031185095553227158,0.22648418442691393,0.2268684809387789,0.24167520156091554,0.00038429651186497327
-0.03999999999999959,0.9801986733067557,0.4,E,P,0.03647228384575365,0.03655901326083378,0.21777350437781273,0.21814013430419943,0.22414457739428742,0.0003666299263866968
-0.019999999999999574,1.0000000000000004,0.4,E,P,0.04292621501357016,0.04301264247856093,0.20923662766598597,0.20958734609794688,0.20709564344968742,0.00035071843196091135
4.440892098500626e-16,1.0202013400267562,0.4,E,C,0.05069754759078016,0.05078252496204244,0.20106636963639846,0.20140384539407696,0.1912008020437866,0.000337475757678507
0.020000000000000462,1.0408107741923887,0.4,E,C,0.03984580933873564,0.039928076562151485,0.19352247860139812,0.19385023171222107,0.17731858793597607,0.0003277531108229481
0.04000000000000048,1.06183654654536,0.4,E,C,0.030413765716764025,0.03049222446230061,0.18691514405477616,0.18723843521769698,0.166370905704018,0.00032329116292081905
0.0600000000000005,1.083287067674959,0.4,E,C,0.022571175151215997,0.022644953707402257,0.18154915931627513,0.18187489529682677,0.15909745827473973,0.00032573598055163355
0.08000000000000052,1.1051709180756482,0.4,E,C,0.016353438268111156,0.016421856503447654,0.1776364578717963,0.1779725391812782,0.15577984604635445,0.0003360813094819004
0.10000000000000053,1.1274968515793762,0.4,E,C,0.011639492022485182,0.01170196832060909,0.1752255274057298,0.17557967064927515,0.15612638362819606,0.00035414324354535176
0.12000000000000055,1.150273798857228,0.4,E,C,0.00819246941929253,0.008248538961327915,0.17419963789912815,0.17457846435610083,0.15941898853788491,0.0003788264569726807
0.14000000000000057,1.173510870991811,0.4,E,C,0.005734210697157936,0.005783642646644521,0.17433915724786295,0.1747480258800095,0.16480044149984763,0.000408868632146564
0.1600000000000006,1.1972173631218108,0.4,E,C,0.004006898841565853,0.004049768940037808,0.1753967976555367,0.17584014450531724,0.1715054196138901,0.00044334684978053485
0.1800000000000006,1.2214027581601705,0.4,E,C,0.0028019117593802738,0.0028385729913469188,0.1771473079878156,0.1776290735611786,0.17895671616579722,0.0004817655733629911
0.20000000000000062,1.2460767305873814,0.4,E,C,0.001963221811635583,0.0019942157490987233,0.1794069942300091,0.17993094156484143,0.18676293606059483,0.0005239473348323254
0.22000000000000064,1.2712491503214056,0.4,E,C,0.001379142999599314,0.001405105710064599,0.18203464107897505,0.18260455123203637,0.1946769139816914,0.0005699101530613204
0.24000000000000066,1.2969300866657727,0.4,E,C,0.0009715300363831819,0.0009931190021593502,0.18492489204844564,0.18554467868527588,0.20255080740431905,0.0006197866368302385
0.2600000000000007,1.3231298123374378,0.4,E,C,0.0006862750579265056,0.0007041216629726166,0.1880001832111573,0.1886739633615826,0.21030076877215778,0.000673780150425296
0.2800000000000007,1.3498588075760038,0.4,E,C,0.00048604500955440463,0.0005007279903842889,0.19120363790807096,0.1919357811542606,0.2178825730645375,0.0007321432461896427
0.3000000000000007,1.377127764335958,0.4,E,C,0.00034507378090069035,0.00035710728184581845,0.1944935061129903,0.19528867379680032,0.22527587236429325,0.0007951676838100219
0.32000000000000073,1.4049475905635949,0.4,E,C,0.00024553847407221964,0.00025536932846392953,0.19783903601286268,0.1987022161451903,0.2324743742748643,0.0008631801323276123
0.34000000000000075,1.4333294145603412,0.4,E,C,0.00017507156250196081,0.00018308193790354956,0.20121748026992864,0.20215402086973164,0.23947983425491357,0.0009365405998029985
0.36000000000000076,1.4622845894342258,0.4,E,C,0.00012506088385205486,0.00013157373658408627,0.20461194394502932,0.20562758610217385,0.24629842521214368,0.0010156421571445307
0.3800000000000008,1.4918246976412712,0.4,E,C,8.948805637453352e-05,9.477379337791706e-05,0.20800983850862304,0.2091107497608168,0.252938565048409,0.0011009112521937758
0.4000000000000008,1.521961555618635,0.4,E,C,6.41329303086219e-05,6.84163204860046e-05,0.21140176705755917,0.21259457530594159,0.2594096314071481,0.0011928082483824154
0.4200000000000008,1.5527072185113373,0.4,E,C,4.602681331683127e-05,4.9493607963156376e-05,0.21478071547430275,0.21607254345050067,0.2657212142696663,0.0012918279761979234
0.44000000000000083,1.584073984994483,0.4,E,C,3.3075172619727056e-05,3.587815722940107e-05,0.2181414611867256,0.21953996134044823,0.27188269376364643,0.0013985001537226427
0.46000000000000085,1.6160744021928948,0.4,E,C,2.3796215758885578e-05,2.6060576221164192e-05,0.22148013753088455,0.22299352709147188,0.2779030139051972,0.0015133895605873304
0.48000000000000087,1.6487212707001295,0.4,E,C,1.7139037535350394e-05,1.8967018736141487e-05,0.22479391016439235,0.22643100602463867,0.2837905735993517,0.0016370958602463237
0.5000000000000009,1.6820276496988877,0.4,E,C,1.2356638510566256e-05,1.383152668704472e-05,0.22808073480141003,0.22985098776629964,0.2895531869517326,0.0017702529648896126
-0.5,0.6218850564650201,0.5,E,P,0.002284218344307321,0.002401106264470234,0.37310092358583835,0.3762858524713933,0.5038057429439484,0.0031849288855549385
-0.48,0.6344479679482282,0.5,E,P,0.0025693373832396,0.0026946229671034236,0.3674180196406056,0.3705114957171175,0.4946999122049158,0.003093476076511892
-0.45999999999999996,0.6472646670780347,0.5,E,P,0.002891288036076876,0.0030254591784928866,0.3616524906626306,0.36465543480215873,0.4854093829730058,0.0030029441395281187
-0.43999999999999995,0.660340280704983,0.5,E,P,0.003255073464514127,0.003398628453639986,0.3558010735485832,0.35871441317744646,0.4759229757119822,0.002913339628863254
-0.41999999999999993,0.6736800392488678,0.5,E,P,0.003666428790829305,0.003819872990593756,0.3498603413947248,0.3526850119854314,0.46622849528444454,0.0028246705907065683
-0.3999999999999999,0.6872892787909722,0.5,E,P,0.004131940273967597,0.004295781939572014,0.3438267036970846,0.3465636505703765,0.4563126317079749,0.002736946873291901
-0.3799999999999999,0.7011734432085724,0.5,E,P,0.004659186892258718,0.004833931955512015,0.3376964110712106,0.34034659158334574,0.4461608581517335,0.002650180512135114
-0.3599999999999999,0.71533808635256,0.5,E,P,0.005256909333836103,0.00544305496502007,0.331465566601164,0.3340299528133871,0.43575733098996533,0.002564386212223102
-0.33999999999999986,0.7297888742690568,0.5,E,P,0.005935212725373434,0.006133239442089192,0.32513014681517066,0.32760972877155453,0.4250848000422602,0.0024795819563838695
-0.31999999999999984,0.7445315874659095,0.5,E,P,0.006705811170078525,0.006916173219715849,0.3186860365600661,0.3210818263394023,0.4141245422614364,0.002395789779336188
-0.2999999999999998,0.7595721232249686,0.5,E,P,0.007582324457623306,0.007805438147013033,0.31212908388778293,0.31444212064903393,0.40285634003028875,0.0023130367612509972
-0.2799999999999998,0.7749164979610811,0.5,E,P,0.0085806403417091,0.008816869923163698,0.3054551837420866,0.30768654005716034,0.3912585373358007,0.0022313563150737625
-0.2599999999999998,0.7905708496287358,0.5,E,P,0.009719359808553998,0.009969000453678562,0.2986604031424869,0.3008111930133361,0.379308225558516,0.0021507898708492124
-0.23999999999999977,0.8065414401773271,0.5,E,P,0.011020348111532388,0.011283605410909815,0.29174116630295355,0.2938125554052965,0.3669816386323004,0.0020713891023429465
-0.21999999999999975,0.8228346580560186,0.5,E,P,0.01250942143289693,0.012786386750061017,0.28469452658727823,0.28668774548980414,0.3542548795043759,0.001993218902525906
-0.19999999999999973,0.8394570207692076,0.5,E,P,0.014217208311881854,0.014507829196037283,0.27751856470452974,0.2794349261092612,0.3411051625712563,0.0019163614047314481
-0.17999999999999972,0.8564151774836137,0.5,E,P,0.016180236839664245,0.016484281572907503,0.2702129709776204,0.272053892457947,0.3275128484059579,0.0018409214803265517
-0.1599999999999997,0.8737159116880346,0.5,E,P,0.0184423130527354,0.01875932830009893,0.262779896466222,0.2645469308101224,0.3134646769496913,0.0017670343439004088
-0.13999999999999968,0.8913661439068317,0.5,E,P,0.021056271707482862,0.02138553221288667,0.2552251963853272,0.25692007258141303,0.298958780072386,0.001694876196085826
-0.11999999999999966,0.9093729344682318,0.5,E,P,0.024086193259901686,0.024426642720442104,0.2475602425711382,0.24918492184844027,0.2840122677244953,0.0016246792773020602
-0.09999999999999964,0.9277434863285532,0.5,E,P,0.027610178502945303,0.02796036143042052,0.2398045493919586,0.24136130273615797,0.26867239003329346,0.0015567533441993575
-0.07999999999999963,0.9464851479534842,0.5,E,P,0.03172372665994388,0.032081712732698546,0.2319895275378157,0.2334810439740238,0.2530323473165747,0.0014915164362080957
-0.05999999999999961,0.9656054162575668,0.5,E,P,0.036543612505244204,0.03690691857730287,0.22416370852960613,0.2255932472639681,0.2372524322722015,0.001429538734361968
-0.03999999999999959,0.9851119396030631,0.5,E,P,0.04221178390614557,0.04257730593783759,0.21639965037478034,0.2177712540072947,0.22158570193647883,0.0013716036325143455
-0.019999999999999574,1.0050125208594014,0.5,E,P,0.0488980095545756,0.04926198875825974,0.20880217704203247,0.21012096459903537,0.20640375296694496,0.001318787557002904
4.440892098500626e-16,1.0253151205244293,0.5,E,C,0.056798604761848524,0.0571661077934961,0.2015161676333111,0.20282226416984125,0.1922113831719963,0.0013060965365301602
0.020000000000000462,1.0460278599087174,0.5,E,C,0.04592540354099283,0.046282191482835244,0.19472938852722477,0.19599779869147457,0.17962981162112734,0.0012684101642498058
0.04000000000000048,1.067159024384193,0.5,E,C,0.03627836961799864,0.036619398202967626,0.1886625795802394,0.18990445215961096,0.16932358500305758,0.0012418725793715557
0.0600000000000005,1.0887170666983992,0.5,E,C,0.02801133028679068,0.028331888848727036,0.18353900997833622,0.18476788365186825,0.16186199197467832,0.0012288736735320271
0.08000000000000052,1.1107106103557058,0.5,E,C,0.021190415957107456,0.02148662201331459,0.1795353373261239,0.1807666028705199,0.15755310715624873,0.0012312655443960097
0.10000000000000053,1.133148453066827,0.5,E,C,0.015768891750210765,0.016038064321064367,0.17673380627692117,0.17798360427966622,0.15633910125010106,0.0012497980027450506
0.12000000000000055,1.1560395702680224,0.5,E,C,0.011598182614641218,0.011839010080738887,0.175104094659178,0.17638811050268371,0.15782635283860516,0.0012840158435057092
0.14000000000000057,1.1793931187113913,0.5,E,C,0.0084698027451538,0.008682296372263743,0.17452485865087627,0.1758575443304879,0.16143050376570656,0.001332685679611617
0.1600000000000006,1.2032184401276962,0.5,E,C,0.00616348756273341,0.006348760047746799,0.17482729194873034,0.17622166681171325,0.16654219893103844,0.0013943748629829111
0.1800000000000006,1.2275250649631784,0.5,E,C,0.004480795945966003,0.004640742978478452,0.17583547533893382,0.17730331194674018,0.17263683527981563,0.001467836607806361
0.20000000000000062,1.252322716191865,0.5,E,C,0.00325954514401964,0.003396519537508413,0.17739090855383163,0.17894305727623053,0.17931434219084685,0.001552148722398894
0.22000000000000064,1.2776213132048875,0.5,E,C,0.0023748217749837677,0.002491362133264261,0.17936205144445008,0.1810087599887188,0.18629324336074685,0.0016467085442687102
0.24000000000000066,1.3034309757783697,0.5,E,C,0.0017337192762612629,0.0018323552131940932,0.18164472383911912,0.18339590216871077,0.19338634152553452,0.0017511783295916517
0.2600000000000007,1.3297620281214746,0.5,E,C,0.001268469634915136,0.0013515982747340446,0.18415849469485734,0.18602392148711466,0.20047445520957224,0.0018654267922573187
0.2800000000000007,1.356625003006225,0.5,E,C,0.0009301300938023872,0.000999947747918221,0.18684205036423537,0.18883153137282116,0.20748475292157137,0.001989481008585786
0.3000000000000007,1.3840306459807525,0.5,E,C,0.0006835012318385721,0.0007419733827954599,0.18964888251122192,0.19177237258274357,0.21437488885665426,0.0021234900715216554
0.32000000000000073,1.4119899196676602,0.5,E,C,0.0005032881856699105,0.0005521440725676323,0.1925437304473476,0.19481142869627915,0.22112209377510902,0.0022676982489315545
0.34000000000000075,1.4405140081492183,0.5,E,C,0.0003712935059375387,0.0004120354075433899,0.19549980855852214,0.1979222335962203,0.22771593358706604,0.002422425037698156
0.36000000000000076,1.4696143214411455,0.5,E,C,0.000274397706144781,0.00030831822825387237,0.19849670573685657,0.20108475572688955,0.2341536002289965,0.002588049990032981
0.3800000000000008,1.499302500056768,0.5,E,C,0.00020311730692586653,0.00023132035345251286,0.201518814782522,0.20428381553398006,0.24043688740443028,0.002765000751458052
0.4000000000000008,1.5295904196633798,0.5,E,C,0.00015057776621700151,0.0001740005153215907,0.20455416356948533,0.20750790676887354,0.24657026505966462,0.002953743199388209
0.4200000000000008,1.560490195832668,0.5,E,C,0.00011178164518867018,0.00013121594540171344,0.20759354497799307,0.21074831787774823,0.2525596627371983,0.0031547728997551594
0.44000000000000083,1.5920141888871024,0.5,E,C,8.308612232456749e-05,9.919843359333204e-05,0.21062986716091725,0.21399847449184464,0.25841170777327804,0.0033686073309273923
0.46000000000000085,1.6241750088442308,0.5,E,C,6.182893072288086e-05,7.517838604796282e-05,0.21365766597169,0.217253444460984,0.26413325450964115,0.003595778489293988
0.48000000000000087,1.6569855204608521,0.5,E,C,4.60597084733722e-05,5.711415089923007e-05,0.2166727369438449,0.22050956255502377,0.26973109933272743,0.0038368256111788734
0.5000000000000009,1.6904588483790928,0.5,E,C,3.434642373073569e-05,4.3496440400985115e-05,0.2196718557571258,0.22376414359379485,0.27521181408130846,0.00409228783666904
-0.5,0.6250022682827009,0.6,E,P,0.0031873406352787527,0.003436864705564884,0.3611605066975931,0.36621929056732055,0.48592509827830976,0.005058783869727468
-0.48,0.6376281516217733,0.6,E,P,0.0035542242581243265,0.003819969494253418,0.3558038535526707,0.36073026138632885,0.47720118336009004,0.004926407833658164
-0.45999999999999996,0.6505090947233165,0.6,E,P,0.003964966444591695,0.0042477582251128935,0.35037253108065836,0.35516757798708964,0.4683021836507319,0.004795046906431288
-0.43999999999999995,0.6636502501363195,0.6,E,P,0.004425111457487837,0.004725783365867561,0.34486380872873523,0.34952852971431275,0.45921790362393805,0.00466472098557752
-0.41999999999999993,0.6770568744981649,0.6,E,P,0.004940964813288003,0.005260352174126248,0.3392748465582757,0.3438102992590063,0.4499373025159907,0.00453545270073058
-0.3999999999999999,0.6907343306373548,0.6,E,P,0.005519710900246537,0.005858642873931379,0.33360270235192463,0.33800997031482277,0.44044843131636635,0.004407267962898143
-0.3799999999999999,0.7046880897187136,0.6,E,P,0.0061695518051747365,0.006528841790318135,0.3278443441240653,0.3321245407675047,0.43073837529913495,0.004280196643439371
-0.3599999999999999,0.7189237334319263,0.6,E,P,0.00689987190866243,0.007280305957806603,0.3219966701830838,0.3261509436021048,0.420793208701493,0.004154273419020971
-0.33999999999999986,0.7334469562242893,0.6,E,P,0.00772143396847918,0.008123756870214167,0.31605653972091635,0.32008607855138005,0.41059797168373385,0.004029538830463697
-0.31999999999999984,0.7482635675785654,0.6,E,P,0.008646613907190829,0.009071512525237881,0.3100208180663113,0.3139268586857268,0.4001366849132818,0.003906040619415463
-0.2999999999999998,0.7633794943368534,0.6,E,P,0.00968968345660302,0.010137766841606997,0.30388644237566886,0.3076702778042936,0.389392424776043,0.00378383542862476
-0.2799999999999998,0.778800783071405,0.6,E,P,0.010867152322154992,0.011338928022795344,0.2976505158551837,0.30131350683711805,0.37834749343905055,0.0036629909819343442
-0.2599999999999998,0.7945336025033343,0.6,E,P,0.012198184781691435,0.012694030676382754,0.29131044190717265,0.2948540308095223,0.36698373433537285,0.0035435889023496814
-0.23999999999999977,0.8105842459701873,0.6,E,P,0.013705109822089672,0.014225240670121084,0.28486411429736297,0.2882898426829574,0.35528306727617603,0.0034257283855944065
-0.21999999999999975,0.8269591339433626,0.6,E,P,0.015414049250575665,0.015958477023762508,0.2783101861504906,0.28161971718024176,0.34322835117788797,0.003309531029751178
-0.19999999999999973,0.8436648165963839,0.6,E,P,0.017355694849575592,0.017924181759986564,0.2716484501293412,0.27484359736799474,0.33080472985019266,0.0031951472386535507
-0.17999999999999972,0.860707976425058,0.6,E,P,0.019566273523514328,0.02015827652955122,0.2648803756295124,0.2679631404107339,0.31800168115616156,0.003082764781221492
-0.1599999999999997,0.8780954309205616,0.6,E,P,0.02208874790744426,0.022703353404191315,0.25800986752901706,0.2609824878470727,0.3048160746043123,0.0029726203180556188
-0.13999999999999968,0.8958341352965286,0.6,E,P,0.024974307157770645,0.025610154630813207,0.2510443361661316,0.2539093511850955,0.2912566446080317,0.0028650150189639123
-0.11999999999999966,0.9139311852712285,0.6,E,P,0.02828420384983614,0.028939397677597276,0.2439961999054654,0.24675653570813275,0.2773503907410173,0.002760335802667352
-0.09999999999999964,0.9323938199059486,0.6,E,P,0.0320919773770115,0.0327639870502682,0.236884976433448,0.23954406064652364,0.2631514774606131,0.0026590842130756465
-0.07999999999999963,0.9512294245007143,0.6,E,P,0.0364860498162097,0.03717160122236384,0.2297401439635522,0.2323020593538332,0.2487531203758959,0.002561915390281
-0.05999999999999961,0.9704455335485086,0.6,E,P,0.041572544439322366,0.04226750955006912,0.22260493461870615,0.22507462425417005,0.234302507295838,0.002469689635463901
-0.03999999999999959,0.9900498337491686,0.6,E,P,0.047477887429781,0.048177188165971586,0.21554108271334121,0.21792462048413339,0.2200176550555153,0.0023835377707921712
-0.019999999999999574,1.0100501670841686,0.6,E,P,0.054350211042365607,0.055047766607426704,0.2086341455870757,0.2109390823614703,0.20620277144140534,0.0023049367743946114
4.440892098500626e-16,1.0304545339535174,0.6,E,C,0.0623577188465241,0.06305078281208651,0.20199813672968173,0.20424787259582244,0.19325487780436623,0.0022497358661407174
0.020000000000000462,1.0512710963760246,0.6,E,C,0.05147984931485679,0.05215632282043387,0.19577674336018255,0.19796914313082312,0.18164996162878208,0.002192399770640563
0.04000000000000048,1.072508181254217,0.6,E,C,0.04168677022810446,0.04233842045052477,0.19013681053007142,0.19228648227963677,0.17189534372971124,0.002149671749565346
0.0600000000000005,1.0941742837052109,0.6,E,C,0.033117116918410676,0.033735947765190705,0.1852498560277622,0.18737419174628114,0.16444326077559815,0.0021243357185189438
0.08000000000000052,1.116278070458872,0.6,E,C,0.025848682232863053,0.026427675669479206,0.18126190917813034,0.18338066565942052,0.15958385466510402,0.002118756481290174
0.10000000000000053,1.1388283833246224,0.6,E,C,0.019875947544270894,0.020409744876557733,0.1782609919632386,0.1803953464519584,0.15736311201383918,0.002134354488719792
0.12000000000000055,1.161834242728284,0.6,E,C,0.015108879868099263,0.01559421144266774,0.1762578970907444,0.17842924244523817,0.15757300971648602,0.002171345354493759
0.14000000000000057,1.1853048513203663,0.6,E,C,0.01139513465394262,0.011830899155976881,0.17519039702627076,0.17741930342527337,0.15982137428445897,0.0022289063990026114
0.1600000000000006,1.2092495976572524,0.6,E,C,0.008554037602029548,0.008941061251252123,0.1749465403930389,0.17725216612992356,0.16364030166063298,0.00230562573688467
0.1800000000000006,1.233678059956744,0.6,E,C,0.0064070755434560795,0.006747673202102287,0.17539329222338743,0.17779324653958095,0.1685805139348271,0.0023999543161935255
0.20000000000000062,1.2586000099294787,0.6,E,C,0.004796652659846474,0.005094132998828753,0.17639910931356106,0.17890960576891457,0.1742649856562784,0.002510496455353506
0.22000000000000064,1.2840254166877425,0.6,E,C,0.003593287508468436,0.0038515067772792,0.1778467317497943,0.18048286490221144,0.18040460391092863,0.002636133152417147
0.24000000000000066,1.3099644507332484,0.6,E,C,0.0026953138678064087,0.0029183273293844148,0.17963790782389194,0.18241394769266234,0.1867910968424227,0.002776039868770397
0.2600000000000007,1.3364274880254732,0.6,E,C,0.0020250913633544747,0.0022169088156853752,0.18169329400807874,0.18462295006441082,0.1932810761464483,0.0029296560563320806
0.2800000000000007,1.3634251141321787,0.6,E,C,0.0015242831871998873,0.001688713249219113,0.1839501591555647,0.18704679922462814,0.1997793161073199,0.0030966400690634333
0.3000000000000007,1.3909681284637814,0.6,E,C,0.0011494424545294805,0.0012900039896249587,0.1863594611284078,0.18963628584686973,0.206224664452756,0.0032768247184619403
0.32000000000000073,1.4190675485932585,0.6,E,C,0.0008683462812280643,0.0009882268363493295,0.18888305147527634,0.1923532302478835,0.2125793394778411,0.003470178772607163
0.34000000000000075,1.4477346146633256,0.6,E,C,0.0006571268221020447,0.0007591721207548204,0.19149129090123268,0.19516806616562354,0.2188212516225349,0.0036767752643908636
0.36000000000000076,1.476980793882644,0.6,E,C,0.0004980968606033887,0.0005848196978895601,0.19416112678218242,0.19805789261589168,0.22493867661122371,0.0038967658337092648
0.3800000000000008,1.5068177851128548,0.6,E,C,0.00037813014834028793,0.00045173059976833684,0.1968745885733715,0.20100494848358336,0.23092663417006687,0.0041303599102118504
0.4000000000000008,1.5372575235482826,0.6,E,C,0.00028746568214406957,0.0003498572067139122,0.1996176282339305,0.20399543583035937,0.23678445711667132,0.004377807596428862
0.4200000000000008,1.5683121854901703,0.6,E,C,0.00021882843307635783,0.0002716663479914169,0.2023792328285445,0.2070186181394828,0.24251417317689342,0.004639385310938299
0.44000000000000083,1.5999941932173616,0.6,E,C,0.00016678340747561157,0.00021149351917136932,0.20515074678567174,0.2100661302550156,0.24811943477986276,0.004915383469343865
0.46000000000000085,1.6323162199553805,0.6,E,C,0.00012726074626524125,0.00016506680520136368,0.207925353711963,0.21313144938554157,0.2536048157640644,0.005206095673578576
0.48000000000000087,1.665291194945888,0.6,E,C,9.720594122346463e-05,0.00012915517421285727,0.2106976790034308,0.21620948804066198,0.2589753528400715,0.005511809037231169
0.5000000000000009,1.6989323086185522,0.6,E,C,7.432159494096206e-05,0.00010130795175411408,0.2134634838173778,0.21929627921578457,0.26423624998389666,0.005832795398406754
-0.5,0.6281351051896408,0.7,E,P,0.004166674881387667,0.004491713040785052,0.3517283484547854,0.35696990255464806,0.47173410415667666,0.005241554099862655
-0.48,0.6408242760323187,0.7,E,P,0.004614826127196137,0.004959273462348656,0.3466374606789987,0.35175047570014406,0.46331818197659225,0.005113015021145362
-0.45999999999999996,0.6537697851298473,0.7,E,P,0.005113192439469113,0.005477928705675787,0.3414783735443687,0.3464637488742853,0.4547354673705088,0.004985375329916608
-0.43999999999999995,0.6669768108584745,0.7,E,P,0.005667753261354993,0.006053658661154012,0.3362487793966388,0.3411074369725449,0.445976646483233,0.0048586575759061446
-0.41999999999999993,0.6804506362045878,0.7,E,P,0.006285267091351063,0.006693214712439519,0.3309463023643092,0.3356791897926465,0.4370317087387105,0.0047328874283372735
-0.3999999999999999,0.6941966508779789,0.7,E,P,0.006973386736018248,0.007404233478375019,0.32556851022048433,0.3301766045023571,0.4278899132764219,0.004608094281872754
-0.3799999999999999,0.7082203534678001,0.7,E,P,0.0077407946090008875,0.008195370353480684,0.32011293211442204,0.3245972441159613,0.41853976690709416,0.004484312001539259
-0.3599999999999999,0.7225273536420723,0.7,E,P,0.008597362235898364,0.009076456964969101,0.3145770842748686,0.3189386641189778,0.40896902117774536,0.004361579844109231
-0.33999999999999986,0.7371233743916278,0.7,E,P,0.009554339135712813,0.010058687667775698,0.3089585065408148,0.3131984501457284,0.3991646996150712,0.0042399436049135875
-0.31999999999999984,0.7520142543193827,0.7,E,P,0.010624577534528354,0.011154841475029195,0.3032548136129481,0.30737427066756445,0.38911317117451444,0.00411945705461636
-0.2999999999999998,0.7672059499758559,0.7,E,P,0.011822801000785432,0.012379547444684882,0.2974637663529996,0.3014639501044558,0.378800292961325,0.004000183751456221
-0.2799999999999998,0.7827045382418683,0.7,E,P,0.01316592716467761,0.013749603604543897,0.2915833704454907,0.29546556978843536,0.36821165523065963,0.0038821993429446477
-0.2599999999999998,0.7985162187593773,0.7,E,P,0.014673457299992632,0.015284362101398798,0.28561201249542817,0.2893776070053041,0.3573329756096483,0.003765594509875958
-0.23999999999999977,0.8146473164114147,0.7,E,P,0.016367948808518464,0.017006196510499623,0.27954864746575364,0.2831991262243891,0.3461507088129808,0.003650478758635445
-0.21999999999999975,0.8311042838521259,0.7,E,P,0.01827559062634577,0.018941071213692432,0.2733930566605731,0.27693004200093796,0.33465296450747095,0.00353698534036484
-0.19999999999999973,0.8478937040879161,0.7,E,P,0.02042690623401488,0.02111923742116697,0.2671462027469841,0.27057148042143614,0.32283086112850545,0.003425277674452054
-0.17999999999999972,0.8650222931107415,0.7,E,P,0.02285761400256134,0.023576085489760295,0.2608107181794534,0.2641262759665823,0.31068048849540975,0.0033155577871288866
-0.1599999999999997,0.8824969025845957,0.7,E,P,0.025609679168283953,0.026353187827573912,0.25439157641300264,0.2575996538652226,0.2982057061275361,0.0032080774522199595
-0.13999999999999968,0.9003245225862659,0.7,E,P,0.02873259371678973,0.029499568830388307,0.24789701164980618,0.2510001645949635,0.2854220612993095,0.0031031529451573114
-0.11999999999999966,0.9185122844014577,0.7,E,P,0.032284915400937544,0.03307323357634725,0.24133977150672878,0.24434095609153578,0.2723621542876749,0.0030011845848069985
-0.09999999999999964,0.9370674633774038,0.7,E,P,0.03633607605882862,0.0371429665813922,0.2347388037375932,0.23764148623276687,0.25908276997359286,0.0029026824951736696
-0.07999999999999963,0.9559974818331003,0.7,E,P,0.04096841548909616,0.041790359138913984,0.2281214818422692,0.23092978197950786,0.24567395966887337,0.0028083001372386507
-0.05999999999999961,0.9753099120283331,0.7,E,P,0.04627928114346244,0.04711190965274173,0.22152643996994373,0.22424531678412268,0.23226986225974816,0.0027188768141789554
-0.03999999999999959,0.9950124791926828,0.7,E,P,0.05238281129406258,0.053220821611392376,0.21500696568359176,0.2176424545207753,0.21906020005735688,0.002635488837183536
-0.019999999999999574,1.0151130646157194,0.7,E,P,0.05941063909078884,0.0602477471810239,0.20863460797270816,0.21119411299675445,0.20629985012955426,0.0025595050240462824
4.440892098500626e-16,1.0356197087996237,0.7,E,C,0.0675102052273036,0.0683379723192683,0.20250209830928717,0.20499110809586057,0.19431162826005327,0.002489009786573404
0.020000000000000462,1.0565406146754948,0.7,E,C,0.05663745871034113,0.057449048278601374,0.19672383231813426,0.19915710310979978,0.18347503847944627,0.002433270791665526
0.04000000000000048,1.077884150884632,0.7,E,C,0.04674060283723719,0.047527538657864674,0.19143131545199735,0.19382232545826555,0.17419322205724286,0.002391010006268207
0.0600000000000005,1.0996588551261035,0.7,E,C,0.03794505854726192,0.038698925002640404,0.18676106398072032,0.18912570837684742,0.16683516270537316,0.0023646443961271024
0.08000000000000052,1.121873437571939,0.7,E,C,0.03033206678303142,0.031045160602406502,0.18283483172874776,0.18519116854377993,0.1616627864209746,0.0023563368150321673
0.10000000000000053,1.144536784351315,0.7,E,C,0.023919780618022215,0.02458576602551833,0.17973690257598754,0.18210451268446917,0.15876832393149848,0.0023676101084816326
0.12000000000000055,1.1676579611051259,0.7,E,C,0.01865721799735857,0.019271623480513714,0.17749745649074652,0.17989654351820056,0.1580520856576229,0.0023990870274540332
0.14000000000000057,1.191246216612359,0.7,E,C,0.01443505946309011,0.014995498048467304,0.17608976685923128,0.17854026281476215,0.15925352455025066,0.0024504959555308736
0.1600000000000006,1.2153109864897316,0.7,E,C,0.011108480984205648,0.011614571843495278,0.17544169028637077,0.1779626104996532,0.1620193959260677,0.0025209202132824293
0.1800000000000006,1.2398618969660626,0.7,E,C,0.008522098665897636,0.008975159614970748,0.1754546972994595,0.17806383381799007,0.1659768245293233,0.0026091365185305637
0.20000000000000062,1.2649087687328926,0.7,E,C,0.006529019891840353,0.006931644678164036,0.1760222372795325,0.1787361336090327,0.17078638634678955,0.0027138963295001983
0.22000000000000064,1.2904616208728907,0.7,E,C,0.005001360714362083,0.005356986182098237,0.17704269041663112,0.17987678425682316,0.17616820158894286,0.002834093840192037
0.24000000000000066,1.3165306748676227,0.7,E,C,0.0038336599838096857,0.004146189998481358,0.1784262375671321,0.18139507316103018,0.18190686459527533,0.0029688355938980726
0.2600000000000007,1.3431263586862776,0.7,E,C,0.002941950682469519,0.003215463877437607,0.1800971611455587,0.18321461029849687,0.18784458993440636,0.0031174491529381565
0.2800000000000007,1.3702593109569976,0.7,E,C,0.002260844487183014,0.002499385918035222,0.18199346822358273,0.18527293055125602,0.19387000777414776,0.003279462327673288
0.3000000000000007,1.397940385222468,0.7,E,C,0.0017401001187993044,0.0019475439415575348,0.1840652778613944,0.1875198499589834,0.19990685611449366,0.0034545720975890093
0.32000000000000073,1.4261806542814812,0.7,E,C,0.001341408150202824,0.0015213749208300277,0.18627284063320826,0.18991545337302584,0.20590437914375714,0.0036426127398175856
0.34000000000000075,1.4549914146182026,0.7,E,C,0.0010356696719838803,0.001191483078800997,0.18858462740748466,0.19242815445911782,0.21182986114834707,0.0038435270516331554
0.36000000000000076,1.4843841909209154,0.7,E,C,0.000800813429158829,0.0009354841585034882,0.19097566517757894,0.19503300691886383,0.21766310805317507,0.004057341741284887
0.3800000000000008,1.5143707406920495,0.7,E,C,0.0006200969963268938,0.00073632446680262,0.19342616293581968,0.19771030977350407,0.22339249239623896,0.004284146837684383
0.4000000000000008,1.5449630589513397,0.7,E,C,0.00048080717953235413,0.000580992469293591,0.195920409740969,0.2004444882762272,0.22901217290905454,0.004524078535258214
0.4200000000000008,1.5761733830339923,0.7,E,C,0.00037327520444515553,0.00045954050654038725,0.19844590517328486,0.20322320998665888,0.23452016378785265,0.004777304813374017
0.44000000000000083,1.6080141974857842,0.7,E,C,0.0002901339968166405,0.00036434542207900187,0.20099267882389338,0.20603669205988825,0.23991700495239374,0.005044013235994876
0.46000000000000085,1.6404982390570455,0.7,E,C,0.00022575908040807754,0.0002895506912806646,0.20355275953764446,0.20887715998559514,0.24520485171507733,0.0053244004479506835
0.48000000000000087,1.673638501797531,0.7,E,C,0.00017584771623588963,0.00023064542295109925,0.20611976158545264,0.2117384245828223,0.25038685484333295,0.005618662997369656
0.5000000000000009,1.707448242254213,0.7,E,C,0.00013710176434561416,0.00018414623350882599,0.2086885614657088,0.2146155506794393,0.25546674078361326,0.005926989213730499
-0.5,0.631283645506926,0.8,E,P,0.005206118918428588,0.005298152504582895,0.34404497743202483,0.3452936220205016,0.4601145630913798,0.0012486445884767883
-0.48,0.6440364210831413,0.8,E,P,0.005734348224576603,0.005831449900781131,0.3391770874850631,0.34039520071409857,0.45195546027535755,0.001218113229035478
-0.45999999999999996,0.6570468198150567,0.8,E,P,0.006318567774838887,0.006420944162765775,0.3342464091342834,0.33543430544068087,0.44363692401441623,0.0011878963063974846
-0.43999999999999995,0.6703200460356393,0.8,E,P,0.0069651124493137866,0.007072968758643271,0.32925097969670253,0.3304089764269004,0.4351504394076912,0.0011579967301978966
-0.41999999999999993,0.6838614092123559,0.8,E,P,0.0076811063768018745,0.007794644543321049,0.32418880019631,0.32531721839859,0.42648692467629806,0.0011284182022799905
-0.3999999999999999,0.697676326071031,0.8,E,P,0.008474575408759063,0.008593991887347349,0.3190578505363362,0.32015701590125856,0.41763672148914116,0.0010991653649223831
-0.3799999999999999,0.7117703227626098,0.8,E,P,0.009354578530513342,0.009480061688258087,0.31385611074765485,0.31492635473000125,0.4085896010359575,0.0010702439823463972
-0.3599999999999999,0.726149037073691,0.8,E,P,0.010331362005358606,0.010463089051015511,0.30858159032457605,0.3096232514889027,0.3993347938811418,0.001041661164326635
-0.33999999999999986,0.7408182206817179,0.8,E,P,0.011416540927544253,0.01155467430292668,0.3032323683372546,0.3042457939805504,0.3898610549187838,0.0010134256432958177
-0.31999999999999984,0.7557837414557256,0.8,E,P,0.012623313961832307,0.01276799710828241,0.2978066479277355,0.2987921960477444,0.38015677930034586,0.0009855481200088945
-0.2999999999999998,0.7710515858035664,0.8,E,P,0.013966718422556588,0.014118070821193911,0.29230283004193863,0.2932608717395395,0.3702101914763719,0.0009580416976008865
-0.2799999999999998,0.7866278610665535,0.8,E,P,0.015463934551996369,0.015622045919898202,0.28671961294157255,0.2876505353720292,0.36000963807204034,0.000930922430456671
-0.2599999999999998,0.8025187979624787,0.8,E,P,0.017134649952982497,0.01729957345899033,0.281056126337281,0.2819603363605954,0.349544026937501,0.0009042100233144224
-0.23999999999999977,0.818730753077982,0.8,E,P,0.01900149765206135,0.019173241996266684,0.2753121120955001,0.2761900408239202,0.3388034702317273,0.0008779287284200743
-0.21999999999999975,0.8352702114112722,0.8,E,P,0.021090584200103683,0.021269104381994513,0.2694881676579255,0.2703402761636252,0.3277802096801208,0.0008521085056997224
-0.19999999999999973,0.8521437889662116,0.8,E,P,0.023432127410104274,0.0236173139955773,0.2635860738777729,0.2644128604123268,0.3164699277935556,0.0008267865345539249
-0.17999999999999972,0.869358235398806,0.8,E,P,0.02606122636539683,0.02625289305962742,0.2576092362177484,0.2584112454168666,0.3048735795738264,0.0008020091991182143
-0.1599999999999997,0.8869204367171577,0.8,E,P,0.029018788235165707,0.02921665759006059,0.2515632773241364,0.252341112037835,0.2929999126704393,0.0007778347136985775
-0.13999999999999968,0.9048374180359599,0.8,E,P,0.03235263518920683,0.03255632234492195,0.24545682957889764,0.24621116619541564,0.28086887329224386,0.0007543366165179977
-0.11999999999999966,0.9231163463866361,0.8,E,P,0.03611880637150484,0.03632780089229784,0.23930258687396253,0.240034195312645,0.26851610518011826,0.0007316084386824739
-0.09999999999999964,0.9417645335842489,0.8,E,P,0.04038304719364978,0.040596693376031494,0.23311868156367985,0.23382845151243473,0.25599870958469273,0.0007097699487548792
-0.07999999999999963,0.9607894391523235,0.8,E,P,0.04522242848885155,0.04543990509435728,0.22693044632318243,0.22761942178233022,0.24340229199336283,0.0006889754591477837
-0.05999999999999961,0.9801986733067557,0.8,E,P,0.05072694114667619,0.05094724247054259,0.2207725834241955,0.22144200811672882,0.23084899131069256,0.0006694246925333103
-0.03999999999999959,1.0000000000000004,0.8,E,P,0.057000740104492506,0.0572226617443489,0.21469166372117698,0.2153430401960717,0.2185055556280767,0.000651376474894716
-0.019999999999999574,1.0202013400267562,0.8,E,P,0.06416243895209357,0.0643845735356931,0.20874866679230278,0.2093838314769956,0.2065894931773856,0.0006351646846928238
4.440892098500626e-16,1.0408107741923887,0.8,E,C,0.07234349054224813,0.07256431974753551,0.20302090367372277,0.20364234050266172,0.19536992203495035,0.0006214368289389482
0.020000000000000462,1.06183654654536,0.8,E,C,0.06148200452627325,0.06169969864779462,0.1976021428400134,0.1982124124837765,0.18515840073980427,0.000610269643763095
0.04000000000000048,1.083287067674959,0.8,E,C,0.0515093025907895,0.051722024523724076,0.19259928008060728,0.19320178228474835,0.17628491045163322,0.0006025022041410699
0.0600000000000005,1.1051709180756482,0.8,E,C,0.04253954609274981,0.04274546373692323,0.18812396897652647,0.1887227592335578,0.16905714874698397,0.0005987902570313286
0.08000000000000052,1.1274968515793762,0.8,E,C,0.03465367360747454,0.034851063456503774,0.1842789847410949,0.18487873048331546,0.16370865841407012,0.0005997457422205754
0.10000000000000053,1.1502737988572278,0.8,E,C,0.02788371914204271,0.028071063657129677,0.18114190544331266,0.18174773193277316,0.1603508580969421,0.0006058264894605037
0.12000000000000055,1.173510870991811,0.8,E,C,0.022205124081116974,0.02238118978946522,0.17875151544582707,0.17936876658323844,0.15894858358767702,0.0006172511374113732
0.14000000000000057,1.197217363121811,0.8,E,C,0.017541030945062194,0.017704922529435025,0.1771024795761511,0.1777364668697463,0.15933121255001959,0.0006339872935952062
0.1600000000000006,1.2214027581601705,0.8,E,C,0.013777110953805806,0.013928298750075565,0.17615020559164557,0.17680602315375038,0.16123445429934663,0.0006558175621048101
0.1800000000000006,1.2460767305873814,0.8,E,C,0.010780904833105587,0.010919221663817234,0.1758229469669957,0.17650538796862825,0.16435420815425636,0.0006824410016325333
0.20000000000000062,1.2712491503214054,0.8,E,C,0.00841917972385472,0.008544786504017347,0.17603581562935824,0.1767493762221819,0.16839317735882217,0.0007135605928236533
0.22000000000000064,1.2969300866657727,0.8,E,C,0.006569682524780641,0.006683010119692865,0.1767024221078771,0.17745135615102478,0.17309024209919316,0.0007489340431476865
0.24000000000000066,1.323129812337438,0.8,E,C,0.005126962897148798,0.005228643041706157,0.1777424156538205,0.17853080741979444,0.17823262323182532,0.0007883917659739226
0.2600000000000007,1.349858807576004,0.8,E,C,0.004003772487289473,0.004094569911553392,0.1790852132004842,0.1799170488180316,0.18365604076352157,0.0008318356175474051
0.2800000000000007,1.3771277643359578,0.8,E,C,0.0031298859477223344,0.0032106395233461116,0.18067104638478895,0.18155027624904213,0.1892386175605844,0.0008792298642531782
0.3000000000000007,1.4049475905635949,0.8,E,C,0.0024497763866519924,0.002521352496239875,0.18245046769370815,0.18338105846694217,0.1948926813509128,0.0009305907732340135
0.32000000000000073,1.4333294145603412,0.8,E,C,0.0019200220550482545,0.0019832801951910456,0.1843831461858428,0.185369123616505,0.2005567782424707,0.0009859774306621993
0.34000000000000075,1.4622845894342256,0.8,E,C,0.001506887159684023,0.0015626561680909291,0.18643645400309694,0.18748193843486777,0.20618888332983135,0.0010454844317708267
0.36000000000000076,1.4918246976412715,0.8,E,C,0.0011842509798967163,0.0012333137518101681,0.1885841032462063,0.1896933395525008,0.21176104012663166,0.0011092363062945032
0.3800000000000008,1.5219615556186348,0.8,E,C,0.0009319173245432712,0.0009750019476944807,0.1908049444650364,0.1919823277933122,0.21725531142521545,0.0011773833282757995
0.4000000000000008,1.5527072185113373,0.8,E,C,0.0007342721667300889,0.0007720477125548859,0.19308195763738226,0.19433205599775147,0.22266080457648557,0.0012500983603692117
0.4200000000000008,1.584073984994483,0.8,E,C,0.000579235044099633,0.0006123106177667618,0.19540142792395598,0.19672900237051363,0.2279715248130134,0.00132757444655765
0.44000000000000083,1.6160744021928948,0.8,E,C,0.0004574476600681607,0.00048637364800467196,0.19775228299896214,0.19916230593281903,0.23318484416097224,0.0014100229338568915
0.46000000000000085,1.6487212707001295,0.8,E,C,0.00036164925326454775,0.0003869199853364126,0.2001255649322524,0.20162323689174666,0.2383004180154307,0.0014976719594942678
0.48000000000000087,1.6820276496988877,0.8,E,C,0.00028619689050093906,0.00030825415201490467,0.20251401107144598,0.2041047762520852,0.24331942285139246,0.0015907651806392198
0.5000000000000009,1.7160068621848599,0.8,E,C,0.00022669728481139695,0.0002459342786241861,0.20491172183876447,0.20660128249238288,0.24824402238725432,0.001689560653618416
-0.5,0.6344479679482282,0.9,E,P,0.006293741549897638,0.006593780219746376,0.3376409758977342,0.34108524851643623,0.45037615839532014,0.00344427261870206
-0.48,0.6472646670780345,0.9,E,P,0.006900505209577129,0.0072159111237240035,0.3329643760539354,0.33632896459467054,0.44243665141068306,0.003364588540735125
-0.45999999999999996,0.6603402807049829,0.9,E,P,0.007568532126896254,0.007899857558921527,0.3282296082341584,0.33151514979585467,0.4343443688176316,0.003285541561696248
-0.43999999999999995,0.6736800392488677,0.9,E,P,0.008304451102509346,0.008652237340962127,0.3234349968309572,0.3266421427766223,0.42609152472080325,0.0032071459456650686
-0.41999999999999993,0.6872892787909722,0.9,E,P,0.009115685141191912,0.009480456746974158,0.31857885513862905,0.3217082733077084,0.417669880068067,0.0031294181690793565
-0.3999999999999999,0.7011734432085724,0.9,E,P,0.01001056094184555,0.010392819047338535,0.3136595028285758,0.3167118801557084,0.4090707523106167,0.003052377327132594
-0.3799999999999999,0.71533808635256,0.9,E,P,0.010998436274165248,0.01139865078325828,0.3086752895410926,0.31165133516935356,0.40028504371777207,0.0029760456282609815
-0.3599999999999999,0.7297888742690569,0.9,E,P,0.012089848706135171,0.012508449232871165,0.3036246264919178,0.30652507549082614,0.39130329646508116,0.002900448998908345
-0.33999999999999986,0.7445315874659094,0.9,E,P,0.013296689911933736,0.01373405527073304,0.2985060285972443,0.3013316464244023,0.38211578563807475,0.0028256178271580112
-0.31999999999999984,0.7595721232249686,0.9,E,P,0.014632410732551877,0.015088856764567263,0.2933181704277367,0.29606975830967014,0.3727126653764601,0.002751587881933415
-0.2999999999999998,0.7749164979610811,0.9,E,P,0.016112263316106407,0.016588028804134007,0.2880599603784819,0.29073836183412854,0.36308418885978366,0.0026784014556466285
-0.2799999999999998,0.7905708496287357,0.9,E,P,0.017753588064831582,0.018248818453560346,0.2827306388770593,0.28533674766931955,0.3532210301152264,0.0026061087922602533
-0.2599999999999998,0.8065414401773271,0.9,E,P,0.019576154783889348,0.02009088338423753,0.2773299083609286,0.27986467824280553,0.3431147451810033,0.0025347698818769526
-0.23999999999999977,0.8228346580560185,0.9,E,P,0.021602569356613685,0.022136695674947634,0.27185810528039633,0.2743225620081685,0.3327584224616759,0.0024644567277721796
-0.21999999999999975,0.8394570207692076,0.9,E,P,0.023858759387878428,0.024412024188175785,0.26631642768950514,0.2687116839138486,0.32214758751772044,0.002395256224343445
-0.19999999999999973,0.8564151774836137,0.9,E,P,0.02637455435130299,0.02694651104045826,0.2607072362407915,0.26303451006719825,0.31128144599291496,0.0023272738264067394
-0.17999999999999972,0.8737159116880346,0.9,E,P,0.029184377371326536,0.029774359312262865,0.2550344517121088,0.25729508995537465,0.3001645689097542,0.0022606382432658334
-0.1599999999999997,0.8913661439068316,0.9,E,P,0.0323280658998555,0.032935149334353535,0.2493040784903644,0.2514995859457676,0.28880914423704224,0.0021955074554032006
-0.13999999999999968,0.9093729344682316,0.9,E,P,0.03585183535952928,0.03647479781410514,0.24352489018623646,0.24565696661002911,0.27723793091426435,0.0021320764237926504
-0.11999999999999966,0.9277434863285532,0.9,E,P,0.039809389956775194,0.04044666439476354,0.2377093192339996,0.23977990616495828,0.2654880435393024,0.0020705869309586844
-0.09999999999999964,0.9464851479534842,0.9,E,P,0.04426316249235276,0.044912788194588424,0.23187459345807368,0.2338859334864124,0.253615644637506,0.0020113400283387206
-0.07999999999999963,0.9656054162575668,0.9,E,P,0.04928562064275217,0.049945193038586556,0.22604415209937748,0.22799886360157437,0.24170148911666692,0.001954711502196893
-0.05999999999999961,0.985111939603063,0.9,E,P,0.054960496861162104,0.05562712053458751,0.22024933874215338,0.2221505092199836,0.22985699728579986,0.0019011704778302274
-0.03999999999999959,1.0050125208594014,0.9,E,P,0.061383665502841696,0.06205391759881219,0.21453128789656536,0.21638258841702848,0.21823006327213726,0.0018513005204631172
-0.019999999999999574,1.0253151205244293,0.9,E,P,0.06866319131969217,0.06933310660232524,0.20894276735048825,0.21074858832963425,0.20700909020554428,0.001805820979146
4.440892098500626e-16,1.0460278599087174,0.9,E,C,0.07691782230587063,0.07759219609604208,0.20354948596948763,0.20533972708736267,0.19642283890430734,0.001790241117875041
0.020000000000000462,1.067159024384193,0.9,E,C,0.0660716429570158,0.06673634773718598,0.1984300431453289,0.2001864492995893,0.1867328884358352,0.0017564061542603981
0.04000000000000048,1.0887170666983992,0.9,E,C,0.05604258171083477,0.05669234759907852,0.1936734081989114,0.1954035808314871,0.178215551935756,0.0017301726325756883
0.0600000000000005,1.1107106103557056,0.9,E,C,0.04693521335563239,0.04756470297695986,0.1893728798634216,0.1910856521001372,0.17113204150865602,0.0017127722367155929
0.08000000000000052,1.1331484530668268,0.9,E,C,0.03882843250791598,0.03943253836651682,0.1856162992305057,0.18732167243189915,0.1656902462887499,0.0017053732013934397
0.10000000000000053,1.1560395702680222,0.9,E,C,0.03176244258350423,0.03233660993426707,0.18247400397614827,0.18418293276737846,0.16200754863083996,0.001708928791230191
0.12000000000000055,1.1793931187113913,0.9,E,C,0.02573082879887903,0.02627134625481315,0.17998789448728947,0.18171193886337084,0.16008776139334704,0.0017240443760813684
0.14000000000000057,1.2032184401276962,0.9,E,C,0.020681175284805432,0.021185377682323682,0.17816551867156621,0.17991643751664688,0.15982208559522829,0.0017509188450806623
0.1600000000000006,1.2275250649631784,0.9,E,C,0.016524358054402687,0.016990708463923438,0.17698130276622592,0.1787706869631478,0.1610140541159716,0.0017893841969218727
0.1800000000000006,1.252322716191865,0.9,E,C,0.01314906314672545,0.013577112781126669,0.17638393089136745,0.17822294855447748,0.16341817897308322,0.0018390176631100374
0.20000000000000062,1.2776213132048873,0.9,E,C,0.010436688919035186,0.0108269414648424,0.1763066253602134,0.1782058992888813,0.1667784927265945,0.0018992739286678995
0.22000000000000064,1.3034309757783697,0.9,E,C,0.00827301774959663,0.008626738916117878,0.1766769509202014,0.17864654550216155,0.170857198881134,0.0019695945819601657
0.24000000000000066,1.3297620281214748,0.9,E,C,0.006555356801846879,0.006874369006681877,0.17742414598188713,0.17947362412523515,0.1754504827880505,0.0020494781433480214
0.2600000000000007,1.356625003006225,0.9,E,C,0.005195647278561873,0.005482138596451556,0.17848353969530784,0.1806220539942148,0.1803935458279735,0.0021385142989069628
0.2800000000000007,1.3840306459807523,0.9,E,C,0.004120790505486465,0.004377153657661567,0.1797985589681207,0.18203495263076108,0.18555875453396284,0.00223639366264039
0.3000000000000007,1.4119899196676602,0.9,E,C,0.003271418860145353,0.003500125168434516,0.1813211193121275,0.18366402314012975,0.19085044007369803,0.0023429038280022574
0.32000000000000073,1.440514008149218,0.9,E,C,0.0026000045706165605,0.002803511077016082,0.1830111054070435,0.18546902456193357,0.19619873679263886,0.002457919154890076
0.34000000000000075,1.4696143214411455,0.9,E,C,0.002068843934634679,0.0022495287319049253,0.18483543751099266,0.18741682611194266,0.20155375739594533,0.002581388600950002
0.36000000000000076,1.4993025000567681,0.9,E,C,0.0016481901138131975,0.0018083100942128218,0.18676702309249882,0.1894803468515142,0.20688064963210923,0.002713323759015368
0.3800000000000008,1.5295904196633798,0.9,E,C,0.0013146438635212878,0.0014563094646680768,0.18878375155232505,0.19163753956385296,0.21215565252122476,0.0028537880115279135
0.4000000000000008,1.560490195832668,0.9,E,C,0.0010498228509688461,0.0011749852336743083,0.19086760194919597,0.19387048900635714,0.21736306837377348,0.0030028870571611743
0.4200000000000008,1.5920141888871024,0.9,E,C,0.0008392884429153073,0.000949735481335883,0.19300388454796613,0.19616464530699837,0.22249299477173015,0.0031607607590322384
0.44000000000000083,1.6241750088442306,0.9,E,C,0.0006716932098959003,0.000769051530904686,0.19518061237598744,0.1985081885156181,0.22753965327998935,0.003327576139630667
0.46000000000000085,1.6569855204608521,0.9,E,C,0.0005381099121735293,0.0006238509287938833,0.19738798836561575,0.2008915096828626,0.23250017128508527,0.0035035213172468493
0.48000000000000087,1.6904588483790928,0.9,E,C,0.0004315060866896112,0.0005069545266061855,0.19961799048229842,0.20330679067080276,0.23737370074849734,0.003688800188504343
0.5000000000000009,1.7246083823764369,0.9,E,C,0.0003463337385902034,0.000412677592650977,0.2018640376570756,0.20574766534627306,0.2421607841336393,0.0038836276891974497
-0.5,0.6376281516217733,1.0,E,P,0.007420493944586595,0.007940879629690275,0.3322076918484838,0.3373884997102537,0.4420657394445697,0.005180807861769887
-0.48,0.6505090947233165,1.0,E,P,0.008104079497883014,0.00864965664660048,0.32769801414858457,0.33276650283745113,0.434317701274584,0.005068488688866557
-0.45999999999999996,0.6636502501363194,1.0,E,P,0.008853766314109567,0.009425364296131356,0.32313417783871434,0.3280910943790215,0.42642299316485394,0.004956916540307166
-0.43999999999999995,0.6770568744981648,1.0,E,P,0.009676428644937535,0.010274854275234318,0.31851474991271655,0.32336086712047774,0.4183744974316611,0.00484611720776118
-0.41999999999999993,0.6907343306373548,1.0,E,P,0.010579736185890764,0.01120576465474702,0.3138383064054982,0.318574426359187,0.4101647429600301,0.004736119953688778
-0.3999999999999999,0.7046880897187136,1.0,E,P,0.011572260494477295,0.012226624867132335,0.30910345144916584,0.31373040958094056,0.4017859304570032,0.004626958131774717
-0.3799999999999999,0.7189237334319263,1.0,E,P,0.012663598303161583,0.01334697738696041,0.304308842378326,0.3088275123163738,0.39322997827105993,0.004518669938047781
-0.3599999999999999,0.7334469562242893,1.0,E,P,0.013864514889204607,0.01457751923671032,0.2994532226607019,0.3038645219851199,0.384488596747245,0.004411299324417972
-0.33999999999999986,0.7482635675785653,1.0,E,P,0.015187111327729336,0.015930267110635096,0.2945354649671893,0.2988403620822044,0.3755534018202201,0.004304897115015083
-0.31999999999999984,0.7633794943368534,1.0,E,P,0.016645020259268985,0.017418750709987493,0.28955462740216287,0.2937541497790157,0.3664160821534925,0.004199522376852838
-0.2999999999999998,0.7788007830714051,1.0,E,P,0.01825363576946185,0.01905823984510541,0.284510026842715,0.2886052709534012,0.357068638852625,0.004095244110686236
-0.2799999999999998,0.7945336025033342,1.0,E,P,0.020030384121350754,0.020866011999324342,0.2794013345510883,0.28339347789769803,0.34750372288648806,0.0039921433466097445
-0.2599999999999998,0.8105842459701874,1.0,E,P,0.02199504339856017,0.02286166836625119,0.2742287008095217,0.2781190165623045,0.3377151031226437,0.003890315752782758
-0.23999999999999977,0.8269591339433625,1.0,E,P,0.024170121573359078,0.025067507830752823,0.26899291737581604,0.27278279227215946,0.32769830754157575,0.003789874896343415
-0.21999999999999975,0.843664816596384,1.0,E,P,0.026581303998944796,0.027508969860462605,0.26369562916950423,0.26738658550351846,0.3174514917698306,0.003690956334014228
-0.19999999999999973,0.860707976425058,1.0,E,P,0.029257982597433063,0.030215158572354017,0.25833960984962495,0.2619333326073051,0.30697660215241546,0.0035937227576801622
-0.17999999999999972,0.8780954309205616,1.0,E,P,0.032233879587160376,0.03321946086140613,0.252929119835224,0.2564274903118678,0.2962809138659987,0.0034983704766438084
-0.1599999999999997,0.8958341352965286,1.0,E,P,0.035547777549209965,0.03656027052667517,0.2474703696557689,0.25087550723699564,0.28537903509713375,0.003405137581226736
-0.13999999999999968,0.9139311852712285,1.0,E,P,0.03924436332990801,0.04028182618649839,0.24197211569305127,0.2452864298857707,0.27429547024000556,0.0033143141927194364
-0.11999999999999966,0.9323938199059486,1.0,E,P,0.04337518288696753,0.04443516065141595,0.23644641796375707,0.23967267320593505,0.2630678179057352,0.0032262552421779833
-0.09999999999999964,0.9512294245007143,1.0,E,P,0.04799968308313178,0.049079138745102516,0.23090958766731512,0.23405098385970619,0.2517506258129662,0.003141396192391066
-0.07999999999999963,0.9704455335485086,1.0,E,P,0.05318627752183059,0.0542815223024959,0.22538334031911608,0.22844361226036022,0.2404198077529438,0.0030602719412441415
-0.05999999999999961,0.9900498337491684,1.0,E,P,0.05901330705598414,0.060119935532125954,0.21989613908862332,0.22287967776341633,0.2291773121061945,0.002983538674793007
-0.03999999999999959,1.0100501670841686,1.0,E,P,0.06556966080496895,0.06668250030246195,0.21448464841456194,0.2173966458549766,0.21815537916261102,0.0029119974404146487
-0.019999999999999574,1.0304545339535174,1.0,E,P,0.07295467491822788,0.07406776349957862,0.20919510293692953,0.21204171930446253,0.20751921949619867,0.0028466163675330003
4.440892098500626e-16,1.0512710963760246,1.0,E,C,0.08127674938746018,0.08238731811206922,0.20408421988158065,0.20688273453350983,0.19746634520984033,0.0027985146519291793
0.020000000000000462,1.072508181254217,1.0,E,C,0.0704486424549159,0.07154537976306728,0.19921906160696484,0.2019681756944341,0.18822030663712042,0.002749114087469251
0.04000000000000048,1.0941742837052109,1.0,E,C,0.06037738882821064,0.0614524145409908,0.1946750748170302,0.19738495908009485,0.1800166872274121,0.002709884263064649
0.0600000000000005,1.116278070458872,1.0,E,C,0.05115935429962088,0.05220461536061214,0.19053158219379568,0.19321395667782132,0.1730805347899897,0.0026823744840256403
0.08000000000000052,1.1388283833246224,1.0,E,C,0.042870610846757154,0.04387827877216886,0.18686452772732648,0.1895326012066282,0.1675973802924768,0.0026680734793017302
0.10000000000000053,1.1618342427282837,1.0,E,C,0.03555607774699229,0.036518998769425985,0.18373737081182792,0.18640561922932064,0.16368399651150975,0.002668248417492719
0.12000000000000055,1.1853048513203663,1.0,E,C,0.029221953662498346,0.03013407972961945,0.1811923043073968,0.18387609729018894,0.16136785418540933,0.0026837929827921436
0.14000000000000057,1.2092495976572524,1.0,E,C,0.023834289810222894,0.024691011142640093,0.17924455504720882,0.18195969224730085,0.16058303302089266,0.0027151372000920326
0.1600000000000006,1.233678059956744,1.0,E,C,0.019324520482032297,0.020122841559138325,0.1778816830971252,0.18064393501701206,0.16118449755692746,0.0027622519198868545
0.1800000000000006,1.2586000099294787,1.0,E,C,0.015600111646822092,0.01633865384346099,0.17706783129794518,0.17989257086043778,0.16297535288653509,0.002824739562492601
0.20000000000000062,1.2840254166877423,1.0,E,C,0.012556899484155677,0.013235755793407418,0.17675105553740264,0.17965302507828323,0.1657376397020206,0.0029019695408805946
0.22000000000000064,1.3099644507332484,1.0,E,C,0.010089943359701063,0.010710436713620078,0.17687125801521297,0.1798644699316852,0.16925831622416473,0.002993211916472227
0.24000000000000066,1.3364274880254732,1.0,E,C,0.008101174982099401,0.008665576266642237,0.17736685131651747,0.1804645915974621,0.17334629722761563,0.0030977402809446164
0.2600000000000007,1.363425114132179,1.0,E,C,0.006503640954309275,0.007014891620063875,0.1781793524272642,0.1813942486046489,0.17784054678098768,0.003214896177384685
0.2800000000000007,1.3909681284637812,1.0,E,C,0.005223034573560121,0.0056845015707111335,0.17925596421233267,0.18260008501176903,0.1826114867966069,0.0033441207994363564
0.3000000000000007,1.4190675485932585,1.0,E,C,0.004197463263259955,0.004612738434278381,0.1805506186544627,0.18403558277063845,0.18755843746258136,0.0034849641161757428
0.32000000000000073,1.4477346146633256,1.0,E,C,0.0033762694965006387,0.003749014785690774,0.18202402659512124,0.18566110729551522,0.19260527567592667,0.00363708070039398
0.34000000000000075,1.4769807938826438,1.0,E,C,0.0027184728706275436,0.003052306793229484,0.18364317953167483,0.18744339844498076,0.1976957156767688,0.003800218913305925
0.36000000000000076,1.506817785112855,1.0,E,C,0.0021911701859301165,0.0024895886195685866,0.18538060850917215,0.18935481608095278,0.20278895534298258,0.00397420757178063
0.3800000000000008,1.5372575235482826,1.0,E,C,0.0017680647473114193,0.002034388822313979,0.18721358386377918,0.19137252624111228,0.2078559912777788,0.004158942377333108
0.4000000000000008,1.56831218549017,1.0,E,C,0.0014281935777793037,0.0016655381753911346,0.18912335380789624,0.1934777270235353,0.21287665710172582,0.004354373215639057
0.4200000000000008,1.5999941932173616,1.0,E,C,0.0011548647602464327,0.0013661222233897355,0.1910944660926121,0.1956549588537059,0.2178373204760972,0.004560492761093798
0.44000000000000083,1.6323162199553805,1.0,E,C,0.0009347897265944903,0.0011226245042445107,0.1931141863137077,0.19789151277866057,0.2227291311173929,0.00477732646495288
0.46000000000000085,1.665291194945888,1.0,E,C,0.0007573845240483361,0.0009242354580786685,0.19517201052826022,0.20017693436587136,0.2275467075047607,0.005004923837611142
0.48000000000000087,1.6989323086185522,1.0,E,C,0.0006142119751868867,0.0007622997520410614,0.19725926265625227,0.2025026135263914,0.23228716232077054,0.005243350870139135
0.5000000000000009,1.7332530178673968,1.0,E,C,0.0004985385948227981,0.0006298765272747795,0.19936876473271928,0.20486144816189455,0.23694938433205884,0.005492683429175277
