#S0=1,r=0.05,nX=1000,nT=1000,x0=-2,x1=2,m=implicit,vs=SviPowerLaw(v0=0.09, v1=0.04, v2=0.04, k1=5, k2=0.1, rho=-0.5, eta=1, gam=0.5)
k,K,T,ex,pc,pxTrue,pxLatt,sigTrue,sigLatt,sigLV,sigErr
-0.5,0.6095709072963093,0.1,E,P,4.0236798786455e-05,4.935939981739499e-05,0.517879100703683,0.526958493544825,0.7172578095373775,0.009079392841142009
-0.48,0.62188505646502,0.1,E,P,5.1007160719985634e-05,6.175680405182247e-05,0.5086670823423004,0.5173173536079395,0.7037111359933573,0.008650271265639109
-0.45999999999999996,0.6344479679482281,0.1,E,P,6.469785681571054e-05,7.73493244732599e-05,0.4992879245812024,0.5075187919680717,0.6898870041215545,0.00823086738686929
-0.43999999999999995,0.6472646670780345,0.1,E,P,8.211427747994806e-05,9.698442194431624e-05,0.4897323827908628,0.49755356166843534,0.675767146650657,0.007821178877572554
-0.41999999999999993,0.6603402807049829,0.1,E,P,0.00010428907362364989,0.00012174197679079308,0.47999035201057133,0.4874115491840331,0.6613311831897286,0.007421197173461791
-0.3999999999999999,0.6736800392488675,0.1,E,P,0.0001325483414491558,0.00015300068893038966,0.47005075514160605,0.47708166321105067,0.6465562653803183,0.007030908069444619
-0.3799999999999999,0.6872892787909722,0.1,E,P,0.00016859795591560214,0.0001925244659212008,0.4599014129509782,0.46655170535633905,0.6314166438423485,0.006650292405360858
-0.3599999999999999,0.7011734432085724,0.1,E,P,0.00021463658318468488,0.00024257524602965843,0.449528892561937,0.45580821942288113,0.61588313576451,0.006279326860944123
-0.33999999999999986,0.7153380863525599,0.1,E,P,0.0002735042119208443,0.00030606098322874797,0.4389183305676217,0.44483631545621904,0.599922465359467,0.00591798488859735
-0.31999999999999984,0.7297888742690568,0.1,E,P,0.000348878270833708,0.0003867307091705311,0.428053226393554,0.43361946421914965,0.5834964405234323,0.005566237825595677
-0.2999999999999998,0.7445315874659094,0.1,E,P,0.0004455339670460289,0.0004894331022018435,0.4169152011942925,0.4221392574413872,0.5665609171918631,0.0052240562470947105
-0.2799999999999998,0.7595721232249685,0.1,E,P,0.0005696920366271534,0.0006204614809038957,0.4054837176974842,0.41037512934959935,0.5490644872633765,0.004891411652115152
-0.2599999999999998,0.7749164979610811,0.1,E,P,0.0007294866687672474,0.0007880176170531548,0.3937357576166574,0.39830403623979926,0.5309468059159921,0.004568278623141853
-0.23999999999999977,0.7905708496287357,0.1,E,P,0.0009356006011992934,0.0010028408739367414,0.381645456788896,0.3859000944678253,0.5121364498656574,0.004254637678929307
-0.21999999999999975,0.806541440177327,0.1,E,P,0.0012021360260039682,0.0012790706465348758,0.36918370660376326,0.37313418577681545,0.49254817259844635,0.00395047917305219
-0.19999999999999973,0.8228346580560185,0.1,E,P,0.0015478236648756624,0.0016354435624527308,0.35631774885067347,0.35997355766942823,0.4720794065806433,0.003655808818754769
-0.17999999999999972,0.8394570207692075,0.1,E,P,0.0019977263898982188,0.0020969805824187205,0.3430108309477627,0.3463814867818945,0.45060588710330757,0.0033706558341318194
-0.1599999999999997,0.8564151774836136,0.1,E,P,0.002585682999062192,0.002697407883438008,0.3292220736595588,0.332317159134302,0.42797642177152595,0.0030950854747431866
-0.13999999999999968,0.8737159116880346,0.1,E,P,0.0033578901471587683,0.0034827070769499987,0.3149068872894979,0.3177361065413527,0.40400732353356705,0.0028292192518548087
-0.11999999999999966,0.8913661439068316,0.1,E,P,0.0043782897703686235,0.004516458587211076,0.3000186775181684,0.3025919468718276,0.3784784325658393,0.002573269353659202
-0.09999999999999964,0.9093729344682316,0.1,E,P,0.005736920811250813,0.005888132016851025,0.2845134988150079,0.2868410999022687,0.3511364354890881,0.0023276010872607666
-0.07999999999999963,0.9277434863285531,0.1,E,P,0.007563309889208219,0.007726391768157457,0.2683614467652657,0.27045430208050353,0.32172103284927345,0.0020928553152378404
-0.05999999999999961,0.9464851479534842,0.1,E,P,0.010048659872448516,0.010221172568845378,0.2515736476261575,0.25344386091485177,0.2900541058647811,0.0018702132886942446
-0.03999999999999959,0.9656054162575668,0.1,E,P,0.013483315983901614,0.013661023119237784,0.23426559191913773,0.2359276357983226,0.25628795776971286,0.0016620438791848657
-0.019999999999999574,0.985111939603063,0.1,E,P,0.018317714033100445,0.01849406033829077,0.21680210952583398,0.218275815189289,0.22150257675272464,0.0014737056634550327
4.440892098500626e-16,1.0050125208594014,0.1,E,C,0.025238732530730248,0.02542073619832793,0.20009208958044417,0.20153549719726718,0.18881711907573345,0.001443407616823017
0.020000000000000462,1.025315120524429,0.1,E,C,0.014948703136374456,0.015111883106064232,0.18595102875881298,0.18730790673847278,0.1642165981653353,0.001356877979659804
0.04000000000000048,1.0460278599087172,0.1,E,C,0.007928304366784893,0.008067522254484294,0.17671484746205893,0.17811010807343433,0.15382340037308959,0.001395260611375404
0.0600000000000005,1.067159024384193,0.1,E,C,0.003916890441023715,0.0040294278234065655,0.17334434799833795,0.1749123492819681,0.15757487999621914,0.0015680012836301604
0.08000000000000052,1.0887170666983992,0.1,E,C,0.0018898418937564772,0.0019749826259928814,0.17460317833643227,0.17643607110488893,0.16965707266694732,0.001832892768456662
0.10000000000000053,1.1107106103557056,0.1,E,C,0.000913711659687917,0.0009746025457339045,0.1786574862266403,0.1808165834162075,0.18482806527720325,0.002159097189567194
0.12000000000000055,1.133148453066827,0.1,E,C,0.00044626829534972085,0.00048817487472258323,0.18420321349169808,0.18674111575165261,0.20049025935276588,0.0025379022599545387
0.14000000000000057,1.1560395702680222,0.1,E,C,0.0002203718504940979,0.00024850162960516573,0.19049799288804703,0.19346791219502465,0.21568291237461026,0.0029699193069776253
0.1600000000000006,1.1793931187113913,0.1,E,C,0.00010989026685955047,0.0001284656600678499,0.1971413937034578,0.20060034450041253,0.23013412696695904,0.0034589507969547406
0.1800000000000006,1.203218440127696,0.1,E,C,5.5249919804158274e-05,6.73835602384368e-05,0.2039168668499996,0.20792704414908184,0.2438210157888882,0.004010177299082235
0.20000000000000062,1.2275250649631781,0.1,E,C,2.796837408258704e-05,3.5837700290566356e-05,0.21070552771698473,0.215335095569886,0.25680020232844675,0.0046295678529012785
0.22000000000000064,1.252322716191865,0.1,E,C,1.4238595624246134e-05,1.931930475102906e-05,0.21744146135354697,0.22276502318037347,0.2691467502819983,0.005323561826826501
0.24000000000000066,1.2776213132048875,0.1,E,C,7.2833622631036815e-06,1.0555322245166213e-05,0.22408830944275082,0.230187083703012,0.28093343602689214,0.006098774260261175
0.2600000000000007,1.3034309757783695,0.1,E,C,3.740613952762662e-06,5.84561473912434e-06,0.23062665155074588,0.237588309491928,0.2922246898888376,0.0069616579411821145
0.2800000000000007,1.3297620281214744,0.1,E,C,1.927724332871194e-06,3.2822423720709573e-06,0.23704698335527583,0.244965093748705,0.30307572873756167,0.007918110393429184
0.3000000000000007,1.3566250030062248,0.1,E,C,9.963960987123722e-07,1.8690277140407704e-06,0.24334568956957603,0.25231873062595694,0.3135333833272556,0.008973041056380915
0.32000000000000073,1.3840306459807523,0.1,E,C,5.163405671371191e-07,1.0796340973495727e-06,0.2495226721949511,0.2596526063560775,0.3236373422128245,0.010129934161126397
0.34000000000000075,1.41198991966766,0.1,E,C,2.6817570221896155e-07,6.327385600730871e-07,0.25557992220847,0.2669703798383151,0.3334213659516084,0.011390457629845141
0.36000000000000076,1.440514008149218,0.1,E,C,1.3956185765249288e-07,3.7624170720524687e-07,0.261520643998714,0.27427481810462595,0.34291433753955036,0.012754174105911953
0.3800000000000008,1.4696143214411452,0.1,E,C,7.275819836772993e-08,2.2695187775732349e-07,0.2673487116117549,0.2815671149495635,0.352141129228001,0.014218403337808605
0.4000000000000008,1.499302500056768,0.1,E,C,3.7991254044366826e-08,1.3882518867190406e-07,0.2730683284007078,0.28884659349684016,0.3611233040610565,0.015778265096132338
0.4200000000000008,1.5295904196633798,0.1,E,C,1.986563582177548e-08,8.606566406816074e-08,0.2786838135949362,0.2961107163058121,0.36987967989490217,0.01742690271087588
0.44000000000000083,1.5604901958326678,0.1,E,C,1.0401091769030557e-08,5.403861621465506e-08,0.2841994692265252,0.30335532623834843,0.3784267827840665,0.019155857011823207
0.46000000000000085,1.5920141888871024,0.1,E,C,5.4520717028710044e-09,3.433352420889671e-08,0.2896194985165483,0.31057503600984016,0.38677921262912013,0.020955537493291876
0.48000000000000087,1.6241750088442306,0.1,E,C,2.8609193988502883e-09,2.2052626433857206e-08,0.2949479574828386,0.3177636851530263,0.39494993957146873,0.02281572767018769
0.5000000000000009,1.656985520460852,0.1,E,C,1.5026989625804825e-09,1.4305334111147106e-08,0.30018872809039304,0.32491479383767014,0.4029505457045822,0.024726065747277093
-0.5,0.612626394184416,0.2,E,P,0.0003062049671659015,0.00039010009037586954,0.44644166431948806,0.45922205596408355,0.6125619478399982,0.01278039164459549
-0.48,0.6250022682827007,0.2,E,P,0.00036452287206167823,0.0004584729963574198,0.4389047381048933,0.45122192693866037,0.6011872585688001,0.01231718883376709
-0.45999999999999996,0.6376281516217732,0.2,E,P,0.0004341726908057238,0.0005392773215466187,0.4312402994713316,0.4430998985135921,0.5895787028678073,0.011859599042260527
-0.43999999999999995,0.6505090947233165,0.2,E,P,0.0005174183118141582,0.0006348747655074308,0.42344194057179935,0.4348496593603545,0.5777209238230492,0.011407718788555177
-0.41999999999999993,0.6636502501363194,0.2,E,P,0.0006169940276592507,0.0007481008762102522,0.4155027347373032,0.42646438011890925,0.5655968450556986,0.010961645381606044
-0.3999999999999999,0.6770568744981647,0.2,E,P,0.000736207955388792,0.0008823670580370969,0.407415182722397,0.41793666042994204,0.553187404471859,0.010521477707545024
-0.3799999999999999,0.6907343306373547,0.2,E,P,0.0008790701080745193,0.0010417866717993512,0.3991711535304336,0.40925847078386146,0.5404712376846552,0.010087317253427874
-0.3599999999999999,0.7046880897187134,0.2,E,P,0.001050451688976017,0.0012313316456356257,0.3907618199311301,0.4004210893750824,0.527424300864226,0.00965926944395229
-0.33999999999999986,0.7189237334319262,0.2,E,P,0.0012562842030410472,0.0014570279999829325,0.38217758932472873,0.39141503472175293,0.5140194211104385,0.009237445397024202
-0.31999999999999984,0.7334469562242893,0.2,E,P,0.0015038097399152532,0.0017262013995026455,0.3734080315566221,0.38222999580452277,0.5002257610720048,0.00882196424790066
-0.2999999999999998,0.7482635675785653,0.2,E,P,0.0018018975960044305,0.002047787594155524,0.3644418069209192,0.372854763177887,0.48600818414870833,0.008412956256967807
-0.2799999999999998,0.7633794943368533,0.2,E,P,0.00216144774885615,0.0024327278740069003,0.3552666003832148,0.36327716739819615,0.47132650863632575,0.008010567014981373
-0.2599999999999998,0.778800783071405,0.2,E,P,0.0025959093070625034,0.0028944771625908925,0.34586907281658136,0.3534840360283365,0.45613464645651824,0.007614963211755144
-0.23999999999999977,0.794533602503334,0.2,E,P,0.0031219530704712788,0.003449663239101812,0.3362348482065207,0.3434611888797541,0.44037964027762444,0.007226340673233356
-0.21999999999999975,0.8105842459701873,0.2,E,P,0.003760353543473752,0.00411895159070258,0.326348569874831,0.3331935056299762,0.42400065289557354,0.006844935755145165
-0.19999999999999973,0.8269591339433624,0.2,E,P,0.00453716001804859,0.004928194402496465,0.3161940833770267,0.32266512518648344,0.4069280462492881,0.006471041809456735
-0.17999999999999972,0.8436648165963838,0.2,E,P,0.005485273313288399,0.0059099787988384075,0.3057548472470792,0.31185988074239757,0.3890828564251233,0.006105033495318379
-0.1599999999999997,0.8607079764250579,0.2,E,P,0.00664660190299945,0.00710574610793078,0.2950147508569374,0.3007621543783654,0.37037730708759203,0.005747403521427996
-0.13999999999999968,0.8780954309205615,0.2,E,P,0.008075060371006554,0.008568742515600759,0.2839596608401566,0.2893584804576715,0.3507176635080727,0.005398819617514872
-0.11999999999999966,0.8958341352965284,0.2,E,P,0.009840812291840922,0.010368199985413227,0.2725802795874905,0.27764049494001164,0.3300120042496834,0.005060215352521158
-0.09999999999999964,0.9139311852712284,0.2,E,P,0.012036371463809824,0.012595357913760288,0.26087738507364505,0.26561032429738357,0.3081878848857741,0.004732939223738519
-0.07999999999999963,0.9323938199059484,0.2,E,P,0.014785471778976543,0.015372234050082176,0.24887141257734122,0.25329041939702773,0.2852291321072779,0.004419006819686516
-0.05999999999999961,0.9512294245007142,0.2,E,P,0.018255923996548233,0.01886436958403479,0.2366198973585823,0.24074143643586715,0.2612476854440984,0.004121539077284853
-0.03999999999999959,0.9704455335485085,0.2,E,P,0.022677562266271954,0.02329868625729816,0.22424862998058387,0.22809416671767363,0.23661354135034682,0.003845536737089761
-0.019999999999999574,0.9900498337491683,0.2,E,P,0.028364171563060925,0.028985460905048485,0.21200410851123408,0.2156033371266166,0.21216098432809335,0.0035992286153825326
4.440892098500626e-16,1.0100501670841684,0.2,E,C,0.03572910797308096,0.03634155577874461,0.2003283117165944,0.2037645815341981,0.18943131515885006,0.0034362698176036988
0.020000000000000462,1.0304545339535172,0.2,E,C,0.025058835681177987,0.025636618876045885,0.18991890140792628,0.19321674779723066,0.17072905379573616,0.0032978463893043874
0.04000000000000048,1.0512710963760243,0.2,E,C,0.016581393013202918,0.017106304632002377,0.18165024187173417,0.184901569389114,0.15852860024323226,0.0032513275173798317
0.0600000000000005,1.0725081812542168,0.2,E,C,0.010440280444778615,0.010898775769666434,0.17622282277764195,0.17953994445036295,0.15411048311877482,0.0033171216727209962
0.08000000000000052,1.0941742837052109,0.2,E,C,0.0063643571673061465,0.006750226605858687,0.17375109719413806,0.1772473298669255,0.1566343728334845,0.0034962326727874526
0.10000000000000053,1.1162780704588717,0.2,E,C,0.003822747446477586,0.00413734183805479,0.1737653102426907,0.17753982997407491,0.16388284510108753,0.003774519731384207
0.12000000000000055,1.1388283833246224,0.2,E,C,0.0022892019329960383,0.0025394485442840143,0.1755802546618449,0.17971694059545587,0.1736769222623911,0.004136685933610967
0.14000000000000057,1.1618342427282837,0.2,E,C,0.001374778688131323,0.0015703094851316573,0.17859199822528932,0.1831648226309521,0.1845434295818651,0.004572824405662784
0.1600000000000006,1.1853048513203661,0.2,E,C,0.0008298481483486375,0.000980705634379267,0.18236438343171904,0.1874424837939426,0.19566676926573476,0.005078100362223559
0.1800000000000006,1.209249597657252,0.2,E,C,0.0005037231338454021,0.0006190824105037313,0.1866072330294791,0.19225818542924594,0.20664786992251533,0.005650952399766845
0.20000000000000062,1.2336780599567438,0.2,E,C,0.00030739917670482994,0.0003950623029694607,0.19113280708917804,0.197424499229536,0.21731253691966781,0.006291692140357963
0.22000000000000064,1.2586000099294785,0.2,E,C,0.0001884995836813827,0.0002548241786304651,0.1958200849812997,0.20282168359950672,0.22759882062519934,0.007001598618207011
0.24000000000000066,1.2840254166877423,0.2,E,C,0.00011608427778514236,0.00016611298337868181,0.20059058998270626,0.20837291086456433,0.23749797190896207,0.007782320881858068
0.2600000000000007,1.3099644507332482,0.2,E,C,7.175702436411698e-05,0.00010941833618153353,0.2053930108412005,0.21402846484234148,0.24702497453913985,0.008635454001140963
0.2800000000000007,1.3364274880254727,0.2,E,C,4.4502243892866517e-05,7.281901946653995e-05,0.21019357005961342,0.2197557882387887,0.2562042085507342,0.00956221817917527
0.3000000000000007,1.3634251141321787,0.2,E,C,2.767908640815406e-05,4.895705914270985e-05,0.214969967834326,0.22553317784588686,0.26506263378819656,0.010563210011560853
0.32000000000000073,1.3909681284637812,0.2,E,C,1.725937804247756e-05,3.3246304406588356e-05,0.21970752747081795,0.2313457433609273,0.2736266707648929,0.011638215890109355
0.34000000000000075,1.4190675485932582,0.2,E,C,1.0786370304256097e-05,2.2801132978840647e-05,0.22439670390269315,0.23718279126447342,0.2819208871256073,0.012786087361780274
0.36000000000000076,1.4477346146633254,0.2,E,C,6.7545163770782556e-06,1.5789222122112872e-05,0.22903144704746492,0.24303612813503528,0.28996755526894247,0.014004681087570359
0.3800000000000008,1.4769807938826434,0.2,E,C,4.237303563924682e-06,1.1036643354473276e-05,0.23360810970064538,0.2488989740828986,0.2977866186665893,0.015290864382253216
0.4000000000000008,1.5068177851128546,0.2,E,C,2.662453371411898e-06,7.784643181697677e-06,0.2381247080553341,0.2547652910919339,0.3053958380781104,0.01664058303659982
0.4200000000000008,1.5372575235482824,0.2,E,C,1.6753409498867938e-06,5.538509498935189e-06,0.2425804142992378,0.260629397224919,0.31281100534633277,0.018048982925681217
0.44000000000000083,1.5683121854901698,0.2,E,C,1.0555867707092852e-06,3.972860115088493e-06,0.24697520432577053,0.2664857766145374,0.3200461708722087,0.019510572288766848
0.46000000000000085,1.5999941932173614,0.2,E,C,6.658902508858006e-07,2.8718036097876712e-06,0.2513096106229144,0.27232901926182884,0.32711386020893807,0.02101940863891444
0.48000000000000087,1.6323162199553802,0.2,E,C,4.2051767451705653e-07,2.090831463227484e-06,0.2555845474322925,0.2781538410017302,0.33402526986351094,0.02256929356943771
0.5000000000000009,1.6652911949458875,0.2,E,C,2.658270006164073e-07,1.5323592653925867e-06,0.25980118617163217,0.28395514638102487,0.3407904395668831,0.0241539602093927
-0.5,0.6156971967642851,0.3,E,P,0.0008051815199694613,0.0009977136860735922,0.41117945893440927,0.42362316341394307,0.5604504757089821,0.012443704479533801
-0.48,0.6281351051896408,0.3,E,P,0.0009319444276693206,0.0011427587915004264,0.4045093423772307,0.416554431187892,0.550157470513895,0.012045088810661297
-0.45999999999999996,0.6408242760323187,0.3,E,P,0.0010791828934443156,0.0013098073749930783,0.39773258882241513,0.40938304257540464,0.5396529765162769,0.01165045375298951
-0.43999999999999995,0.6537697851298473,0.3,E,P,0.0012503271422967157,0.0015023793552647205,0.39084427232740676,0.40210414988039545,0.5289233645763386,0.011259877552988684
-0.41999999999999993,0.6669768108584745,0.3,E,P,0.0014494132600157362,0.001724597760876376,0.38383912059596226,0.3947125628426842,0.5179535640571604,0.010873442246721932
-0.3999999999999999,0.6804506362045877,0.3,E,P,0.0016811987473005253,0.0019813019164343056,0.37671148878368665,0.38720272355450897,0.5067268642797299,0.01049123477082231
-0.3799999999999999,0.6941966508779789,0.3,E,P,0.0019513026406077461,0.0022781845772807115,0.3694553333788166,0.3795686817574441,0.49522468639960954,0.01011334837862754
-0.3599999999999999,0.7082203534678,0.3,E,P,0.002266376226454644,0.0026219589014005004,0.362064187537172,0.3718040719951184,0.48342632278190906,0.00973988445794638
-0.33999999999999986,0.7225273536420722,0.3,E,P,0.0026343121263819793,0.0030205628658491832,0.3545311400957024,0.363902094978885,0.4713086421100035,0.00937095488318257
-0.31999999999999984,0.7371233743916278,0.3,E,P,0.0030645018853191,0.003483411050132989,0.34684882179793974,0.35585550688448625,0.45884576103059116,0.009006685086546506
-0.2999999999999998,0.7520142543193827,0.3,E,P,0.0035681554014786693,0.004021706862704463,0.33900940429967724,0.34765662240849127,0.44600868821269934,0.008647218108814025
-0.2799999999999998,0.7672059499758558,0.3,E,P,0.004158699948233896,0.004648832632503975,0.33100462070659614,0.3392973407082427,0.4327649561811568,0.008292720001646547
-0.2599999999999998,0.7827045382418684,0.3,E,P,0.004852282683020358,0.005380841045732975,0.3228258214134786,0.3307692085339895,0.41907827345604476,0.007943387120510903
-0.23999999999999977,0.7985162187593772,0.3,E,P,0.005668409192642708,0.006237079949975294,0.3144640869939169,0.32206354309466323,0.40490826004542285,0.007599456100746305
-0.21999999999999975,0.8146473164114147,0.3,E,P,0.006630762941141665,0.0072409947185835925,0.30591043269970486,0.3131716503999418,0.3902103829294859,0.007261217700236966
-0.19999999999999973,0.8311042838521258,0.3,E,P,0.00776826816484312,0.00842116985974283,0.29715615989923067,0.30408519620447777,0.3749363014777465,0.006929036305247105
-0.17999999999999972,0.847893704087916,0.3,E,P,0.00911648425475969,0.00981269681946001,0.2881934437788401,0.2947968216482719,0.35903499384608706,0.006603377869431826
-0.1599999999999997,0.8650222931107415,0.3,E,P,0.010719456355479716,0.01145899135710079,0.27901630270336014,0.28530115333313305,0.3424553105554976,0.006284850629772909
-0.13999999999999968,0.8824969025845957,0.3,E,P,0.012632198890076381,0.013414235630493708,0.26962218748782607,0.2755964529970484,0.32515106312408026,0.00597426550922231
-0.11999999999999966,0.9003245225862658,0.3,E,P,0.014924059225744392,0.015746690652555566,0.2600145820372016,0.26568730936772167,0.3070905060461608,0.005672727330520044
-0.09999999999999964,0.9185122844014576,0.3,E,P,0.01768329410152034,0.01854321100112189,0.25020725481360306,0.25558902965682134,0.2882732186926665,0.005381774843218279
-0.07999999999999963,0.9370674633774037,0.3,E,P,0.021023262486394422,0.02191536770372113,0.2402311816947024,0.2453347801373251,0.2687589397370967,0.005103598442622703
-0.05999999999999961,0.9559974818331002,0.3,E,P,0.025090587270355572,0.026007542375651855,0.23014567206206407,0.2349870521743889,0.2487143585918818,0.004841380112324822
-0.03999999999999959,0.9753099120283331,0.3,E,P,0.03007514404695509,0.031006882177554953,0.22005565604550056,0.22465547262299937,0.22848323293660958,0.004599816577498805
-0.019999999999999574,0.9950124791926827,0.3,E,P,0.03621999253216236,0.03715330599590613,0.21013649723339486,0.21452237737993046,0.2086769555736318,0.004385880146535598
4.440892098500626e-16,1.0151130646157194,0.3,E,C,0.04382482911614767,0.0447410910606535,0.20066336197098328,0.20486306466342297,0.19025594155749834,0.0041997026924396885
0.020000000000000462,1.0356197087996237,0.3,E,C,0.033026720775854085,0.03390911778053203,0.19202910431952638,0.19610433516295245,0.17451798660644346,0.004075230843426064
0.04000000000000048,1.0565406146754948,0.3,E,C,0.023935232097996955,0.02476414776923202,0.1847126427108361,0.18873186753404833,0.16286073353272465,0.004019224823212236
0.0600000000000005,1.077884150884632,0.3,E,C,0.01672975136544861,0.017487833661020937,0.1791579768931976,0.1832050363178161,0.15627443095769578,0.004047059424618499
0.08000000000000052,1.0996588551261035,0.3,E,C,0.011365950939319518,0.012041039723404067,0.1755984682343434,0.1797650614854047,0.15484415895058404,0.004166593251061279
0.10000000000000053,1.1218734375719388,0.3,E,C,0.007582724452764089,0.008169481628102073,0.17396402213745515,0.1783399587275852,0.15772732913137436,0.004375936590130053
0.12000000000000055,1.1445367843513152,0.3,E,C,0.005013679882368754,0.005513340133038232,0.17395434395477896,0.17862170149299983,0.16363830148975883,0.004667357538220868
0.14000000000000057,1.1676579611051259,0.3,E,C,0.0033066487935111103,0.0037253218602309518,0.1751909007715287,0.18022343800596638,0.1713721941225098,0.005032537234437667
0.1600000000000006,1.1912462166123587,0.3,E,C,0.002183322443540341,0.002529859862001359,0.17732782497220786,0.18279303562759086,0.18004511712849378,0.005465210655382996
0.1800000000000006,1.2153109864897313,0.3,E,C,0.0014458381956616944,0.0017300607710936777,0.18009311248614193,0.1860546127738845,0.1890956146798793,0.0059615002877425605
0.20000000000000062,1.2398618969660624,0.3,E,C,0.0009609242340942485,0.0011924651739296083,0.18328788217571024,0.1898072626285181,0.19819833658179994,0.006519380452807866
0.22000000000000064,1.2649087687328926,0.3,E,C,0.0006410232636224274,0.0008287034584424754,0.1867713942422138,0.19390943457711618,0.20717769686025142,0.007138040334902368
0.24000000000000066,1.2904616208728907,0.3,E,C,0.00042914507632838846,0.0005807083593198399,0.19044519978593502,0.19826256123412594,0.2159462564392332,0.007817361448190924
0.2600000000000007,1.3165306748676224,0.3,E,C,0.00028824554092302075,0.00041030649407671686,0.1942404964924561,0.2027980204623546,0.22446623695705023,0.008557523969898506
0.2800000000000007,1.3431263586862776,0.3,E,C,0.00019418600897799456,0.00029229035484513603,0.198109010791577,0.2074677242585303,0.23272694128798332,0.0093587134669533
0.3000000000000007,1.3702593109569976,0.3,E,C,0.00013117210359621313,0.00020990882046169557,0.2020166833083336,0.21223758495325407,0.240731915778125,0.010220901644920455
0.32000000000000073,1.3979403852224679,0.3,E,C,8.88206899322524e-05,0.00015195119840564,0.20593935551925127,0.2170830397661507,0.24849177847519022,0.011143684246899432
0.34000000000000075,1.426180654281481,0.3,E,C,6.02738287650814e-05,0.00011085971779630498,0.20985982568744188,0.22198599255831988,0.2560202667068445,0.012126166870878002
0.36000000000000076,1.4549914146182026,0.3,E,C,4.09817431997903e-05,8.150197364323379e-05,0.21376582779879214,0.22693272175424672,0.2633320953711257,0.01316689395545459
0.3800000000000008,1.484384190920915,0.3,E,C,2.7913577453154082e-05,6.036747872737904e-05,0.21764863163375628,0.23191244966169416,0.2704418288951499,0.014263818027937886
0.4000000000000008,1.5143707406920492,0.3,E,C,1.904279277612319e-05,4.503810654268679e-05,0.221502062969371,0.23691636928501464,0.2773633183819307,0.015414306315643639
0.4200000000000008,1.5449630589513395,0.3,E,C,1.3009826189547132e-05,3.383656375913334e-05,0.22532181039459373,0.24193699114577116,0.28410945162312834,0.016615180751177433
0.44000000000000083,1.5761733830339923,0.3,E,C,8.89982622896981e-06,2.559140094737083e-05,0.22910492966160934,0.24696771558473998,0.2906920737791523,0.017862785923130647
0.46000000000000085,1.6080141974857842,0.3,E,C,6.0955229959612604e-06,1.9478855368651176e-05,0.23284948566847466,0.25200256384246195,0.2971219985133431,0.019153078173987287
0.48000000000000087,1.6404982390570453,0.3,E,C,4.1794189575152385e-06,1.4915702755656106e-05,0.2365542913905291,0.2570360195970309,0.3034090644202878,0.020481728206501765
0.5000000000000009,1.6736385017975308,0.3,E,C,2.868517069532513e-06,1.1486202663915199e-05,0.24021871583717222,0.2620629452603032,0.30956221150773033,0.021844229423130995
-0.5,0.6187833918061408,0.4,E,P,0.0014796093114441077,0.0015643720767370634,0.3888866282179636,0.39225810482011003,0.5273444048364851,0.003371476602146428
-0.48,0.631283645506926,0.4,E,P,0.001683805452389687,0.0017751570592304691,0.382786130959603,0.3860416272199493,0.5177424156307863,0.003255496260346269
-0.45999999999999996,0.6440364210831413,0.4,E,P,0.001917049634257653,0.0020154146207930785,0.3765928306418272,0.3797343531453669,0.5079440837309579,0.0031415225035397176
-0.43999999999999995,0.6570468198150569,0.4,E,P,0.002183659425037456,0.00228947567558314,0.3703027674707672,0.3733323183515923,0.49793710890435294,0.003029550880825127
-0.41999999999999993,0.6703200460356393,0.4,E,P,0.0024886367987251314,0.0026023532161460316,0.3639117433012054,0.3668313219034911,0.48770797884011996,0.0029195786022856995
-0.3999999999999999,0.6838614092123558,0.4,E,P,0.0028377872495481595,0.002959860714565874,0.3574153115412545,0.3602269164490333,0.47724182536269777,0.0028116049077788197
-0.3799999999999999,0.6976763260710311,0.4,E,P,0.00323786249184711,0.003368753968345005,0.3508087699908219,0.3535144015201199,0.4665222665078687,0.002705631529298036
-0.3599999999999999,0.7117703227626098,0.4,E,P,0.003696732234785255,0.0038369018539395994,0.34408715852187005,0.3466888217980702,0.4555312362911073,0.00260166327620015
-0.33999999999999986,0.7261490370736909,0.4,E,P,0.004223592045025519,0.004373492969560761,0.3372452644205561,0.33974497320411484,0.4442488066328386,0.002499708783558763
-0.31999999999999984,0.740818220681718,0.4,E,P,0.004829216333745235,0.004989287165591982,0.330277639560012,0.3326774210393358,0.4326530103319878,0.0023997814793237926
-0.2999999999999998,0.7557837414557256,0.4,E,P,0.005526268213731697,0.005696923662395791,0.32317863557935894,0.3254805364275939,0.42071968129527637,0.00230190084823495
-0.2799999999999998,0.7710515858035664,0.4,E,P,0.006329681630721219,0.00651130110403901,0.3159424662514414,0.3181485603543645,0.40842234019136003,0.0022060941029231063
-0.2599999999999998,0.7866278610665536,0.4,E,P,0.007257136150356919,0.007450049862174162,0.3085633107601101,0.31067570918126486,0.3957321731091671,0.0021123984211547375
-0.23999999999999977,0.8025187979624786,0.4,E,P,0.008329651594887244,0.008534123703820734,0.3010354785085581,0.3030563424888504,0.3826181821079663,0.0020208639802922757
-0.21999999999999975,0.818730753077982,0.4,E,P,0.009572339082430858,0.009788547281568446,0.2933536666471422,0.295285224777963,0.3690476367425869,0.0019315581308207985
-0.19999999999999973,0.8352702114112722,0.4,E,P,0.011015357868493614,0.011243368739718231,0.28551335778778,0.2873579290090161,0.3549870355086163,0.001844571221236102
-0.17999999999999972,0.8521437889662116,0.4,E,P,0.012695144879836065,0.012934884217465576,0.27751143054757954,0.27927145540144366,0.34040391175049817,0.0017600248538641172
-0.1599999999999997,0.8693582353988061,0.4,E,P,0.014656007123854604,0.014907224345154112,0.2693470944974708,0.27102517827211076,0.32527001242009607,0.0016780837746399602
-0.13999999999999968,0.8869204367171577,0.4,E,P,0.016952196665910427,0.017214422419428388,0.2610233208686215,0.26262229414468935,0.30956666780530867,0.0015989732760678388
-0.11999999999999966,0.9048374180359599,0.4,E,P,0.01965062110507186,0.019923117391322763,0.25254903029171594,0.25407203536550865,0.29329357915022014,0.0015230050737927159
-0.09999999999999964,0.9231163463866361,0.4,E,P,0.022834368436542494,0.02311607124103401,0.2439424279232629,0.24539304424510916,0.2764827653792956,0.0014506163218462598
-0.07999999999999963,0.9417645335842489,0.4,E,P,0.02660721067907635,0.026896666821194157,0.23523604264203946,0.23661847164077138,0.2592198927511265,0.0013824289987319216
-0.05999999999999961,0.9607894391523235,0.4,E,P,0.031099109740172697,0.03139441332074888,0.22648418442691393,0.22780352472609508,0.24167520156091554,0.0013193402991811543
-0.03999999999999959,0.9801986733067557,0.4,E,P,0.03647228384575365,0.03677102470231285,0.21777350437781273,0.21903616188223057,0.22414457739428742,0.0012626575044178412
-0.019999999999999574,1.0000000000000004,0.4,E,P,0.04292621501357016,0.04322546275942331,0.20923662766598597,0.21045091458908133,0.20709564344968742,0.001214286923095359
4.440892098500626e-16,1.0202013400267562,0.4,E,C,0.05069754759078016,0.050993745865024795,0.20106636963639846,0.20224268964529352,0.1912008020437866,0.0011763200088950598
0.020000000000000462,1.0408107741923887,0.4,E,C,0.03984580933873564,0.04013540901172605,0.19352247860139812,0.19467618943498805,0.17731858793597607,0.0011537108335899215
0.04000000000000048,1.06183654654536,0.4,E,C,0.030413765716764025,0.030692990633172417,0.18691514405477616,0.18806541689729406,0.166370905704018,0.0011502728425178965
0.0600000000000005,1.083287067674959,0.4,E,C,0.022571175151215997,0.022836408721086207,0.18154915931627513,0.18271945010861104,0.15909745827473973,0.0011702907923359096
0.08000000000000052,1.1051709180756482,0.4,E,C,0.016353438268111156,0.016601380906728636,0.1776364578717963,0.17885288468666005,0.15577984604635445,0.0012164268148637525
0.10000000000000053,1.1274968515793762,0.4,E,C,0.011639492022485182,0.011867350246450652,0.1752255274057298,0.17651436149206673,0.15612638362819606,0.0012888340863369263
0.12000000000000055,1.150273798857228,0.4,E,C,0.00819246941929253,0.008398271538192736,0.17419963789912815,0.17558540861639205,0.15941898853788491,0.0013857707172638956
0.14000000000000057,1.173510870991811,0.4,E,C,0.005734210697157936,0.005917084751479495,0.17433915724786295,0.1758442108357603,0.16480044149984763,0.0015050535878973481
0.1600000000000006,1.1972173631218108,0.4,E,C,0.004006898841565853,0.004167099174630821,0.1753967976555367,0.17704189762274278,0.1715054196138901,0.0016450999672060762
0.1800000000000006,1.2214027581601705,0.4,E,C,0.0028019117593802738,0.002940600234036831,0.1771473079878156,0.1789525234961299,0.17895671616579722,0.0018052155083142785
0.20000000000000062,1.2460767305873814,0.4,E,C,0.001963221811635583,0.0020821505765186124,0.1794069942300091,0.18139246895868658,0.18676293606059483,0.0019854747286774665
0.22000000000000064,1.2712491503214056,0.4,E,C,0.001379142999599314,0.0014803610593647162,0.18203464107897505,0.18422115943745224,0.1946769139816914,0.0021865183584771908
0.24000000000000066,1.2969300866657727,0.4,E,C,0.0009715300363831819,0.0010571636318075287,0.18492489204844564,0.18733428235629956,0.20255080740431905,0.0024093903078539203
0.2600000000000007,1.3231298123374378,0.4,E,C,0.0006862750579265056,0.0007583843034450096,0.1880001832111573,0.19065561093496533,0.21030076877215778,0.0026554277238080293
0.2800000000000007,1.3498588075760038,0.4,E,C,0.00048604500955440463,0.0005465410838119257,0.19120363790807096,0.1941298261478072,0.2178825730645375,0.002926188239736227
0.3000000000000007,1.377127764335958,0.4,E,C,0.00034507378090069035,0.000395678548182442,0.1944935061129903,0.1977169043323209,0.22527587236429325,0.0032233982193305977
0.32000000000000073,1.4049475905635949,0.4,E,C,0.00024553847407221964,0.0002877715910687459,0.19783903601286268,0.20138794695990495,0.2324743742748643,0.0035489109470422664
0.34000000000000075,1.4333294145603412,0.4,E,C,0.00017507156250196081,0.00021025424365569604,0.20121748026992864,0.205122148276693,0.23947983425491357,0.003904668006764367
0.36000000000000076,1.4622845894342258,0.4,E,C,0.00012506088385205486,0.0001543289946448036,0.20461194394502932,0.20890460381603596,0.24629842521214368,0.004292659871006632
0.3800000000000008,1.4918246976412712,0.4,E,C,8.948805637453352e-05,0.0001138097854600404,0.20800983850862304,0.21272472199004377,0.252938565048409,0.00471488348142074
0.4000000000000008,1.521961555618635,0.4,E,C,6.41329303086219e-05,8.432807799361009e-05,0.21140176705755917,0.21657506285906214,0.2594096314071481,0.0051732958015029695
0.4200000000000008,1.5527072185113373,0.4,E,C,4.602681331683127e-05,6.278592645536115e-05,0.21478071547430275,0.22045047873408677,0.2657212142696663,0.005669763259784022
0.44000000000000083,1.584073984994483,0.4,E,C,3.3075172619727056e-05,4.697753255902635e-05,0.2181414611867256,0.22434746899817165,0.27188269376364643,0.006206007811446063
0.46000000000000085,1.6160744021928948,0.4,E,C,2.3796215758885578e-05,3.5326180692755944e-05,0.22148013753088455,0.2282636886133354,0.2779030139051972,0.0067835510824508505
0.48000000000000087,1.6487212707001295,0.4,E,C,1.7139037535350394e-05,2.6700547956782554e-05,0.22479391016439235,0.23219756887314935,0.2837905735993517,0.007403658708757005
0.5000000000000009,1.6820276496988877,0.4,E,C,1.2356638510566256e-05,2.028587888469685e-05,0.22808073480141003,0.23614802229836793,0.2895531869517326,0.008067287496957898
-0.5,0.6218850564650201,0.5,E,P,0.002284218344307321,0.002591434931659837,0.37310092358583835,0.3812782628955099,0.5038057429439484,0.008177339309671572
-0.48,0.6344479679482282,0.5,E,P,0.0025693373832396,0.002897995647164079,0.3674180196406056,0.3753571559884335,0.4946999122049158,0.007939136347827891
-0.45999999999999996,0.6472646670780347,0.5,E,P,0.002891288036076876,0.0032426029964594304,0.3616524906626306,0.3693561277815704,0.4854093829730058,0.007703637118939788
-0.43999999999999995,0.660340280704983,0.5,E,P,0.003255073464514127,0.0036302861151446095,0.3558010735485832,0.3632719499291518,0.4759229757119822,0.007470876380568592
-0.41999999999999993,0.6736800392488678,0.5,E,P,0.003666428790829305,0.004066798398839898,0.3498603413947248,0.3571012344730249,0.46622849528444454,0.007240893078300059
-0.3999999999999999,0.6872892787909722,0.5,E,P,0.004131940273967597,0.004558734691716773,0.3438267036970846,0.35084043502387985,0.4563126317079749,0.007013731326795225
-0.3799999999999999,0.7011734432085724,0.5,E,P,0.004659186892258718,0.00511367051219601,0.3376964110712106,0.3444858527052427,0.4461608581517335,0.006789441634032056
-0.3599999999999999,0.71533808635256,0.5,E,P,0.005256909333836103,0.005740328249273126,0.331465566601164,0.338033649041405,0.43575733098996533,0.006568082440240985
-0.33999999999999986,0.7297888742690568,0.5,E,P,0.005935212725373434,0.006448776578734353,0.32513014681517066,0.3314798688836162,0.4250848000422602,0.006349722068445529
-0.31999999999999984,0.7445315874659095,0.5,E,P,0.006705811170078525,0.007250671071977912,0.3186860365600661,0.32482047777609885,0.4141245422614364,0.006134441216032738
-0.2999999999999998,0.7595721232249686,0.5,E,P,0.007582324457623306,0.008159546241259042,0.31212908388778293,0.3180514200544651,0.40285634003028875,0.005922336166682141
-0.2799999999999998,0.7749164979610811,0.5,E,P,0.0085806403417091,0.009191172273128686,0.3054551837420866,0.31116870671074276,0.3912585373358007,0.005713522968656182
-0.2599999999999998,0.7905708496287358,0.5,E,P,0.009719359808553998,0.01036399369955734,0.2986604031424869,0.30416854606554605,0.379308225558516,0.005508142923059178
-0.23999999999999977,0.8065414401773271,0.5,E,P,0.011020348111532388,0.011699672573855999,0.29174116630295355,0.2970475361686322,0.3669816386323004,0.005306369865678673
-0.21999999999999975,0.8228346580560186,0.5,E,P,0.01250942143289693,0.013223765767542793,0.28469452658727823,0.28980294651648114,0.3542548795043759,0.005108419929202912
-0.19999999999999973,0.8394570207692076,0.5,E,P,0.014217208311881854,0.014966575249886486,0.27751856470452974,0.28243312947417326,0.3411051625712563,0.004914564769643526
-0.17999999999999972,0.8564151774836137,0.5,E,P,0.016180236839664245,0.016964222058730962,0.2702129709776204,0.2749381206530349,0.3275128484059579,0.004725149675414486
-0.1599999999999997,0.8737159116880346,0.5,E,P,0.0184423130527354,0.019260009138707162,0.262779896466222,0.2673205150786586,0.3134646769496913,0.004540618612436598
-0.13999999999999968,0.8913661439068317,0.5,E,P,0.021056271707482862,0.021906154128310568,0.2552251963853272,0.2595867455597079,0.298958780072386,0.004361549174380697
-0.11999999999999966,0.9093729344682318,0.5,E,P,0.024086193259901686,0.02496598622490348,0.2475602425711382,0.25174894426142946,0.2840122677244953,0.004188701690291258
-0.09999999999999964,0.9277434863285532,0.5,E,P,0.027610178502945303,0.02851669980271878,0.2398045493919586,0.24382763781610764,0.26867239003329346,0.0040230884241490295
-0.07999999999999963,0.9464851479534842,0.5,E,P,0.03172372665994388,0.03265271370064056,0.2319895275378157,0.23585559821639468,0.2530323473165747,0.00386607067857897
-0.05999999999999961,0.9656054162575668,0.5,E,P,0.036543612505244204,0.03748953849696673,0.22416370852960613,0.22788320128563386,0.2372524322722015,0.0037194927560277313
-0.03999999999999959,0.9851119396030631,0.5,E,P,0.04221178390614557,0.043167686202885934,0.21639965037478034,0.21998550968788588,0.22158570193647883,0.0035858593131055383
-0.019999999999999574,1.0050125208594014,0.5,E,P,0.0488980095545756,0.049855374394306685,0.20880217704203247,0.21227072673326985,0.20640375296694496,0.003468549691237388
4.440892098500626e-16,1.0253151205244293,0.5,E,C,0.056798604761848524,0.057761534183511536,0.2015161676333111,0.20493848652010713,0.1922113831719963,0.003422318886796033
0.020000000000000462,1.0460278599087174,0.5,E,C,0.04592540354099283,0.04686853861654706,0.19472938852722477,0.1980820264449302,0.17962981162112734,0.003352637917705431
0.04000000000000048,1.067159024384193,0.5,E,C,0.03627836961799864,0.03718952078822642,0.1886625795802394,0.19197906262154352,0.16932358500305758,0.003316483041304108
0.0600000000000005,1.0887170666983992,0.5,E,C,0.02801133028679068,0.028878508155912502,0.18353900997833622,0.1868595007814319,0.16186199197467832,0.0033204908030956826
0.08000000000000052,1.1107106103557058,0.5,E,C,0.021190415957107456,0.022002972857006527,0.1795353373261239,0.18290525953833187,0.15755310715624873,0.003369922212207971
0.10000000000000053,1.133148453066827,0.5,E,C,0.015768891750210765,0.016518595814741202,0.17673380627692117,0.18020124047193192,0.15633910125010106,0.003467434195010749
0.12000000000000055,1.1560395702680224,0.5,E,C,0.011598182614641218,0.012279929309472888,0.175104094659178,0.17871698308720535,0.15782635283860516,0.0036128884280273443
0.14000000000000057,1.1793931187113913,0.5,E,C,0.0084698027451538,0.00908177859426661,0.17452485865087627,0.178329138158712,0.16143050376570656,0.0038042795078357117
0.1600000000000006,1.2032184401276962,0.5,E,C,0.00616348756273341,0.006706801577504783,0.17482729194873034,0.17886629750435631,0.16654219893103844,0.004039005555625974
0.1800000000000006,1.2275250649631784,0.5,E,C,0.004480795945966003,0.004958779998401135,0.17583547533893382,0.18015024017078496,0.17263683527981563,0.004314764831851142
0.20000000000000062,1.252322716191865,0.5,E,C,0.00325954514401964,0.003676975300169634,0.17739090855383163,0.1820208370091655,0.17931434219084685,0.004629928455333859
0.22000000000000064,1.2776213132048875,0.5,E,C,0.0023748217749837677,0.0027372365276097507,0.17936205144445008,0.18434562163260873,0.18629324336074685,0.004983570188158648
0.24000000000000066,1.3034309757783697,0.5,E,C,0.0017337192762612629,0.002046904849195714,0.18164472383911912,0.18702007324343298,0.19338634152553452,0.005375349404313862
0.2600000000000007,1.3297620281214746,0.5,E,C,0.001268469634915136,0.0015381111288260538,0.18415849469485734,0.18996385281216477,0.20047445520957224,0.005805358117307424
0.2800000000000007,1.356625003006225,0.5,E,C,0.0009301300938023872,0.001161596964715404,0.18684205036423537,0.1931160267556048,0.20748475292157137,0.0062739763913694235
0.3000000000000007,1.3840306459807525,0.5,E,C,0.0006835012318385721,0.0008817304204636101,0.18964888251122192,0.19643063048252343,0.21437488885665426,0.006781747971301516
0.32000000000000073,1.4119899196676602,0.5,E,C,0.0005032881856699105,0.0006727334833311811,0.1925437304473476,0.19987300641371605,0.22112209377510902,0.007329275966368454
0.34000000000000075,1.4405140081492183,0.5,E,C,0.0003712935059375387,0.0005159174685557874,0.19549980855852214,0.20341694396932558,0.22771593358706604,0.007917135410803439
0.36000000000000076,1.4696143214411455,0.5,E,C,0.000274397706144781,0.00039768941358188684,0.19849670573685657,0.20704250545162547,0.2341536002289965,0.008545799714768904
0.3800000000000008,1.499302500056768,0.5,E,C,0.00020311730692586653,0.0003081246682909688,0.201518814782522,0.21073439383189022,0.24043688740443028,0.009215579049368205
0.4000000000000008,1.5295904196633798,0.5,E,C,0.00015057776621700151,0.0002399469588106939,0.20455416356948533,0.2144807332879426,0.24657026505966462,0.009926569718457262
0.4200000000000008,1.560490195832668,0.5,E,C,0.00011178164518867018,0.00018779896470814394,0.20759354497799307,0.21827215927965501,0.2525596627371983,0.010678614301661948
0.44000000000000083,1.5920141888871024,0.5,E,C,8.308612232456749e-05,0.0001477193403735767,0.21062986716091725,0.2221011399153496,0.25841170777327804,0.011471272754432355
0.46000000000000085,1.6241750088442308,0.5,E,C,6.182893072288086e-05,0.00011676646445411483,0.21365766597169,0.22596147072297038,0.26413325450964115,0.012303804751280373
0.48000000000000087,1.6569855204608521,0.5,E,C,4.60597084733722e-05,9.274669840057408e-05,0.2166727369438449,0.2298479003497859,0.26973109933272743,0.013175163405940993
0.5000000000000009,1.6904588483790928,0.5,E,C,3.434642373073569e-05,7.401732442725988e-05,0.2196718557571258,0.2337558559256514,0.27521181408130846,0.014084000168525596
-0.5,0.6250022682827009,0.6,E,P,0.0031873406352787527,0.0037801505651089136,0.3611605066975931,0.3728455897224178,0.48592509827830976,0.011685083024824738
-0.48,0.6376281516217733,0.6,E,P,0.0035542242581243265,0.004184657483849852,0.3558038535526707,0.3671862712065597,0.47720118336009004,0.011382417653889032
-0.45999999999999996,0.6505090947233165,0.6,E,P,0.003964966444591695,0.0046349119422526295,0.35037253108065836,0.3614547428750519,0.4683021836507319,0.01108221179439356
-0.43999999999999995,0.6636502501363195,0.6,E,P,0.004425111457487837,0.0051364807028735785,0.34486380872873523,0.35564834531290906,0.45921790362393805,0.010784536584173832
-0.41999999999999993,0.6770568744981649,0.6,E,P,0.004940964813288003,0.005695678370044373,0.3392748465582757,0.3497643169673416,0.4499373025159907,0.010489470409065893
-0.3999999999999999,0.6907343306373548,0.6,E,P,0.005519710900246537,0.006319681995496767,0.33360270235192463,0.34379980277265376,0.44044843131636635,0.010197100420729133
-0.3799999999999999,0.7046880897187136,0.6,E,P,0.0061695518051747365,0.007016666366885242,0.3278443441240653,0.33775186854506745,0.43073837529913495,0.009907524421002123
-0.3599999999999999,0.7189237334319263,0.6,E,P,0.00689987190866243,0.007795964445965598,0.3219966701830838,0.3316175233993275,0.420793208701493,0.009620853216243674
-0.33999999999999986,0.7334469562242893,0.6,E,P,0.00772143396847918,0.008668258564792555,0.31605653972091635,0.3253937532995809,0.41059797168373385,0.009337213578664572
-0.31999999999999984,0.7482635675785654,0.6,E,P,0.008646613907190829,0.009645809462366315,0.3100208180663113,0.3190775700640583,0.4001366849132818,0.00905675199774697
-0.2999999999999998,0.7633794943368534,0.6,E,P,0.00968968345660302,0.010742732153994426,0.30388644237566886,0.3126660818435966,0.389392424776043,0.008779639467927758
-0.2799999999999998,0.778800783071405,0.6,E,P,0.010867152322154992,0.011975330104506729,0.2976505158551837,0.3061565935014611,0.37834749343905055,0.008506077646277421
-0.2599999999999998,0.7945336025033343,0.6,E,P,0.012198184781691435,0.013362502391363417,0.29131044190717265,0.2995467487434791,0.36698373433537285,0.00823630683630644
-0.23999999999999977,0.8105842459701873,0.6,E,P,0.013705109822089672,0.014926242693213073,0.28486411429736297,0.29283473072123867,0.35528306727617603,0.007970616423875698
-0.21999999999999975,0.8269591339433626,0.6,E,P,0.015414049250575665,0.01669225423462112,0.2783101861504906,0.28601954478239877,0.34322835117788797,0.007709358631908192
-0.19999999999999973,0.8436648165963839,0.6,E,P,0.017355694849575592,0.018690711423560148,0.2716484501293412,0.2791014169254316,0.33080472985019266,0.007452966796090421
-0.17999999999999972,0.860707976425058,0.6,E,P,0.019566273523514328,0.020957206806254527,0.2648803756295124,0.27208235546262155,0.31800168115616156,0.007201979833109162
-0.1599999999999997,0.8780954309205616,0.6,E,P,0.02208874790744426,0.02353393057408864,0.25800986752901706,0.2649669427468925,0.3048160746043123,0.006957075217875419
-0.13999999999999968,0.8958341352965286,0.6,E,P,0.024974307157770645,0.026471137365173054,0.2510443361661316,0.2577634498132914,0.2912566446080317,0.0067191136471598245
-0.11999999999999966,0.9139311852712285,0.6,E,P,0.02828420384983614,0.029828956900314896,0.2439961999054654,0.2504853995530846,0.2773503907410173,0.0064891996476191816
-0.09999999999999964,0.9323938199059486,0.6,E,P,0.0320919773770115,0.03367959069000293,0.236884976433448,0.2431537400028627,0.2631514774606131,0.006268763569414693
-0.07999999999999963,0.9512294245007143,0.6,E,P,0.0364860498162097,0.038109884983720435,0.2297401439635522,0.23579981521227045,0.2487531203758959,0.006059671248718257
-0.05999999999999961,0.9704455335485086,0.6,E,P,0.041572544439322366,0.04322413859953517,0.22260493461870615,0.22846930153427958,0.234302507295838,0.005864366915573432
-0.03999999999999959,0.9900498337491686,0.6,E,P,0.047477887429781,0.04914672163095637,0.21554108271334121,0.2212271325794436,0.2200176550555153,0.005686049866102383
-0.019999999999999574,1.0100501670841686,0.6,E,P,0.054350211042365607,0.056023548534500554,0.2086341455870757,0.21416301605497248,0.20620277144140534,0.005528870467896796
4.440892098500626e-16,1.0304545339535174,0.6,E,C,0.0623577188465241,0.06402605382504986,0.20199813672968173,0.20741393603794786,0.19325487780436623,0.005415799308266134
0.020000000000000462,1.0512710963760246,0.6,E,C,0.05147984931485679,0.05312087038550756,0.19577674336018255,0.2010947055392287,0.18164996162878208,0.005317962179046148
0.04000000000000048,1.072508181254217,0.6,E,C,0.04168677022810446,0.043282261215661824,0.19013681053007142,0.19539721668389096,0.17189534372971124,0.005260406153819536
0.0600000000000005,1.0941742837052109,0.6,E,C,0.033117116918410676,0.03464874767169155,0.1852498560277622,0.1905004458533738,0.16444326077559815,0.005250589825611607
0.08000000000000052,1.116278070458872,0.6,E,C,0.025848682232863053,0.02729952476237459,0.18126190917813034,0.18655682590380734,0.15958385466510402,0.005294916725677001
0.10000000000000053,1.1388283833246224,0.6,E,C,0.019875947544270894,0.02123203702524499,0.1782609919632386,0.18365851699065083,0.15736311201383918,0.0053975250274122255
0.12000000000000055,1.161834242728284,0.6,E,C,0.015108879868099263,0.0163604012165288,0.1762578970907444,0.18181760604169245,0.15757300971648602,0.005559708950948039
0.14000000000000057,1.1853048513203663,0.6,E,C,0.01139513465394262,0.012536920084800732,0.17519039702627076,0.18097068684752415,0.15982137428445897,0.005780289821253393
0.1600000000000006,1.2092495976572524,0.6,E,C,0.008554037602029548,0.009585326088416482,0.1749465403930389,0.18100315038924217,0.16364030166063298,0.006056609996203277
0.1800000000000006,1.233678059956744,0.6,E,C,0.0064070755434560795,0.007330740281155535,0.17539329222338743,0.18177884063479452,0.1685805139348271,0.006385548411407094
0.20000000000000062,1.2586000099294787,0.6,E,C,0.004796652659846474,0.0056182043868337455,0.17639910931356106,0.18316330090641705,0.1742649856562784,0.006764191592855989
0.22000000000000064,1.2840254166877425,0.6,E,C,0.003593287508468436,0.004319907362816631,0.1778467317497943,0.18503686025675192,0.18040460391092863,0.007190128506957633
0.24000000000000066,1.3099644507332484,0.6,E,C,0.0026953138678064087,0.0033350527453483176,0.17963790782389194,0.18729940178525256,0.1867910968424227,0.0076614939613606214
0.2600000000000007,1.3364274880254732,0.6,E,C,0.0020250913633544747,0.0025862738561765243,0.18169329400807874,0.18987018228369243,0.1932810761464483,0.008176888275613692
0.2800000000000007,1.3634251141321787,0.6,E,C,0.0015242831871998873,0.0020150987361487044,0.1839501591555647,0.19268541361615038,0.1997793161073199,0.008735254460585679
0.3000000000000007,1.3909681284637814,0.6,E,C,0.0011494424545294805,0.0015776857904941858,0.1863594611284078,0.19569521445659258,0.206224664452756,0.009335753328184787
0.32000000000000073,1.4190675485932585,0.6,E,C,0.0008683462812280643,0.001241267771333468,0.18888305147527634,0.19886070438001097,0.2125793394778411,0.009977652904734624
0.34000000000000075,1.4477346146633256,0.6,E,C,0.0006571268221020447,0.0009813595086868186,0.19149129090123268,0.20215152784316973,0.2188212516225349,0.010660236941937046
0.36000000000000076,1.476980793882644,0.6,E,C,0.0004980968606033887,0.0007796347862345155,0.19416112678218242,0.20554385935834968,0.22493867661122371,0.01138273257616726
0.3800000000000008,1.5068177851128548,0.6,E,C,0.00037813014834028793,0.0006223395572915966,0.1968745885733715,0.20901884419029215,0.23092663417006687,0.012144255616920646
0.4000000000000008,1.5372575235482826,0.6,E,C,0.00028746568214406957,0.0004991162051062584,0.1996176282339305,0.21256139988032993,0.23678445711667132,0.012943771646399427
0.4200000000000008,1.5683121854901703,0.6,E,C,0.00021882843307635783,0.00040213544530088804,0.2023792328285445,0.21615930403817682,0.24251417317689342,0.013780071209632316
0.44000000000000083,1.5999941932173616,0.6,E,C,0.00016678340747561157,0.000325455670442107,0.20515074678567174,0.21980250429993697,0.24811943477986276,0.014651757514265229
0.46000000000000085,1.6323162199553805,0.6,E,C,0.00012726074626524125,0.00026454948809220906,0.207925353711963,0.22348259884017296,0.2536048157640644,0.015557245128209968
0.48000000000000087,1.665291194945888,0.6,E,C,9.720594122346463e-05,0.0002159529437389985,0.2106976790034308,0.22719244715825998,0.2589753528400715,0.01649476815482917
0.5000000000000009,1.6989323086185522,0.6,E,C,7.432159494096206e-05,0.00017700482023890506,0.2134634838173778,0.23092588012743503,0.26423624998389666,0.01746239631005722
-0.5,0.6281351051896408,0.7,E,P,0.004166674881387667,0.004933226078162232,0.3517283484547854,0.36376473432134654,0.47173410415667666,0.012036385866561139
-0.48,0.6408242760323187,0.7,E,P,0.004614826127196137,0.0054261382383334975,0.3466374606789987,0.3583829708789952,0.46331818197659225,0.011745510199996478
-0.45999999999999996,0.6537697851298473,0.7,E,P,0.005113192439469113,0.0059712764576890735,0.3414783735443687,0.35293517622514037,0.4547354673705088,0.01145680268077165
-0.43999999999999995,0.6669768108584745,0.7,E,P,0.005667753261354993,0.006574626849701567,0.3362487793966388,0.34741911790604774,0.445976646483233,0.011170338509408961
-0.41999999999999993,0.6804506362045878,0.7,E,P,0.006285267091351063,0.007242938975675069,0.3309463023643092,0.3418325035755368,0.4370317087387105,0.010886201211227575
-0.3999999999999999,0.6941966508779789,0.7,E,P,0.006973386736018248,0.007983837953448595,0.32556851022048433,0.33617299451671795,0.4278899132764219,0.010604484296233618
-0.3799999999999999,0.7082203534678001,0.7,E,P,0.0077407946090008875,0.008805956093503155,0.32011293211442204,0.3304382254207948,0.41853976690709416,0.010325293306372774
-0.3599999999999999,0.7225273536420723,0.7,E,P,0.008597362235898364,0.009719088133647762,0.3145770842748686,0.3246258326303764,0.40896902117774536,0.010048748355507842
-0.33999999999999986,0.7371233743916278,0.7,E,P,0.009554339135712813,0.01073437513800739,0.3089585065408148,0.31873349384084587,0.3991646996150712,0.009774987300031068
-0.31999999999999984,0.7520142543193827,0.7,E,P,0.010624577534528354,0.011864523391261903,0.3032548136129481,0.31275898333516783,0.38911317117451444,0.009504169722219735
-0.2999999999999998,0.7672059499758559,0.7,E,P,0.011822801000785432,0.013124066229713497,0.2974637663529996,0.30670024832095066,0.378800292961325,0.009236481967951071
-0.2799999999999998,0.7827045382418683,0.7,E,P,0.01316592716467761,0.014529678797629791,0.2915833704454907,0.3005555140067518,0.36821165523065963,0.008972143561261081
-0.2599999999999998,0.7985162187593773,0.7,E,P,0.014673457299992632,0.016100558304592946,0.28561201249542817,0.29432342792463434,0.3573329756096483,0.00871141542920617
-0.23999999999999977,0.8146473164114147,0.7,E,P,0.016367948808518464,0.017858885593286297,0.27954864746575364,0.28800325798630594,0.3461507088129808,0.008454610520552297
-0.21999999999999975,0.8311042838521259,0.7,E,P,0.01827559062634577,0.019830387784693808,0.2733930566605731,0.2815951642690426,0.33465296450747095,0.008202107608469456
-0.19999999999999973,0.8478937040879161,0.7,E,P,0.02042690623401488,0.022045026427386216,0.2671462027469841,0.27510057209315836,0.32283086112850545,0.007954369346174273
-0.17999999999999972,0.8650222931107415,0.7,E,P,0.02285761400256134,0.024537840667203575,0.2608107181794534,0.2685226841975229,0.31068048849540975,0.007711966018069505
-0.1599999999999997,0.8824969025845957,0.7,E,P,0.025609679168283953,0.027349979641298285,0.25439157641300264,0.26186718332955283,0.2982057061275361,0.007475606916550193
-0.13999999999999968,0.9003245225862659,0.7,E,P,0.02873259371678973,0.030529960583660837,0.24789701164980618,0.2551431935297336,0.2854220612993095,0.007246181879927399
-0.11999999999999966,0.9185122844014577,0.7,E,P,0.032284915400937544,0.03413518468028301,0.24133977150672878,0.24836458771321346,0.2723621542876749,0.00702481620648468
-0.09999999999999964,0.9370674633774038,0.7,E,P,0.03633607605882862,0.03823372281170717,0.2347388037375932,0.24155174648596636,0.25908276997359286,0.0068129427483731575
-0.07999999999999963,0.9559974818331003,0.7,E,P,0.04096841548909616,0.042906331492830546,0.2281214818422692,0.23473387689099753,0.24567395966887337,0.00661239504872832
-0.05999999999999961,0.9753099120283331,0.7,E,P,0.04627928114346244,0.04824854682535607,0.22152643996994373,0.22795196389017497,0.23226986225974816,0.006425523920231241
-0.03999999999999959,0.9950124791926828,0.7,E,P,0.05238281129406258,0.05437248705747183,0.21500696568359176,0.22126230055830795,0.21906020005735688,0.00625533487471619
-0.019999999999999574,1.0151130646157194,0.7,E,P,0.05941063909078884,0.06140762117442902,0.20863460797270816,0.21474023984036275,0.20629985012955426,0.006105631867654587
4.440892098500626e-16,1.0356197087996237,0.7,E,C,0.0675102052273036,0.06949691908234303,0.20250209830928717,0.20847631485336518,0.19431162826005327,0.005974216544078009
0.020000000000000462,1.0565406146754948,0.7,E,C,0.05663745871034113,0.058598920689922354,0.19672383231813426,0.2026042222789806,0.18347503847944627,0.005880389960846333
0.04000000000000048,1.077884150884632,0.7,E,C,0.04674060283723719,0.04865821641167345,0.19143131545199735,0.1972549709465943,0.17419322205724286,0.005823655494596958
0.0600000000000005,1.0996588551261035,0.7,E,C,0.03794505854726192,0.03979980543612573,0.18676106398072032,0.19257158218608642,0.16683516270537316,0.0058105182053661
0.08000000000000052,1.121873437571939,0.7,E,C,0.03033206678303142,0.03210580751158409,0.18283483172874776,0.18868165200996767,0.1616627864209746,0.005846820281219911
0.10000000000000053,1.144536784351315,0.7,E,C,0.023919780618022215,0.0255966848219599,0.17973690257598754,0.18567372101228743,0.15876832393149848,0.0059368184362998955
0.12000000000000055,1.1676579611051259,0.7,E,C,0.01865721799735857,0.020224999844713237,0.17749745649074652,0.18358004036052541,0.1580520856576229,0.00608258386977889
0.14000000000000057,1.191246216612359,0.7,E,C,0.01443505946309011,0.01588571634914936,0.17608976685923128,0.1823737873378768,0.15925352455025066,0.006284020478645513
0.1600000000000006,1.2153109864897316,0.7,E,C,0.011108480984205648,0.012438400535564054,0.17544169028637077,0.18198112405127614,0.1620193959260677,0.006539433764905372
0.1800000000000006,1.2398618969660626,0.7,E,C,0.008522098665897636,0.009731612944628563,0.1754546972994595,0.1823009999952841,0.1659768245293233,0.006846302695824591
0.20000000000000062,1.2649087687328926,0.7,E,C,0.006529019891840353,0.0076216243705895794,0.1760222372795325,0.18322416453538995,0.17078638634678955,0.007201927255857443
0.22000000000000064,1.2904616208728907,0.7,E,C,0.005001360714362083,0.00598283140006272,0.17704269041663112,0.18464650975344915,0.17616820158894286,0.00760381933681803
0.24000000000000066,1.3165306748676227,0.7,E,C,0.0038336599838096857,0.0047112350214544175,0.1784262375671321,0.18647610130125433,0.18190686459527533,0.008049863734122226
0.2600000000000007,1.3431263586862776,0.7,E,C,0.002941950682469519,0.0037236581086396584,0.1800971611455587,0.1886354929475645,0.18784458993440636,0.008538331802005777
0.2800000000000007,1.3702593109569976,0.7,E,C,0.002260844487183014,0.0029549945979537137,0.18199346822358273,0.19106128964812788,0.19387000777414776,0.009067821424545153
0.3000000000000007,1.397940385222468,0.7,E,C,0.0017401001187993044,0.002354926772384289,0.1840652778613944,0.19370244828181368,0.19990685611449366,0.009637170420419283
0.32000000000000073,1.4261806542814812,0.7,E,C,0.001341408150202824,0.0018848306309833824,0.18627284063320826,0.19651820887357543,0.20590437914375714,0.010245368240367175
0.34000000000000075,1.4549914146182026,0.7,E,C,0.0010356696719838803,0.0015151458268718918,0.18858462740748466,0.19947610448690667,0.21182986114834707,0.010891477079422007
0.36000000000000076,1.4843841909209154,0.7,E,C,0.000800813429158829,0.00122325883627755,0.19097566517757894,0.20255023150656148,0.21766310805317507,0.011574566328982544
0.3800000000000008,1.5143707406920495,0.7,E,C,0.0006200969963268938,0.0009918502476132349,0.19342616293581968,0.20571982389366195,0.22339249239623896,0.012293660957842262
0.4000000000000008,1.5449630589513397,0.7,E,C,0.00048080717953235413,0.0008076263249800477,0.195920409740969,0.20896811279171348,0.22901217290905454,0.013047703050744486
0.4200000000000008,1.5761733830339923,0.7,E,C,0.00037327520444515553,0.0006603544800453407,0.19844590517328486,0.21228143044682646,0.23452016378785265,0.013835525273541593
0.44000000000000083,1.6080141974857842,0.7,E,C,0.0002901339968166405,0.0005421330937815395,0.20099267882389338,0.21564851375734176,0.23991700495239374,0.01465583493344838
0.46000000000000085,1.6404982390570455,0.7,E,C,0.00022575908040807754,0.00044683954192119665,0.20355275953764446,0.21905996685009627,0.24520485171507733,0.01550720731245181
0.48000000000000087,1.673638501797531,0.7,E,C,0.00017584771623588963,0.0003697127411492339,0.20611976158545264,0.22250784856148562,0.25038685484333295,0.016388086976032973
0.5000000000000009,1.707448242254213,0.7,E,C,0.00013710176434561416,0.0003070369117636964,0.2086885614657088,0.22598535723666838,0.25546674078361326,0.017296795770959578
-0.5,0.631283645506926,0.8,E,P,0.005206118918428588,0.005487070342976343,0.34404497743202483,0.3478206882634489,0.4601145630913798,0.003775710831424084
-0.48,0.6440364210831413,0.8,E,P,0.005734348224576603,0.0060301806974585185,0.3391770874850631,0.3428553705675842,0.45195546027535755,0.0036782830825211055
-0.45999999999999996,0.6570468198150567,0.8,E,P,0.006318567774838887,0.0066298579477719445,0.3342464091342834,0.3378285172622875,0.44363692401441623,0.0035821081280041356
-0.43999999999999995,0.6703200460356393,0.8,E,P,0.0069651124493137866,0.0072924317158007445,0.32925097969670253,0.3327381799857487,0.4351504394076912,0.0034872002890461995
-0.41999999999999993,0.6838614092123559,0.8,E,P,0.0076811063768018745,0.008025015831173935,0.32418880019631,0.32758237704012183,0.42648692467629806,0.0033935768438118075
-0.3999999999999999,0.697676326071031,0.8,E,P,0.008474575408759063,0.008835619924910361,0.3190578505363362,0.3223591091402211,0.41763672148914116,0.0033012586038849157
-0.3799999999999999,0.7117703227626098,0.8,E,P,0.009354578530513342,0.009733279828838754,0.31385611074765485,0.3170663813704011,0.4085896010359575,0.0032102706227462585
-0.3599999999999999,0.726149037073691,0.8,E,P,0.010331362005358606,0.010728210556259655,0.30858159032457605,0.3117022333965574,0.3993347938811418,0.003120643071981344
-0.33999999999999986,0.7408182206817179,0.8,E,P,0.011416540927544253,0.011831986516523004,0.3032323683372546,0.3062647806687844,0.3898610549187838,0.003032412331529788
-0.31999999999999984,0.7557837414557256,0.8,E,P,0.012623313961832307,0.013057754714386057,0.2978066479277355,0.3007522702828417,0.38015677930034586,0.0029456223551062033
-0.2999999999999998,0.7710515858035664,0.8,E,P,0.013966718422556588,0.014420488056592731,0.29230283004193863,0.2951631564334038,0.3702101914763719,0.002860326391465162
-0.2799999999999998,0.7866278610665535,0.8,E,P,0.015463934551996369,0.015937287591508833,0.28671961294157255,0.28949620211040583,0.36000963807204034,0.0027765891688332767
-0.2599999999999998,0.8025187979624787,0.8,E,P,0.017134649952982497,0.017627744600077697,0.281056126337281,0.28375061602305435,0.349544026937501,0.002694489685773349
-0.23999999999999977,0.818730753077982,0.8,E,P,0.01900149765206135,0.019514375977206407,0.2753121120955001,0.2779262368960933,0.3388034702317273,0.0026141248005931983
-0.21999999999999975,0.8352702114112722,0.8,E,P,0.021090584200103683,0.02162314927704477,0.2694881676579255,0.2720237815352799,0.3277802096801208,0.0025356138773544035
-0.19999999999999973,0.8521437889662116,0.8,E,P,0.023432127410104274,0.023984117000643446,0.2635860738777729,0.2660451787129897,0.3164699277935556,0.00245910483521683
-0.17999999999999972,0.869358235398806,0.8,E,P,0.02606122636539683,0.026632182765141448,0.2576092362177484,0.25999401828230445,0.3048735795738264,0.002384782064556057
-0.1599999999999997,0.8869204367171577,0.8,E,P,0.029018788235165707,0.029608023950885912,0.2515632773241364,0.2538761541475694,0.2929999126704393,0.0023128768234330077
-0.13999999999999968,0.9048374180359599,0.8,E,P,0.03235263518920683,0.03295919427584985,0.24545682957889764,0.24770051048886876,0.28086887329224386,0.002243680909971124
-0.11999999999999966,0.9231163463866361,0.8,E,P,0.03611880637150484,0.036741421583512936,0.23930258687396253,0.2414801514754241,0.26851610518011826,0.002177564601461568
-0.09999999999999964,0.9417645335842489,0.8,E,P,0.04038304719364978,0.041020093710444086,0.23311868156367985,0.2352336815683402,0.25599870958469273,0.002115000004660361
-0.07999999999999963,0.9607894391523235,0.8,E,P,0.04522242848885155,0.045871876009784755,0.22693044632318243,0.2289870372509731,0.24340229199336283,0.0020565909277906746
-0.05999999999999961,0.9801986733067557,0.8,E,P,0.05072694114667619,0.05138630779524953,0.2207725834241955,0.22277569328051755,0.23084899131069256,0.002003109856322044
-0.03999999999999959,1.0000000000000004,0.8,E,P,0.057000740104492506,0.057667053964409534,0.21469166372117698,0.21664720470998422,0.2185055556280767,0.001955540988807236
-0.019999999999999574,1.0202013400267562,0.8,E,P,0.06416243895209357,0.06483221607066966,0.20874866679230278,0.21066379137285796,0.2065894931773856,0.0019151245805551775
4.440892098500626e-16,1.0408107741923887,0.8,E,C,0.07234349054224813,0.07301202005891999,0.20302090367372277,0.2049022650311351,0.19536992203495035,0.00188136135741232
0.020000000000000462,1.06183654654536,0.8,E,C,0.06148200452627325,0.062145543654280495,0.1976021428400134,0.1994622373216959,0.18515840073980427,0.001860094481682506
0.04000000000000048,1.083287067674959,0.8,E,C,0.0515093025907895,0.052163045142001284,0.19259928008060728,0.1944506305988433,0.17628491045163322,0.0018513505182360113
0.0600000000000005,1.1051709180756482,0.8,E,C,0.04253954609274981,0.04317848394784296,0.18812396897652647,0.18998120788258688,0.16905714874698397,0.0018572389060604044
0.08000000000000052,1.1274968515793762,0.8,E,C,0.03465367360747454,0.0352728039757753,0.1842789847410949,0.18615866547414708,0.16370865841407012,0.001879680733052197
0.10000000000000053,1.1502737988572278,0.8,E,C,0.02788371914204271,0.028478290723868257,0.18114190544331266,0.18306203101203192,0.1603508580969421,0.0019201255687192609
0.12000000000000055,1.173510870991811,0.8,E,C,0.022205124081116974,0.02277090293217958,0.17875151544582707,0.1807308767647455,0.15894858358767702,0.0019793613189184323
0.14000000000000057,1.197217363121811,0.8,E,C,0.017541030945062194,0.01807455317716451,0.1771024795761511,0.17915999569166646,0.15933121255001959,0.0020575161155153565
0.1600000000000006,1.2214027581601705,0.8,E,C,0.013777110953805806,0.014275874284822179,0.17615020559164557,0.17830444954664243,0.16123445429934663,0.0021542439549968595
0.1800000000000006,1.2460767305873814,0.8,E,C,0.010780904833105587,0.011243454948710778,0.1758229469669957,0.17809193411575222,0.16435420815425636,0.002268987148756507
0.20000000000000062,1.2712491503214054,0.8,E,C,0.00841917972385472,0.008845077921287508,0.17603581562935824,0.17843701715458518,0.16839317735882217,0.002401201525226937
0.22000000000000064,1.2969300866657727,0.8,E,C,0.006569682524780641,0.006959377951266719,0.1767024221078771,0.1792529142985176,0.17309024209919316,0.0025504921906405187
0.24000000000000066,1.323129812337438,0.8,E,C,0.005126962897148798,0.005481612297544166,0.1777424156538205,0.18045908262597937,0.17823262323182532,0.00271666697215886
0.2600000000000007,1.349858807576004,0.8,E,C,0.004003772487289473,0.004325048405330305,0.1790852132004842,0.181984951167868,0.18365604076352157,0.0028997379673837975
0.2800000000000007,1.3771277643359578,0.8,E,C,0.0031298859477223344,0.003419800923292434,0.18067104638478895,0.18377094507596983,0.1892386175605844,0.00309989869118088
0.3000000000000007,1.4049475905635949,0.8,E,C,0.0024497763866519924,0.002710536430823152,0.18245046769370815,0.18576796126954098,0.1948926813509128,0.0033174935758328306
0.32000000000000073,1.4333294145603412,0.8,E,C,0.0019200220550482545,0.0021539125091272074,0.1843831461858428,0.187936133887066,0.2005567782424707,0.003552987701223198
0.34000000000000075,1.4622845894342256,0.8,E,C,0.001506887159684023,0.0017161884393633387,0.18643645400309694,0.19024339349020383,0.20618888332983135,0.003806939487106892
0.36000000000000076,1.4918246976412715,0.8,E,C,0.0011842509798967163,0.0013711793974194115,0.1885841032462063,0.19266407994234508,0.21176104012663166,0.004079976696138771
0.3800000000000008,1.5219615556186348,0.8,E,C,0.0009319173245432712,0.0010985857647209053,0.1908049444650364,0.1951777196720591,0.21725531142521545,0.0043727752070227
0.4000000000000008,1.5527072185113373,0.8,E,C,0.0007342721667300889,0.0008826658690853266,0.19308195763738226,0.19776799746415175,0.22266080457648557,0.004686039826769489
0.4200000000000008,1.584073984994483,0.8,E,C,0.000579235044099633,0.0007111985352406664,0.19540142792395598,0.20042191441361806,0.2279715248130134,0.005020486489662079
0.44000000000000083,1.6160744021928948,0.8,E,C,0.0004574476600681607,0.000574679700033362,0.19775228299896214,0.2031291083583297,0.23318484416097224,0.005376825359367565
0.46000000000000085,1.6487212707001295,0.8,E,C,0.00036164925326454775,0.0004657033859895612,0.2001255649322524,0.20588130945730287,0.2383004180154307,0.005755744525050482
0.48000000000000087,1.6820276496988877,0.8,E,C,0.00028619689050093906,0.0003784857862686441,0.20251401107144598,0.20867190521585527,0.24331942285139246,0.006157894144409287
0.5000000000000009,1.7160068621848599,0.8,E,C,0.00022669728481139695,0.0003084995342587848,0.20491172183876447,0.21149559286027553,0.24824402238725432,0.006583871021511062
-0.5,0.6344479679482282,0.9,E,P,0.006293741549897638,0.007044667606476381,0.3376409758977342,0.34611214830728926,0.45037615839532014,0.008471172409555083
-0.48,0.6472646670780345,0.9,E,P,0.006900505209577129,0.007689193463327265,0.3329643760539354,0.3412410898810846,0.44243665141068306,0.008276713827149174
-0.45999999999999996,0.6603402807049829,0.9,E,P,0.007568532126896254,0.008396343957878201,0.3282296082341584,0.3363136410745339,0.4343443688176316,0.008084032840375455
-0.43999999999999995,0.6736800392488677,0.9,E,P,0.008304451102509346,0.009172727835594908,0.3234349968309572,0.3313281751968705,0.42609152472080325,0.0078931783659133
-0.41999999999999993,0.6872892787909722,0.9,E,P,0.009115685141191912,0.010025735478812341,0.31857885513862905,0.3262830609208753,0.417669880068067,0.007704205782246232
-0.3999999999999999,0.7011734432085724,0.9,E,P,0.01001056094184555,0.010963646286381084,0.3136595028285758,0.3211766809865422,0.4090707523106167,0.0075171781579663755
-0.3799999999999999,0.71533808635256,0.9,E,P,0.010998436274165248,0.011995753628409132,0.3086752895410926,0.3160074572916181,0.40028504371777207,0.007332167750525531
-0.3599999999999999,0.7297888742690569,0.9,E,P,0.012089848706135171,0.013132510792334831,0.3036246264919178,0.31077388433564135,0.39130329646508116,0.0071492578437235554
-0.33999999999999986,0.7445315874659094,0.9,E,P,0.013296689911933736,0.01438570209440111,0.2985060285972443,0.3054745736103305,0.38211578563807475,0.0069685450130861915
-0.31999999999999984,0.7595721232249686,0.9,E,P,0.014632410732551877,0.015768644264889213,0.2933181704277367,0.300108312361189,0.3727126653764601,0.006790141933452287
-0.2999999999999998,0.7749164979610811,0.9,E,P,0.016112263316106407,0.01729642436129307,0.2880599603784819,0.2946741412562706,0.36308418885978366,0.0066141808777887
-0.2799999999999998,0.7905708496287357,0.9,E,P,0.017753588064831582,0.018986181854935075,0.2827306388770593,0.2891714569779977,0.3532210301152264,0.006440818100938384
-0.2599999999999998,0.8065414401773271,0.9,E,P,0.019576154783889348,0.020857444197812883,0.2773299083609286,0.28360014772240055,0.3431147451810033,0.006270239361471974
-0.23999999999999977,0.8228346580560185,0.9,E,P,0.021602569356613685,0.02293252710354509,0.27185810528039633,0.27796077219280585,0.3327584224616759,0.006102666912409516
-0.21999999999999975,0.8394570207692076,0.9,E,P,0.023858759387878428,0.025237012900432017,0.26631642768950514,0.272254796081768,0.32214758751772044,0.0059383683922628605
-0.19999999999999973,0.8564151774836137,0.9,E,P,0.02637455435130299,0.0278003224339686,0.2607072362407915,0.26648490441759726,0.31128144599291496,0.00577766817680575
-0.17999999999999972,0.8737159116880346,0.9,E,P,0.029184377371326536,0.030656397649592625,0.2550344517121088,0.2606554136235291,0.3001645689097542,0.005620961911420308
-0.1599999999999997,0.8913661439068316,0.9,E,P,0.0323280658998555,0.0338445122308682,0.2493040784903644,0.25477281362265825,0.28880914423704224,0.005468735132293845
-0.13999999999999968,0.9093729344682316,0.9,E,P,0.03585183535952928,0.03741022469337249,0.24352489018623646,0.2488464772708325,0.27723793091426435,0.005321587084596041
-0.11999999999999966,0.9277434863285532,0.9,E,P,0.039809389956775194,0.041406478836349035,0.2377093192339996,0.24288958024329185,0.2654880435393024,0.005180261009292253
-0.09999999999999964,0.9464851479534842,0.9,E,P,0.04426316249235276,0.04589483469593623,0.23187459345807368,0.23692027564763068,0.253615644637506,0.005045682189557005
-0.07999999999999963,0.9656054162575668,0.9,E,P,0.04928562064275217,0.05094676976538706,0.22604415209937748,0.23096315679445886,0.24170148911666692,0.004919004695081386
-0.05999999999999961,0.985111939603063,0.9,E,P,0.054960496861162104,0.05664491136762955,0.22024933874215338,0.2250510053606966,0.22985699728579986,0.004801666618543227
-0.03999999999999959,1.0050125208594014,0.9,E,P,0.061383665502841696,0.06308392945104514,0.21453128789656536,0.2192267388539107,0.21823006327213726,0.004695450957345332
-0.019999999999999574,1.0253151205244293,0.9,E,P,0.06866319131969217,0.07037062175259087,0.20894276735048825,0.21354531152293008,0.20700909020554428,0.004602544172441825
4.440892098500626e-16,1.0460278599087174,0.9,E,C,0.07691782230587063,0.07863529979069966,0.20354948596948763,0.20810911725241746,0.19642283890430734,0.004559631282929827
0.020000000000000462,1.067159024384193,0.9,E,C,0.0660716429570158,0.06777541179976843,0.1984300431453289,0.2029319950097741,0.1867328884358352,0.004501951864445214
0.04000000000000048,1.0887170666983992,0.9,E,C,0.05604258171083477,0.05772056586578739,0.1936734081989114,0.198140302283061,0.178215551935756,0.004466894084149603
0.0600000000000005,1.1107106103557056,0.9,E,C,0.04693521335563239,0.04857484580922554,0.1893728798634216,0.19383091182376774,0.17113204150865602,0.004458031960346137
0.08000000000000052,1.1331484530668268,0.9,E,C,0.03882843250791598,0.040417244746281285,0.1856162992305057,0.19009504222470483,0.1656902462887499,0.00447874299419912
0.10000000000000053,1.1560395702680222,0.9,E,C,0.03176244258350423,0.03328876363162459,0.18247400397614827,0.18700581933558608,0.16200754863083996,0.0045318153594378074
0.12000000000000055,1.1793931187113913,0.9,E,C,0.02573082879887903,0.02718448946501322,0.17998789448728947,0.18460701553870812,0.16008776139334704,0.004619121051418651
0.14000000000000057,1.2032184401276962,0.9,E,C,0.020681175284805432,0.022054090291194102,0.17816551867156621,0.1829070031568771,0.15982208559522829,0.004741484485310893
0.1600000000000006,1.2275250649631784,0.9,E,C,0.016524358054402687,0.017810879179164192,0.17698130276622592,0.181880094575882,0.1610140541159716,0.004898791809656078
0.1800000000000006,1.252322716191865,0.9,E,C,0.01314906314672545,0.014346056590333604,0.17638393089136745,0.1814742021794287,0.16341817897308322,0.005090271288061249
0.20000000000000062,1.2776213132048873,0.9,E,C,0.010436688919035186,0.011543362747832372,0.1763066253602134,0.18162144326942464,0.1667784927265945,0.0053148179092112335
0.22000000000000064,1.3034309757783697,0.9,E,C,0.00827301774959663,0.009290577094521628,0.1766769509202014,0.18224821149563997,0.170857198881134,0.00557126057543858
0.24000000000000066,1.3297620281214748,0.9,E,C,0.006555356801846879,0.007486579009694155,0.17742414598188713,0.1832826778049551,0.1754504827880505,0.005858531823067975
0.2600000000000007,1.356625003006225,0.9,E,C,0.005195647278561873,0.006044453368114556,0.17848353969530784,0.1846592876603341,0.1803935458279735,0.0061757479650262626
0.2800000000000007,1.3840306459807523,0.9,E,C,0.004120790505486465,0.004891860968959367,0.1797985589681207,0.18632078567301125,0.18555875453396284,0.006522226704890555
0.3000000000000007,1.4119899196676602,0.9,E,C,0.003271418860145353,0.003969875566074205,0.1813211193121275,0.18821858814336004,0.19085044007369803,0.006897468831232545
0.32000000000000073,1.440514008149218,0.9,E,C,0.0026000045706165605,0.0032311624045000312,0.1830111054070435,0.19031222843798865,0.19619873679263886,0.007301123030945156
0.34000000000000075,1.4696143214411455,0.9,E,C,0.002068843934634679,0.002638025915820206,0.18483543751099266,0.19256838277076846,0.20155375739594533,0.007732945259775803
0.36000000000000076,1.4993025000567681,0.9,E,C,0.0016481901138131975,0.002160595706026857,0.18676702309249882,0.19495978179833226,0.20688064963210923,0.008192758705833442
0.3800000000000008,1.5295904196633798,0.9,E,C,0.0013146438635212878,0.0017752595903343456,0.18878375155232505,0.1974641686990603,0.21215565252122476,0.008680417146735259
0.4000000000000008,1.560490195832668,0.9,E,C,0.0010498228509688461,0.001463365361729167,0.19086760194919597,0.20006337472249297,0.21736306837377348,0.009195772773297
0.4200000000000008,1.5920141888871024,0.9,E,C,0.0008392884429153073,0.0012101717956961445,0.19300388454796613,0.20274253327154756,0.22249299477173015,0.009738648723581433
0.44000000000000083,1.6241750088442306,0.9,E,C,0.0006716932098959003,0.0010040138066071732,0.19518061237598744,0.20548942860137448,0.22753965327998935,0.01030881622538704
0.46000000000000085,1.6569855204608521,0.9,E,C,0.0005381099121735293,0.0008356440042586001,0.19738798836561575,0.2082939644948137,0.23250017128508527,0.010905976129197942
0.48000000000000087,1.6904588483790928,0.9,E,C,0.0004315060866896112,0.0006977159965557922,0.19961799048229842,0.21114773508068344,0.23737370074849734,0.011529744598385017
0.5000000000000009,1.7246083823764369,0.9,E,C,0.0003463337385902034,0.000584379915909134,0.2018640376570756,0.21404368039431212,0.2421607841336393,0.012179642737236512
-0.5,0.6376281516217733,1.0,E,P,0.007420493944586595,0.008626988220520137,0.3322076918484838,0.34396679052794343,0.4420657394445697,0.011759098679459623
-0.48,0.6505090947233165,1.0,E,P,0.008104079497883014,0.009368176791028656,0.32769801414858457,0.33920954662745045,0.434317701274584,0.011511532478865882
-0.45999999999999996,0.6636502501363194,1.0,E,P,0.008853766314109567,0.010177394281980997,0.32313417783871434,0.3343999185505474,0.42642299316485394,0.011265740711833061
-0.43999999999999995,0.6770568744981648,1.0,E,P,0.009676428644937535,0.011061476125485742,0.31851474991271655,0.32953655090699147,0.4183744974316611,0.01102180099427491
-0.41999999999999993,0.6907343306373548,1.0,E,P,0.010579736185890764,0.012028034738005624,0.3138383064054982,0.32461810669489055,0.4101647429600301,0.01077980028939235
-0.3999999999999999,0.7046880897187136,1.0,E,P,0.011572260494477295,0.013085562977961356,0.30910345144916584,0.3196432880545811,0.4017859304570032,0.010539836605415243
-0.3799999999999999,0.7189237334319263,1.0,E,P,0.012663598303161583,0.01424355407285763,0.304308842378326,0.3146108634336658,0.39322997827105993,0.010302021055339783
-0.3599999999999999,0.7334469562242893,1.0,E,P,0.013864514889204607,0.015512641114237316,0.2994532226607019,0.30951970302787596,0.384488596747245,0.010066480367174058
-0.33999999999999986,0.7482635675785653,1.0,E,P,0.015187111327729336,0.01690475987357384,0.2945354649671893,0.30436882492485157,0.3755534018202201,0.009833359957662269
-0.31999999999999984,0.7633794943368534,1.0,E,P,0.016645020259268985,0.01843333948683655,0.28955462740216287,0.2991574551158796,0.3664160821534925,0.009602827713716733
-0.2999999999999998,0.7788007830714051,1.0,E,P,0.01825363576946185,0.020113526511360207,0.284510026842715,0.2938851055091641,0.357068638852625,0.0093750786664491
-0.2799999999999998,0.7945336025033342,1.0,E,P,0.020030384121350754,0.02196244899208318,0.2794013345510883,0.28855167534585574,0.34750372288648806,0.009150340794767453
-0.2599999999999998,0.8105842459701874,1.0,E,P,0.02199504339856017,0.0239995284857981,0.2742287008095217,0.28315758307285555,0.3377151031226437,0.008928882263333826
-0.23999999999999977,0.8269591339433625,1.0,E,P,0.024170121573359078,0.026246849448866277,0.26899291737581604,0.27770393786106234,0.32769830754157575,0.008711020485246301
-0.21999999999999975,0.843664816596384,1.0,E,P,0.026581303998944796,0.02872959689438737,0.26369562916950423,0.2721927626776877,0.3174514917698306,0.008497133508183485
-0.19999999999999973,0.860707976425058,1.0,E,P,0.029257982597433063,0.031476574537923026,0.25833960984962495,0.26662728420463866,0.30697660215241546,0.008287674355013708
-0.17999999999999972,0.8780954309205616,1.0,E,P,0.032233879587160376,0.03452081630912926,0.252929119835224,0.26101230894102284,0.2962809138659987,0.00808318910579886
-0.1599999999999997,0.8958341352965286,1.0,E,P,0.035547777549209965,0.03790030322521281,0.2474703696557689,0.25535470933257204,0.28537903509713375,0.007884339676803132
-0.13999999999999968,0.9139311852712285,1.0,E,P,0.03924436332990801,0.04165879360629846,0.24197211569305127,0.24966404809948478,0.27429547024000556,0.00769193240643351
-0.11999999999999966,0.9323938199059486,1.0,E,P,0.04337518288696753,0.045846764708577126,0.23644641796375707,0.24395337159597819,0.2630678179057352,0.0075069536322211194
-0.09999999999999964,0.9512294245007143,1.0,E,P,0.04799968308313178,0.05052244353187004,0.23090958766731512,0.23824020097621523,0.2517506258129662,0.0073306133089001135
-0.07999999999999963,0.9704455335485086,1.0,E,P,0.05318627752183059,0.05575286685776934,0.22538334031911608,0.23254773745056984,0.2404198077529438,0.0071643971314537536
-0.05999999999999961,0.9900498337491684,1.0,E,P,0.05901330705598414,0.0616148458581748,0.21989613908862332,0.22690626526444904,0.2291773121061945,0.0070101261758257205
-0.03999999999999959,1.0100501670841686,1.0,E,P,0.06556966080496895,0.06819560810489914,0.21448464841456194,0.22135466853846514,0.21815537916261102,0.006870020123903198
-0.019999999999999574,1.0304545339535174,1.0,E,P,0.07295467491822788,0.07559274371504447,0.20919510293692953,0.21594185786283865,0.20751921949619867,0.006746754925909121
4.440892098500626e-16,1.0512710963760246,1.0,E,C,0.08127674938746018,0.08391697147497769,0.20408421988158065,0.21073796217437624,0.19746634520984033,0.006653742292795584
0.020000000000000462,1.072508181254217,1.0,E,C,0.0704486424549159,0.07307134766914594,0.19921906160696484,0.20579324045336322,0.18822030663712042,0.006574178846398382
0.04000000000000048,1.0941742837052109,1.0,E,C,0.06037738882821064,0.0629656075401437,0.1946750748170302,0.20119739999423059,0.1800166872274121,0.006522325177200389
0.0600000000000005,1.116278070458872,1.0,E,C,0.05115935429962088,0.053695349572700994,0.19053158219379568,0.19703394812369635,0.1730805347899897,0.006502365929900666
0.08000000000000052,1.1388283833246224,1.0,E,C,0.042870610846757154,0.04533663167463042,0.18686452772732648,0.1933828381668864,0.1675973802924768,0.006518310439559916
0.10000000000000053,1.1618342427282837,1.0,E,C,0.03555607774699229,0.037935270147371795,0.18373737081182792,0.1903109560831969,0.16368399651150975,0.006573585271368976
0.12000000000000055,1.1853048513203663,1.0,E,C,0.029221953662498346,0.03149930519061468,0.1811923043073968,0.18786296671361055,0.16136785418540933,0.006670662406213751
0.14000000000000057,1.2092495976572524,1.0,E,C,0.023834289810222894,0.025997446626299332,0.17924455504720882,0.18605540237887155,0.16058303302089266,0.006810847331662734
0.1600000000000006,1.233678059956744,1.0,E,C,0.019324520482032297,0.02136433279623882,0.1778816830971252,0.18487598037273345,0.16118449755692746,0.006994297275608241
0.1800000000000006,1.2586000099294787,1.0,E,C,0.015600111646822092,0.01751083210627219,0.17706783129794518,0.18428807315554727,0.16297535288653509,0.007220241857602089
0.20000000000000062,1.2840254166877423,1.0,E,C,0.012556899484155677,0.014336048570041117,0.17675105553740264,0.18423836028480908,0.1657376397020206,0.0074873047474064425
0.22000000000000064,1.3099644507332484,1.0,E,C,0.010089943359701063,0.011737925765681405,0.17687125801521297,0.18466507531153592,0.16925831622416473,0.007793817296322947
0.24000000000000066,1.3364274880254732,1.0,E,C,0.008101174982099401,0.009620758628428346,0.17736685131651747,0.18550490843131268,0.17334629722761563,0.008138057114795205
0.2600000000000007,1.363425114132179,1.0,E,C,0.006503640954309275,0.007899399567918368,0.1781793524272642,0.18669774677137857,0.17784054678098768,0.00851839434411436
0.2800000000000007,1.3909681284637812,1.0,E,C,0.005223034573560121,0.006500824276075978,0.17925596421233267,0.18818932390899593,0.1826114867966069,0.008933359696663257
0.3000000000000007,1.4190675485932585,1.0,E,C,0.004197463263259955,0.005363971134480961,0.1805506186544627,0.18993227742109925,0.18755843746258136,0.009381658766636547
0.32000000000000073,1.4477346146633256,1.0,E,C,0.0033762694965006387,0.004438647126455893,0.18202402659512124,0.19188618173086502,0.19260527567592667,0.009862155135743789
0.34000000000000075,1.4769807938826438,1.0,E,C,0.0027184728706275436,0.0036840525141256706,0.18364317953167483,0.19401701810602187,0.1976957156767688,0.010373838574347038
0.36000000000000076,1.506817785112855,1.0,E,C,0.0021911701859301165,0.0030672535044900615,0.18538060850917215,0.19629639707732546,0.20278895534298258,0.010915788568153312
0.3800000000000008,1.5372575235482826,1.0,E,C,0.0017680647473114193,0.002561771551010278,0.18721358386377918,0.198700722782667,0.2078559912777788,0.011487138918887835
0.4000000000000008,1.56831218549017,1.0,E,C,0.0014281935777793037,0.002146358185982712,0.18912335380789624,0.201210400107117,0.21287665710172582,0.01208704629922075
0.4200000000000008,1.5999941932173616,1.0,E,C,0.0011548647602464327,0.001803969068783635,0.1910944660926121,0.20380913005954557,0.2178373204760972,0.012714663966933465
0.44000000000000083,1.6323162199553805,1.0,E,C,0.0009347897265944903,0.0015209239302788043,0.1931141863137077,0.20648330724406735,0.2227291311173929,0.013369120930359663
0.46000000000000085,1.665291194945888,1.0,E,C,0.0007573845240483361,0.001286228261437168,0.19517201052826022,0.20922151692068228,0.2275467075047607,0.014049506392422056
0.48000000000000087,1.6989323086185522,1.0,E,C,0.0006142119751868867,0.0010910302540961968,0.19725926265625227,0.2120141217346348,0.23228716232077054,0.014754859078382532
0.5000000000000009,1.7332530178673968,1.0,E,C,0.0004985385948227981,0.0009281881721115868,0.19936876473271928,0.2148529256888854,0.23694938433205884,0.015484160956166115
